/* SPDX-License-Identifier: GPL-2.0 */
/*
 * Copyright (c) 2019 MediaTek Inc.
 */
/*****************************************************************************
 *
 * Filename:
 * ---------
 *	 hi3231qsub1_Sensor_setting.h
 *
 * Project:
 * --------
 * Description:
 * ------------
 *	 CMOS sensor header file
 *
 ****************************************************************************/
#ifndef _HI3231QSUB1_SENSOR_SETTING_H
#define _HI3231QSUB1_SENSOR_SETTING_H

#include "kd_camera_typedef.h"
/*
version:
20240707: copy AE10 from pre to custom5
*/
static u16 sensor_init_addr_data[] = {
0x0790,	0x0100,
0xA000,	0x67A5,
0xA002,	0xAC23,
0xA004,	0xDAA7,
0xA006,	0xA7B7,
0xA008,	0x0000,
0xA00A,	0x8793,
0xA00C,	0x78A7,
0xA00E,	0x2223,
0xA010,	0x18F5,
0xA012,	0xB7B7,
0xA014,	0x0000,
0xA016,	0x8793,
0xA018,	0x83E7,
0xA01A,	0x2623,
0xA01C,	0x20F5,
0xA01E,	0xB7B7,
0xA020,	0x0000,
0xA022,	0x8793,
0xA024,	0xBBA7,
0xA026,	0x2023,
0xA028,	0x2CF5,
0xA02A,	0xA7B7,
0xA02C,	0x0000,
0xA02E,	0x8793,
0xA030,	0x0B27,
0xA032,	0x2423,
0xA034,	0x14F5,
0xA036,	0xA7B7,
0xA038,	0x0000,
0xA03A,	0x8793,
0xA03C,	0x0DC7,
0xA03E,	0x2A23,
0xA040,	0x0EF5,
0xA042,	0xA7B7,
0xA044,	0x0000,
0xA046,	0x8793,
0xA048,	0x1D67,
0xA04A,	0x2C23,
0xA04C,	0x0EF5,
0xA04E,	0xA7B7,
0xA050,	0x0000,
0xA052,	0x8793,
0xA054,	0x2327,
0xA056,	0x2C23,
0xA058,	0x1EF5,
0xA05A,	0xA7B7,
0xA05C,	0x0000,
0xA05E,	0x8793,
0xA060,	0x2687,
0xA062,	0x2C23,
0xA064,	0x24F5,
0xA066,	0xB7B7,
0xA068,	0x0000,
0xA06A,	0x8793,
0xA06C,	0xE807,
0xA06E,	0x2023,
0xA070,	0x18F5,
0xA072,	0xA7B7,
0xA074,	0x0000,
0xA076,	0x8793,
0xA078,	0x6307,
0xA07A,	0xCD5C,
0xA07C,	0xA7B7,
0xA07E,	0x0000,
0xA080,	0x8793,
0xA082,	0x66E7,
0xA084,	0x2C23,
0xA086,	0x16F5,
0xA088,	0x67AD,
0xA08A,	0x8793,
0xA08C,	0xFA07,
0xA08E,	0x2023,
0xA090,	0x34F5,
0xA092,	0x67AD,
0xA094,	0x8793,
0xA096,	0xF187,
0xA098,	0x2223,
0xA09A,	0x34F5,
0xA09C,	0x67AD,
0xA09E,	0x8793,
0xA0A0,	0xF0C7,
0xA0A2,	0x2E23,
0xA0A4,	0x34F5,
0xA0A6,	0x67AD,
0xA0A8,	0x8793,
0xA0AA,	0xF007,
0xA0AC,	0x2223,
0xA0AE,	0x36F5,
0xA0B0,	0x8082,
0xA0B2,	0x17B7,
0xA0B4,	0x1002,
0xA0B6,	0x8793,
0xA0B8,	0xB007,
0xA0BA,	0x43DC,
0xA0BC,	0x838D,
0xA0BE,	0x8B85,
0xA0C0,	0xCF89,
0xA0C2,	0x67B1,
0xA0C4,	0x8793,
0xA0C6,	0x0007,
0xA0C8,	0xA703,
0xA0CA,	0x3247,
0xA0CC,	0xA503,
0xA0CE,	0x3BC7,
0xA0D0,	0x0593,
0xA0D2,	0x1400,
0xA0D4,	0x2303,
0xA0D6,	0x1747,
0xA0D8,	0x8302,
0xA0DA,	0x8082,
0xA0DC,	0x0637,
0xA0DE,	0x1002,
0xA0E0,	0x0793,
0xA0E2,	0x3006,
0xA0E4,	0x673D,
0xA0E6,	0xA883,
0xA0E8,	0x0687,
0xA0EA,	0xD583,
0xA0EC,	0x0647,
0xA0EE,	0x2803,
0xA0F0,	0x4247,
0xA0F2,	0x47B8,
0xA0F4,	0xD503,
0xA0F6,	0x02A7,
0xA0F8,	0xA683,
0xA0FA,	0x0A87,
0xA0FC,	0x8305,
0xA0FE,	0x8B05,
0xA100,	0x8289,
0xA102,	0x8A85,
0xA104,	0xE685,
0xA106,	0x1141,
0xA108,	0x0542,
0xA10A,	0x8141,
0xA10C,	0xC606,
0xA10E,	0xC422,
0xA110,	0xC226,
0xA112,	0x0513,
0xA114,	0x0205,
0xA116,	0xE305,
0xA118,	0x6431,
0xA11A,	0x0413,
0xA11C,	0x0004,
0xA11E,	0x2303,
0xA120,	0x3044,
0xA122,	0x4422,
0xA124,	0x40B2,
0xA126,	0x4492,
0xA128,	0x0141,
0xA12A,	0x8302,
0xA12C,	0xC745,
0xA12E,	0x67B1,
0xA130,	0xA303,
0xA132,	0x0F87,
0xA134,	0x8302,
0xA136,	0x6431,
0xA138,	0x0413,
0xA13A,	0x0004,
0xA13C,	0x6705,
0xA13E,	0x9722,
0xA140,	0x4703,
0xA142,	0xA567,
0xA144,	0xD683,
0xA146,	0x06C7,
0xA148,	0x05C2,
0xA14A,	0x0793,
0xA14C,	0x1D07,
0xA14E,	0x0786,
0xA150,	0x97A2,
0xA152,	0xD783,
0xA154,	0x0047,
0xA156,	0x81C1,
0xA158,	0xE463,
0xA15A,	0x04F6,
0xA15C,	0x67BD,
0xA15E,	0xA783,
0xA160,	0x4007,
0xA162,	0x97AE,
0xA164,	0xE463,
0xA166,	0x0507,
0xA168,	0x673D,
0xA16A,	0x2783,
0xA16C,	0x4007,
0xA16E,	0x98BE,
0xA170,	0xEE63,
0xA172,	0x0308,
0xA174,	0x2783,
0xA176,	0x4007,
0xA178,	0x95BE,
0xA17A,	0xF2E3,
0xA17C,	0xFB05,
0xA17E,	0x07B7,
0xA180,	0x1002,
0xA182,	0x8793,
0xA184,	0x3007,
0xA186,	0x47BC,
0xA188,	0x9713,
0xA18A,	0x00A7,
0xA18C,	0x59E3,
0xA18E,	0xF807,
0xA190,	0x2783,
0xA192,	0x1044,
0xA194,	0x84AA,
0xA196,	0x9782,
0xA198,	0xF063,
0xA19A,	0x02A4,
0xA19C,	0x84AA,
0xA19E,	0xA829,
0xA1A0,	0x2783,
0xA1A2,	0x6006,
0xA1A4,	0x83A1,
0xA1A6,	0x8B85,
0xA1A8,	0xF3E1,
0xA1AA,	0xBF4D,
0xA1AC,	0x8593,
0xA1AE,	0x0205,
0xA1B0,	0x84AA,
0xA1B2,	0x7363,
0xA1B4,	0x00B5,
0xA1B6,	0x84AE,
0xA1B8,	0x2783,
0xA1BA,	0x0F84,
0xA1BC,	0x9782,
0xA1BE,	0x2783,
0xA1C0,	0x3044,
0xA1C2,	0x8526,
0xA1C4,	0x9782,
0xA1C6,	0x2303,
0xA1C8,	0x0FC4,
0xA1CA,	0x4422,
0xA1CC,	0x40B2,
0xA1CE,	0x4492,
0xA1D0,	0x0141,
0xA1D2,	0x8302,
0xA1D4,	0x8082,
0xA1D6,	0x07B7,
0xA1D8,	0x1002,
0xA1DA,	0x8793,
0xA1DC,	0x3007,
0xA1DE,	0xA783,
0xA1E0,	0x0A87,
0xA1E2,	0x8389,
0xA1E4,	0x8B85,
0xA1E6,	0xCB99,
0xA1E8,	0x07B7,
0xA1EA,	0x1000,
0xA1EC,	0xD703,
0xA1EE,	0x7087,
0xA1F0,	0x76FD,
0xA1F2,	0x8693,
0xA1F4,	0x7FF6,
0xA1F6,	0x8F75,
0xA1F8,	0x9423,
0xA1FA,	0x70E7,
0xA1FC,	0x17B7,
0xA1FE,	0x1002,
0xA200,	0xD683,
0xA202,	0xA087,
0xA204,	0x777D,
0xA206,	0x0713,
0xA208,	0x7FF7,
0xA20A,	0x8F75,
0xA20C,	0x9423,
0xA20E,	0xA0E7,
0xA210,	0xD683,
0xA212,	0xA0E7,
0xA214,	0x6721,
0xA216,	0x177D,
0xA218,	0x8F75,
0xA21A,	0x9723,
0xA21C,	0xA0E7,
0xA21E,	0xD703,
0xA220,	0xA1E7,
0xA222,	0x0742,
0xA224,	0x8341,
0xA226,	0x9B79,
0xA228,	0x0742,
0xA22A,	0x8341,
0xA22C,	0x9F23,
0xA22E,	0xA0E7,
0xA230,	0x8082,
0xA232,	0x07B7,
0xA234,	0x1002,
0xA236,	0x8793,
0xA238,	0x3007,
0xA23A,	0xA783,
0xA23C,	0x0A87,
0xA23E,	0x8389,
0xA240,	0x8B85,
0xA242,	0xCB99,
0xA244,	0x07B7,
0xA246,	0x1000,
0xA248,	0xD703,
0xA24A,	0x7087,
0xA24C,	0x6685,
0xA24E,	0x8693,
0xA250,	0x8006,
0xA252,	0x8F55,
0xA254,	0x9423,
0xA256,	0x70E7,
0xA258,	0x67A5,
0xA25A,	0xA783,
0xA25C,	0xDB87,
0xA25E,	0xA783,
0xA260,	0x3247,
0xA262,	0xA303,
0xA264,	0x2247,
0xA266,	0x8302,
0xA268,	0x714D,
0xA26A,	0x17B7,
0xA26C,	0x1001,
0xA26E,	0x65A5,
0xA270,	0x8613,
0xA272,	0xE087,
0xA274,	0x8693,
0xA276,	0xE307,
0xA278,	0x8713,
0xA27A,	0xE387,
0xA27C,	0x0813,
0xA27E,	0x0301,
0xA280,	0x8793,
0xA282,	0xADC5,
0xA284,	0x2623,
0xA286,	0x1411,
0xA288,	0x2423,
0xA28A,	0x1481,
0xA28C,	0x2223,
0xA28E,	0x1491,
0xA290,	0x2023,
0xA292,	0x1521,
0xA294,	0x2E23,
0xA296,	0x1331,
0xA298,	0x2C23,
0xA29A,	0x1341,
0xA29C,	0x2A23,
0xA29E,	0x1351,
0xA2A0,	0x2823,
0xA2A2,	0x1361,
0xA2A4,	0xCA32,
0xA2A6,	0xCC36,
0xA2A8,	0xCE3A,
0xA2AA,	0x0533,
0xA2AC,	0x40F8,
0xA2AE,	0x8593,
0xA2B0,	0xBDC5,
0xA2B2,	0x0733,
0xA2B4,	0x00F5,
0xA2B6,	0x8613,
0xA2B8,	0x0407,
0xA2BA,	0xD683,
0xA2BC,	0x0007,
0xA2BE,	0x0709,
0xA2C0,	0x0789,
0xA2C2,	0x1F23,
0xA2C4,	0xFED7,
0xA2C6,	0x9AE3,
0xA2C8,	0xFEC7,
0xA2CA,	0x94E3,
0xA2CC,	0xFEB7,
0xA2CE,	0x6431,
0xA2D0,	0x0413,
0xA2D2,	0x0004,
0xA2D4,	0x6905,
0xA2D6,	0x9922,
0xA2D8,	0x2683,
0xA2DA,	0xA309,
0xA2DC,	0x0737,
0xA2DE,	0x1002,
0xA2E0,	0x0793,
0xA2E2,	0x3007,
0xA2E4,	0x4290,
0xA2E6,	0x47B4,
0xA2E8,	0x5503,
0xA2EA,	0x0026,
0xA2EC,	0x9613,
0xA2EE,	0x0146,
0xA2F0,	0x5163,
0xA2F2,	0x1A06,
0xA2F4,	0x0693,
0xA2F6,	0x02F0,
0xA2F8,	0xF463,
0xA2FA,	0x22A6,
0xA2FC,	0x2783,
0xA2FE,	0x2807,
0xA300,	0x4711,
0xA302,	0x0313,
0xA304,	0x2000,
0xA306,	0x8BFD,
0xA308,	0x8863,
0xA30A,	0x30E7,
0xA30C,	0x07B7,
0xA30E,	0x1002,
0xA310,	0x8793,
0xA312,	0x3007,
0xA314,	0xA783,
0xA316,	0x0A87,
0xA318,	0x8385,
0xA31A,	0x8B85,
0xA31C,	0x9C63,
0xA31E,	0x2807,
0xA320,	0x2737,
0xA322,	0x1001,
0xA324,	0x4783,
0xA326,	0x1007,
0xA328,	0xF793,
0xA32A,	0x0F37,
0xA32C,	0x0023,
0xA32E,	0x10F7,
0xA330,	0x07B7,
0xA332,	0x1002,
0xA334,	0x8793,
0xA336,	0x3007,
0xA338,	0x47BC,
0xA33A,	0x5713,
0xA33C,	0x0035,
0xA33E,	0x9F93,
0xA340,	0x0147,
0xA342,	0xD763,
0xA344,	0x000F,
0xA346,	0x0713,
0xA348,	0xFFF5,
0xA34A,	0x8715,
0xA34C,	0x0742,
0xA34E,	0x8341,
0xA350,	0x46FD,
0xA352,	0x100C,
0xA354,	0x87BA,
0xA356,	0xF363,
0xA358,	0x00E6,
0xA35A,	0x47FD,
0xA35C,	0x07C2,
0xA35E,	0x83C1,
0xA360,	0x1E37,
0xA362,	0x1002,
0xA364,	0x0786,
0xA366,	0x0633,
0xA368,	0x00F8,
0xA36A,	0x0893,
0xA36C,	0x41AE,
0xA36E,	0x4681,
0xA370,	0x0837,
0xA372,	0x1002,
0xA374,	0x0F13,
0xA376,	0x02F0,
0xA378,	0x0E13,
0xA37A,	0x422E,
0xA37C,	0x4E91,
0xA37E,	0x2703,
0xA380,	0x3488,
0xA382,	0x9793,
0xA384,	0x0016,
0xA386,	0x97C6,
0xA388,	0x1F93,
0xA38A,	0x0147,
0xA38C,	0xDE63,
0xA38E,	0x200F,
0xA390,	0x9713,
0xA392,	0x0016,
0xA394,	0x0FB3,
0xA396,	0x01C7,
0xA398,	0x6863,
0xA39A,	0x20AF,
0xA39C,	0xDF83,
0xA39E,	0x000F,
0xA3A0,	0xD783,
0xA3A2,	0x0007,
0xA3A4,	0x87B3,
0xA3A6,	0x03F7,
0xA3A8,	0xD713,
0xA3AA,	0x0097,
0xA3AC,	0x1363,
0xA3AE,	0x1E05,
0xA3B0,	0x2783,
0xA3B2,	0x3488,
0xA3B4,	0x9F93,
0xA3B6,	0x0147,
0xA3B8,	0xDD63,
0xA3BA,	0x1C0F,
0xA3BC,	0x07B3,
0xA3BE,	0x0267,
0xA3C0,	0x83A5,
0xA3C2,	0x9023,
0xA3C4,	0x00F5,
0xA3C6,	0x0685,
0xA3C8,	0x0589,
0xA3CA,	0x0613,
0xA3CC,	0x0406,
0xA3CE,	0x98E3,
0xA3D0,	0xFBD6,
0xA3D2,	0x2783,
0xA3D4,	0x2644,
0xA3D6,	0x102C,
0xA3D8,	0x1008,
0xA3DA,	0x9782,
0xA3DC,	0x5682,
0xA3DE,	0x17B7,
0xA3E0,	0x1001,
0xA3E2,	0x8713,
0xA3E4,	0x4047,
0xA3E6,	0xA023,
0xA3E8,	0x40D7,
0xA3EA,	0x5612,
0xA3EC,	0x2683,
0xA3EE,	0xA349,
0xA3F0,	0xA223,
0xA3F2,	0x40C7,
0xA3F4,	0x57A2,
0xA3F6,	0xC35C,
0xA3F8,	0x57B2,
0xA3FA,	0xC71C,
0xA3FC,	0xCAAD,
0xA3FE,	0x6A91,
0xA400,	0x6A41,
0xA402,	0x0993,
0xA404,	0x0141,
0xA406,	0x4481,
0xA408,	0x1AFD,
0xA40A,	0x0A13,
0xA40C,	0xC00A,
0xA40E,	0x2783,
0xA410,	0xA309,
0xA412,	0x9613,
0xA414,	0x0024,
0xA416,	0xA703,
0xA418,	0x0009,
0xA41A,	0x4394,
0xA41C,	0x97B2,
0xA41E,	0x438C,
0xA420,	0x46D0,
0xA422,	0x2783,
0xA424,	0x1004,
0xA426,	0xDB03,
0xA428,	0x0025,
0xA42A,	0xC310,
0xA42C,	0x4A94,
0xA42E,	0x855A,
0xA430,	0x0991,
0xA432,	0xC354,
0xA434,	0x9782,
0xA436,	0x7533,
0xA438,	0x0155,
0xA43A,	0x2723,
0xA43C,	0x0001,
0xA43E,	0x5793,
0xA440,	0x0085,
0xA442,	0x1723,
0xA444,	0x00A1,
0xA446,	0xE793,
0xA448,	0x0407,
0xA44A,	0x07A3,
0xA44C,	0x00F1,
0xA44E,	0x1623,
0xA450,	0x0161,
0xA452,	0x4732,
0xA454,	0x9793,
0xA456,	0x0034,
0xA458,	0x1923,
0xA45A,	0x0001,
0xA45C,	0x97D2,
0xA45E,	0xC3D8,
0xA460,	0x46C2,
0xA462,	0x2703,
0xA464,	0xA349,
0xA466,	0x0485,
0xA468,	0xC794,
0xA46A,	0xE2E3,
0xA46C,	0xFAE4,
0xA46E,	0x2083,
0xA470,	0x14C1,
0xA472,	0x2403,
0xA474,	0x1481,
0xA476,	0x2483,
0xA478,	0x1441,
0xA47A,	0x2903,
0xA47C,	0x1401,
0xA47E,	0x2983,
0xA480,	0x13C1,
0xA482,	0x2A03,
0xA484,	0x1381,
0xA486,	0x2A83,
0xA488,	0x1341,
0xA48A,	0x2B03,
0xA48C,	0x1301,
0xA48E,	0x6171,
0xA490,	0x8082,
0xA492,	0xA783,
0xA494,	0x0A87,
0xA496,	0x8385,
0xA498,	0x8B85,
0xA49A,	0xCBC1,
0xA49C,	0x2737,
0xA49E,	0x1001,
0xA4A0,	0x4683,
0xA4A2,	0x1007,
0xA4A4,	0x0793,
0xA4A6,	0x1007,
0xA4A8,	0x0313,
0xA4AA,	0x2000,
0xA4AC,	0xF693,
0xA4AE,	0x0F36,
0xA4B0,	0x0023,
0xA4B2,	0x10D7,
0xA4B4,	0x4703,
0xA4B6,	0x1017,
0xA4B8,	0x0693,
0xA4BA,	0x0220,
0xA4BC,	0x7713,
0xA4BE,	0x0FF7,
0xA4C0,	0x80A3,
0xA4C2,	0x00E7,
0xA4C4,	0x0713,
0xA4C6,	0x0440,
0xA4C8,	0x8323,
0xA4CA,	0x00E7,
0xA4CC,	0x0713,
0xA4CE,	0x0450,
0xA4D0,	0x83A3,
0xA4D2,	0x00E7,
0xA4D4,	0x9623,
0xA4D6,	0x02D7,
0xA4D8,	0x0713,
0xA4DA,	0x04B0,
0xA4DC,	0x9723,
0xA4DE,	0x02E7,
0xA4E0,	0x9E23,
0xA4E2,	0x02D7,
0xA4E4,	0x0713,
0xA4E6,	0x04F0,
0xA4E8,	0x9F23,
0xA4EA,	0x02E7,
0xA4EC,	0x0793,
0xA4EE,	0x02F0,
0xA4F0,	0xF663,
0xA4F2,	0x08A7,
0xA4F4,	0x07B7,
0xA4F6,	0x1002,
0xA4F8,	0x8793,
0xA4FA,	0x3007,
0xA4FC,	0x47BC,
0xA4FE,	0x2737,
0xA500,	0x1001,
0xA502,	0x9693,
0xA504,	0x0147,
0xA506,	0xDFE3,
0xA508,	0xE006,
0xA50A,	0x0793,
0xA50C,	0x0EF0,
0xA50E,	0xEBE3,
0xA510,	0xE0A7,
0xA512,	0x4783,
0xA514,	0x1007,
0xA516,	0xE793,
0xA518,	0x00C7,
0xA51A,	0x0023,
0xA51C,	0x10F7,
0xA51E,	0xBD09,
0xA520,	0xA783,
0xA522,	0x0A87,
0xA524,	0x8385,
0xA526,	0x8B85,
0xA528,	0xE781,
0xA52A,	0x0313,
0xA52C,	0x2000,
0xA52E,	0xBBCD,
0xA530,	0x2737,
0xA532,	0x1001,
0xA534,	0x4683,
0xA536,	0x1007,
0xA538,	0x0793,
0xA53A,	0x1007,
0xA53C,	0xF693,
0xA53E,	0x0F36,
0xA540,	0x0023,
0xA542,	0x10D7,
0xA544,	0x4703,
0xA546,	0x1017,
0xA548,	0x0693,
0xA54A,	0x0220,
0xA54C,	0x7713,
0xA54E,	0x0FF7,
0xA550,	0x80A3,
0xA552,	0x00E7,
0xA554,	0x0713,
0xA556,	0x0440,
0xA558,	0x8323,
0xA55A,	0x00E7,
0xA55C,	0x0713,
0xA55E,	0x0450,
0xA560,	0x83A3,
0xA562,	0x00E7,
0xA564,	0x9623,
0xA566,	0x02D7,
0xA568,	0x0713,
0xA56A,	0x04B0,
0xA56C,	0x9723,
0xA56E,	0x02E7,
0xA570,	0x9E23,
0xA572,	0x02D7,
0xA574,	0x0713,
0xA576,	0x04F0,
0xA578,	0x9F23,
0xA57A,	0x02E7,
0xA57C,	0x2737,
0xA57E,	0x1001,
0xA580,	0x4783,
0xA582,	0x1007,
0xA584,	0x0313,
0xA586,	0x2000,
0xA588,	0xE793,
0xA58A,	0x00C7,
0xA58C,	0x0023,
0xA58E,	0x10F7,
0xA590,	0xB345,
0xA592,	0x5783,
0xA594,	0x0006,
0xA596,	0x87B3,
0xA598,	0x02E7,
0xA59A,	0x83A5,
0xA59C,	0x87B3,
0xA59E,	0x0267,
0xA5A0,	0x83A5,
0xA5A2,	0x9023,
0xA5A4,	0x00F5,
0xA5A6,	0xB505,
0xA5A8,	0xD783,
0xA5AA,	0x0007,
0xA5AC,	0x9713,
0xA5AE,	0x0107,
0xA5B0,	0x8341,
0xA5B2,	0xBBED,
0xA5B4,	0x2737,
0xA5B6,	0x1001,
0xA5B8,	0x4683,
0xA5BA,	0x1007,
0xA5BC,	0x0793,
0xA5BE,	0x1007,
0xA5C0,	0xF693,
0xA5C2,	0x0F36,
0xA5C4,	0x0023,
0xA5C6,	0x10D7,
0xA5C8,	0x4703,
0xA5CA,	0x1017,
0xA5CC,	0x0693,
0xA5CE,	0x0220,
0xA5D0,	0x7713,
0xA5D2,	0x0FF7,
0xA5D4,	0x80A3,
0xA5D6,	0x00E7,
0xA5D8,	0x0713,
0xA5DA,	0x0440,
0xA5DC,	0x8323,
0xA5DE,	0x00E7,
0xA5E0,	0x0713,
0xA5E2,	0x0450,
0xA5E4,	0x83A3,
0xA5E6,	0x00E7,
0xA5E8,	0x9623,
0xA5EA,	0x02D7,
0xA5EC,	0x0713,
0xA5EE,	0x04B0,
0xA5F0,	0x9723,
0xA5F2,	0x02E7,
0xA5F4,	0x9E23,
0xA5F6,	0x02D7,
0xA5F8,	0x0713,
0xA5FA,	0x04F0,
0xA5FC,	0x9F23,
0xA5FE,	0x02E7,
0xA600,	0x07B7,
0xA602,	0x1002,
0xA604,	0x8793,
0xA606,	0x3007,
0xA608,	0x47BC,
0xA60A,	0x2737,
0xA60C,	0x1001,
0xA60E,	0x9693,
0xA610,	0x0147,
0xA612,	0xD9E3,
0xA614,	0xD006,
0xA616,	0xBDD5,
0xA618,	0x0793,
0xA61A,	0x0105,
0xA61C,	0xF713,
0xA61E,	0xFFC7,
0xA620,	0x8333,
0xA622,	0x40E7,
0xA624,	0x0326,
0xA626,	0x5333,
0xA628,	0x02E3,
0xA62A,	0x0313,
0xA62C,	0x2003,
0xA62E,	0xB9F9,
0xA630,	0x67A5,
0xA632,	0xD783,
0xA634,	0x0007,
0xA636,	0xCB81,
0xA638,	0x67A5,
0xA63A,	0xC703,
0xA63C,	0xDB57,
0xA63E,	0x17B7,
0xA640,	0x1000,
0xA642,	0x81A3,
0xA644,	0xB0E7,
0xA646,	0x27B7,
0xA648,	0x1000,
0xA64A,	0x0713,
0xA64C,	0x22C0,
0xA64E,	0xA823,
0xA650,	0x60E7,
0xA652,	0xC703,
0xA654,	0x6087,
0xA656,	0x6713,
0xA658,	0x0017,
0xA65A,	0x8423,
0xA65C,	0x60E7,
0xA65E,	0x67A5,
0xA660,	0xA783,
0xA662,	0xDB87,
0xA664,	0xA783,
0xA666,	0x3247,
0xA668,	0xA303,
0xA66A,	0x0487,
0xA66C,	0x8302,
0xA66E,	0x67A5,
0xA670,	0xA783,
0xA672,	0xDB87,
0xA674,	0x1141,
0xA676,	0xC606,
0xA678,	0xA783,
0xA67A,	0x3247,
0xA67C,	0xA783,
0xA67E,	0x1A47,
0xA680,	0x9782,
0xA682,	0x67A5,
0xA684,	0x4705,
0xA686,	0x9023,
0xA688,	0x00E7,
0xA68A,	0x17B7,
0xA68C,	0x1000,
0xA68E,	0xC703,
0xA690,	0xB037,
0xA692,	0x40B2,
0xA694,	0x67A5,
0xA696,	0x8AA3,
0xA698,	0xDAE7,
0xA69A,	0x0141,
0xA69C,	0x8082,
0xA69E,	0x1101,
0xA6A0,	0x67C1,
0xA6A2,	0xC703,
0xA6A4,	0x8007,
0xA6A6,	0xC256,
0xA6A8,	0x6AB1,
0xA6AA,	0x8A93,
0xA6AC,	0x000A,
0xA6AE,	0xCA26,
0xA6B0,	0xA683,
0xA6B2,	0x174A,
0xA6B4,	0x84AA,
0xA6B6,	0xA503,
0xA6B8,	0x378A,
0xA6BA,	0xCC22,
0xA6BC,	0xC84A,
0xA6BE,	0xC64E,
0xA6C0,	0xC452,
0xA6C2,	0xC05A,
0xA6C4,	0xCE06,
0xA6C6,	0x6713,
0xA6C8,	0x0017,
0xA6CA,	0x8413,
0xA6CC,	0x8007,
0xA6CE,	0x8023,
0xA6D0,	0x80E7,
0xA6D2,	0x9682,
0xA6D4,	0x1423,
0xA6D6,	0x0094,
0xA6D8,	0x5783,
0xA6DA,	0x0204,
0xA6DC,	0x5603,
0xA6DE,	0x0204,
0xA6E0,	0x64C1,
0xA6E2,	0xF793,
0xA6E4,	0x0FF7,
0xA6E6,	0x7613,
0xA6E8,	0x0FF6,
0xA6EA,	0x0622,
0xA6EC,	0x2937,
0xA6EE,	0x1002,
0xA6F0,	0x8E5D,
0xA6F2,	0x8A13,
0xA6F4,	0x8204,
0xA6F6,	0x6B3D,
0xA6F8,	0x49A9,
0xA6FA,	0x0913,
0xA6FC,	0x21C9,
0xA6FE,	0x8413,
0xA700,	0x8004,
0xA702,	0x5883,
0xA704,	0x0204,
0xA706,	0x5503,
0xA708,	0x0204,
0xA70A,	0xA303,
0xA70C,	0x114A,
0xA70E,	0xF893,
0xA710,	0x0FF8,
0xA712,	0x7513,
0xA714,	0x0FF5,
0xA716,	0x0522,
0xA718,	0x4801,
0xA71A,	0x4785,
0xA71C,	0x4701,
0xA71E,	0x4681,
0xA720,	0x85D2,
0xA722,	0x6533,
0xA724,	0x0115,
0xA726,	0x9302,
0xA728,	0x2423,
0xA72A,	0x033B,
0xA72C,	0x2023,
0xA72E,	0x012B,
0xA730,	0x4785,
0xA732,	0x2423,
0xA734,	0x00FB,
0xA736,	0x87BE,
0xA738,	0x5783,
0xA73A,	0x0204,
0xA73C,	0x5603,
0xA73E,	0x0204,
0xA740,	0xF793,
0xA742,	0x0FF7,
0xA744,	0x7613,
0xA746,	0x0FF6,
0xA748,	0x0622,
0xA74A,	0x8E5D,
0xA74C,	0xFA4D,
0xA74E,	0x4783,
0xA750,	0x0004,
0xA752,	0x40F2,
0xA754,	0x44D2,
0xA756,	0x9BF5,
0xA758,	0x0023,
0xA75A,	0x00F4,
0xA75C,	0x4783,
0xA75E,	0x0004,
0xA760,	0x4942,
0xA762,	0x49B2,
0xA764,	0xE793,
0xA766,	0x0017,
0xA768,	0x0023,
0xA76A,	0x00F4,
0xA76C,	0x0793,
0xA76E,	0x0610,
0xA770,	0x1623,
0xA772,	0x00F4,
0xA774,	0x4783,
0xA776,	0x0004,
0xA778,	0x4A22,
0xA77A,	0x4A92,
0xA77C,	0x9BF9,
0xA77E,	0x0023,
0xA780,	0x00F4,
0xA782,	0x4462,
0xA784,	0x4B02,
0xA786,	0x6105,
0xA788,	0x8082,
0xA78A,	0x67A5,
0xA78C,	0xA783,
0xA78E,	0xDB87,
0xA790,	0x1141,
0xA792,	0xC606,
0xA794,	0xA783,
0xA796,	0x3247,
0xA798,	0xA783,
0xA79A,	0x1B07,
0xA79C,	0x9782,
0xA79E,	0x07B7,
0xA7A0,	0x1002,
0xA7A2,	0xD703,
0xA7A4,	0x3767,
0xA7A6,	0x0742,
0xA7A8,	0x8341,
0xA7AA,	0xE701,
0xA7AC,	0x40B2,
0xA7AE,	0x0141,
0xA7B0,	0x8082,
0xA7B2,	0x8793,
0xA7B4,	0x3007,
0xA7B6,	0x40B2,
0xA7B8,	0xD503,
0xA7BA,	0x0767,
0xA7BC,	0x0141,
0xA7BE,	0xB5C5,
0xA7C0,	0x67B1,
0xA7C2,	0xC783,
0xA7C4,	0x33A7,
0xA7C6,	0xCB99,
0xA7C8,	0x07B7,
0xA7CA,	0x1002,
0xA7CC,	0xD703,
0xA7CE,	0x7467,
0xA7D0,	0x07B7,
0xA7D2,	0x1000,
0xA7D4,	0x0742,
0xA7D6,	0x8341,
0xA7D8,	0x9723,
0xA7DA,	0x34E7,
0xA7DC,	0x07B7,
0xA7DE,	0x1002,
0xA7E0,	0x8793,
0xA7E2,	0x3007,
0xA7E4,	0x47F8,
0xA7E6,	0x8B05,
0xA7E8,	0xC715,
0xA7EA,	0x47F8,
0xA7EC,	0x8309,
0xA7EE,	0x8B05,
0xA7F0,	0xC315,
0xA7F2,	0x47F8,
0xA7F4,	0x8311,
0xA7F6,	0x8B05,
0xA7F8,	0xE71D,
0xA7FA,	0xD703,
0xA7FC,	0x04E7,
0xA7FE,	0xC783,
0xA800,	0x04D7,
0xA802,	0x07B3,
0xA804,	0x40F7,
0xA806,	0x07C2,
0xA808,	0x83C1,
0xA80A,	0x0737,
0xA80C,	0x1000,
0xA80E,	0x1C23,
0xA810,	0x78F7,
0xA812,	0x8082,
0xA814,	0xD703,
0xA816,	0x04E7,
0xA818,	0x07B7,
0xA81A,	0x1000,
0xA81C,	0x0742,
0xA81E,	0x8341,
0xA820,	0x9C23,
0xA822,	0x78E7,
0xA824,	0x8082,
0xA826,	0xD703,
0xA828,	0x04E7,
0xA82A,	0xC783,
0xA82C,	0x04D7,
0xA82E,	0x97BA,
0xA830,	0x07C2,
0xA832,	0x83C1,
0xA834,	0x0737,
0xA836,	0x1000,
0xA838,	0x1C23,
0xA83A,	0x78F7,
0xA83C,	0x8082,
0xA83E,	0x07B7,
0xA840,	0x1002,
0xA842,	0x8793,
0xA844,	0x3007,
0xA846,	0x47BC,
0xA848,	0x1141,
0xA84A,	0xC606,
0xA84C,	0x83A9,
0xA84E,	0xC422,
0xA850,	0xC226,
0xA852,	0x8B85,
0xA854,	0xC7B1,
0xA856,	0x6431,
0xA858,	0x0413,
0xA85A,	0x0004,
0xA85C,	0x6485,
0xA85E,	0x94A2,
0xA860,	0xA703,
0xA862,	0xA304,
0xA864,	0x17B7,
0xA866,	0x1002,
0xA868,	0xD603,
0xA86A,	0xB4A7,
0xA86C,	0x4314,
0xA86E,	0x0713,
0xA870,	0x4000,
0xA872,	0x8793,
0xA874,	0xB007,
0xA876,	0xD683,
0xA878,	0x0026,
0xA87A,	0x7863,
0xA87C,	0x0AC7,
0xA87E,	0x07B7,
0xA880,	0x1000,
0xA882,	0xD703,
0xA884,	0x6247,
0xA886,	0x6713,
0xA888,	0x0407,
0xA88A,	0x9223,
0xA88C,	0x62E7,
0xA88E,	0x0793,
0xA890,	0x06F0,
0xA892,	0xEC63,
0xA894,	0x0AD7,
0xA896,	0x07B7,
0xA898,	0x1000,
0xA89A,	0x8A23,
0xA89C,	0x6407,
0xA89E,	0xA839,
0xA8A0,	0x07B7,
0xA8A2,	0x1000,
0xA8A4,	0xD703,
0xA8A6,	0x6247,
0xA8A8,	0x6431,
0xA8AA,	0x64B5,
0xA8AC,	0x7713,
0xA8AE,	0xFBF7,
0xA8B0,	0x9223,
0xA8B2,	0x62E7,
0xA8B4,	0x0413,
0xA8B6,	0x0004,
0xA8B8,	0x8493,
0xA8BA,	0x0004,
0xA8BC,	0x17B7,
0xA8BE,	0x1002,
0xA8C0,	0x8793,
0xA8C2,	0xB007,
0xA8C4,	0x43DC,
0xA8C6,	0x8B85,
0xA8C8,	0xCB89,
0xA8CA,	0x17B7,
0xA8CC,	0x1000,
0xA8CE,	0xD703,
0xA8D0,	0xB067,
0xA8D2,	0x7713,
0xA8D4,	0xBFF7,
0xA8D6,	0x9323,
0xA8D8,	0xB0E7,
0xA8DA,	0x67A5,
0xA8DC,	0xA783,
0xA8DE,	0xDB87,
0xA8E0,	0xA783,
0xA8E2,	0x3247,
0xA8E4,	0xA783,
0xA8E6,	0x2387,
0xA8E8,	0x9782,
0xA8EA,	0x3DD9,
0xA8EC,	0x67BD,
0xA8EE,	0x8793,
0xA8F0,	0x4007,
0xA8F2,	0xC783,
0xA8F4,	0x04E7,
0xA8F6,	0x4705,
0xA8F8,	0x7363,
0xA8FA,	0x06F7,
0xA8FC,	0xA503,
0xA8FE,	0xA6C4,
0xA900,	0x0493,
0xA902,	0xFFD5,
0xA904,	0x2783,
0xA906,	0x25C4,
0xA908,	0x8526,
0xA90A,	0x9782,
0xA90C,	0x4783,
0xA90E,	0x33A4,
0xA910,	0x4505,
0xA912,	0x1533,
0xA914,	0x0095,
0xA916,	0x4513,
0xA918,	0xFFF5,
0xA91A,	0x8D7D,
0xA91C,	0x0D23,
0xA91E,	0x32A4,
0xA920,	0x40B2,
0xA922,	0x4422,
0xA924,	0x4492,
0xA926,	0x0141,
0xA928,	0x8082,
0xA92A,	0xD783,
0xA92C,	0x04C7,
0xA92E,	0x68E3,
0xA930,	0xF4F7,
0xA932,	0x07B7,
0xA934,	0x1000,
0xA936,	0xD703,
0xA938,	0x6247,
0xA93A,	0x7713,
0xA93C,	0xFBF7,
0xA93E,	0x9223,
0xA940,	0x62E7,
0xA942,	0x0793,
0xA944,	0x06F0,
0xA946,	0xF8E3,
0xA948,	0xF4D7,
0xA94A,	0x0793,
0xA94C,	0x0EF0,
0xA94E,	0xEB63,
0xA950,	0x00D7,
0xA952,	0x07B7,
0xA954,	0x1000,
0xA956,	0x4705,
0xA958,	0x8A23,
0xA95A,	0x64E7,
0xA95C,	0xB785,
0xA95E,	0xC483,
0xA960,	0xA564,
0xA962,	0xB74D,
0xA964,	0x07B7,
0xA966,	0x1000,
0xA968,	0x4709,
0xA96A,	0x8A23,
0xA96C,	0x64E7,
0xA96E,	0xB7B9,
0xA970,	0x1101,
0xA972,	0xCA26,
0xA974,	0x64B1,
0xA976,	0x8493,
0xA978,	0x0004,
0xA97A,	0xA783,
0xA97C,	0x3204,
0xA97E,	0xCE06,
0xA980,	0xCC22,
0xA982,	0xC84A,
0xA984,	0xC64E,
0xA986,	0x892E,
0xA988,	0x862E,
0xA98A,	0x4599,
0xA98C,	0x842A,
0xA98E,	0x9782,
0xA990,	0x0506,
0xA992,	0x942A,
0xA994,	0x1683,
0xA996,	0x00E4,
0xA998,	0x1603,
0xA99A,	0x00C4,
0xA99C,	0x5583,
0xA99E,	0x0024,
0xA9A0,	0xA803,
0xA9A2,	0x3144,
0xA9A4,	0x5503,
0xA9A6,	0x0004,
0xA9A8,	0x874A,
0xA9AA,	0x47A1,
0xA9AC,	0x9802,
0xA9AE,	0x89AA,
0xA9B0,	0x5583,
0xA9B2,	0x0024,
0xA9B4,	0xA803,
0xA9B6,	0x3144,
0xA9B8,	0x1683,
0xA9BA,	0x01A4,
0xA9BC,	0x1603,
0xA9BE,	0x0184,
0xA9C0,	0x5503,
0xA9C2,	0x0004,
0xA9C4,	0x874A,
0xA9C6,	0x47A1,
0xA9C8,	0x9802,
0xA9CA,	0x40F2,
0xA9CC,	0x4462,
0xA9CE,	0x85AA,
0xA9D0,	0x44D2,
0xA9D2,	0x854E,
0xA9D4,	0x4942,
0xA9D6,	0x49B2,
0xA9D8,	0x6105,
0xA9DA,	0x8082,
0xA9DC,	0x0737,
0xA9DE,	0x0002,
0xA9E0,	0x711D,
0xA9E2,	0x0709,
0xA9E4,	0x07B7,
0xA9E6,	0x0003,
0xA9E8,	0x078D,
0xA9EA,	0xCA3A,
0xA9EC,	0xCC3A,
0xA9EE,	0xCE3A,
0xA9F0,	0x6741,
0xA9F2,	0xD23E,
0xA9F4,	0xD43E,
0xA9F6,	0xD63E,
0xA9F8,	0x0705,
0xA9FA,	0x07B7,
0xA9FC,	0x1002,
0xA9FE,	0xC802,
0xAA00,	0xD03A,
0xAA02,	0x8793,
0xAA04,	0x2007,
0xAA06,	0xA783,
0xAA08,	0x0807,
0xAA0A,	0xCAA6,
0xAA0C,	0xC8CA,
0xAA0E,	0xCE86,
0xAA10,	0xCCA2,
0xAA12,	0xC6CE,
0xAA14,	0xC4D2,
0xAA16,	0xC2D6,
0xAA18,	0xC0DA,
0xAA1A,	0xDE5E,
0xAA1C,	0x8BFD,
0xAA1E,	0x892A,
0xAA20,	0xF493,
0xAA22,	0x00F5,
0xAA24,	0xE391,
0xAA26,	0x4481,
0xAA28,	0x07B7,
0xAA2A,	0x1002,
0xAA2C,	0x8793,
0xAA2E,	0x3007,
0xAA30,	0xA783,
0xAA32,	0x0847,
0xAA34,	0x6705,
0xAA36,	0x177D,
0xAA38,	0x8FF9,
0xAA3A,	0x07C2,
0xAA3C,	0x83C1,
0xAA3E,	0xD713,
0xAA40,	0x00B7,
0xAA42,	0xCB79,
0xAA44,	0xF793,
0xAA46,	0x7FF7,
0xAA48,	0x07B3,
0xAA4A,	0x40F0,
0xAA4C,	0x9413,
0xAA4E,	0x0107,
0xAA50,	0x8441,
0xAA52,	0x69B1,
0xAA54,	0x8993,
0xAA56,	0x0009,
0xAA58,	0xA783,
0xAA5A,	0x0D49,
0xAA5C,	0x9782,
0xAA5E,	0x4118,
0xAA60,	0x67C1,
0xAA62,	0x6463,
0xAA64,	0x00F7,
0xAA66,	0x8713,
0xAA68,	0xFFF7,
0xAA6A,	0x07B7,
0xAA6C,	0x1002,
0xAA6E,	0xD583,
0xAA70,	0x7847,
0xAA72,	0xD683,
0xAA74,	0x3A47,
0xAA76,	0xC43A,
0xAA78,	0x05C2,
0xAA7A,	0x81C1,
0xAA7C,	0xC22E,
0xAA7E,	0xC636,
0xAA80,	0x8793,
0xAA82,	0x3007,
0xAA84,	0x47BC,
0xAA86,	0x854A,
0xAA88,	0x9713,
0xAA8A,	0x0067,
0xAA8C,	0x5B63,
0xAA8E,	0x0607,
0xAA90,	0x181C,
0xAA92,	0x0486,
0xAA94,	0x94BE,
0xAA96,	0xDB03,
0xAA98,	0xFE04,
0xAA9A,	0x0A13,
0xAA9C,	0x06C0,
0xAA9E,	0x67A5,
0xAAA0,	0x0A33,
0xAAA2,	0x034B,
0xAAA4,	0x042E,
0xAAA6,	0x8493,
0xAAA8,	0xBDC7,
0xAAAA,	0x0933,
0xAAAC,	0x4089,
0xAAAE,	0x8793,
0xAAB0,	0xC487,
0xAAB2,	0x5B93,
0xAAB4,	0x41F9,
0xAAB6,	0x0A93,
0xAAB8,	0x0041,
0xAABA,	0x94D2,
0xAABC,	0x9A3E,
0xAABE,	0x8526,
0xAAC0,	0x3D45,
0xAAC2,	0xA783,
0xAAC4,	0x3109,
0xAAC6,	0x86AE,
0xAAC8,	0x862A,
0xAACA,	0x85DE,
0xAACC,	0x854A,
0xAACE,	0x472D,
0xAAD0,	0x9782,
0xAAD2,	0x8493,
0xAAD4,	0x0244,
0xAAD6,	0x892A,
0xAAD8,	0x8BAE,
0xAADA,	0x0A91,
0xAADC,	0x8563,
0xAADE,	0x0144,
0xAAE0,	0xA583,
0xAAE2,	0x000A,
0xAAE4,	0xBFE9,
0xAAE6,	0x67A5,
0xAAE8,	0x8793,
0xAAEA,	0xBDC7,
0xAAEC,	0x0B0A,
0xAAEE,	0x9B3E,
0xAAF0,	0x2683,
0xAAF2,	0x1C0B,
0xAAF4,	0xA783,
0xAAF6,	0x3109,
0xAAF8,	0x2603,
0xAAFA,	0x1B0B,
0xAAFC,	0x472D,
0xAAFE,	0x9782,
0xAB00,	0x9522,
0xAB02,	0x40F6,
0xAB04,	0x4466,
0xAB06,	0x44D6,
0xAB08,	0x4946,
0xAB0A,	0x49B6,
0xAB0C,	0x4A26,
0xAB0E,	0x4A96,
0xAB10,	0x4B06,
0xAB12,	0x5BF2,
0xAB14,	0x6125,
0xAB16,	0x8082,
0xAB18,	0x9413,
0xAB1A,	0x0107,
0xAB1C,	0x8441,
0xAB1E,	0xBF15,
0xAB20,	0x1141,
0xAB22,	0xC422,
0xAB24,	0xC04A,
0xAB26,	0xC606,
0xAB28,	0xC226,
0xAB2A,	0x892A,
0xAB2C,	0x4401,
0xAB2E,	0xC1B5,
0xAB30,	0x87BE,
0xAB32,	0xF433,
0xAB34,	0x02C5,
0xAB36,	0x0537,
0xAB38,	0x0800,
0xAB3A,	0x0513,
0xAB3C,	0x8005,
0xAB3E,	0x07B7,
0xAB40,	0x1002,
0xAB42,	0x8793,
0xAB44,	0x2007,
0xAB46,	0x43DC,
0xAB48,	0x480D,
0xAB4A,	0x83A1,
0xAB4C,	0x8B8D,
0xAB4E,	0x042E,
0xAB50,	0x8C69,
0xAB52,	0x5433,
0xAB54,	0x02C4,
0xAB56,	0xD633,
0xAB58,	0x02C5,
0xAB5A,	0x7413,
0xAB5C,	0x7FF4,
0xAB5E,	0x062E,
0xAB60,	0x8C51,
0xAB62,	0x800D,
0xAB64,	0x9436,
0xAB66,	0x9E63,
0xAB68,	0x0307,
0xAB6A,	0x64B1,
0xAB6C,	0x8493,
0xAB6E,	0x0004,
0xAB70,	0xA783,
0xAB72,	0x2E04,
0xAB74,	0x9782,
0xAB76,	0xCD11,
0xAB78,	0xD703,
0xAB7A,	0x3CE4,
0xAB7C,	0x2683,
0xAB7E,	0x0009,
0xAB80,	0x0793,
0xAB82,	0x1000,
0xAB84,	0x8F99,
0xAB86,	0x0733,
0xAB88,	0x0287,
0xAB8A,	0x8433,
0xAB8C,	0x02D7,
0xAB8E,	0x943A,
0xAB90,	0x8021,
0xAB92,	0x2023,
0xAB94,	0x0089,
0xAB96,	0x40B2,
0xAB98,	0x4422,
0xAB9A,	0x4492,
0xAB9C,	0x4902,
0xAB9E,	0x0141,
0xABA0,	0x8082,
0xABA2,	0x8522,
0xABA4,	0x85BA,
0xABA6,	0x64B1,
0xABA8,	0x3D15,
0xABAA,	0x8493,
0xABAC,	0x0004,
0xABAE,	0xA783,
0xABB0,	0x2E04,
0xABB2,	0x842A,
0xABB4,	0x9782,
0xABB6,	0xF169,
0xABB8,	0xBFE9,
0xABBA,	0x4737,
0xABBC,	0x1002,
0xABBE,	0x7119,
0xABC0,	0x0613,
0xABC2,	0xE007,
0xABC4,	0x1813,
0xABC6,	0x0025,
0xABC8,	0x0593,
0xABCA,	0xD007,
0xABCC,	0x0693,
0xABCE,	0xF007,
0xABD0,	0xD032,
0xABD2,	0x0090,
0xABD4,	0xCE2E,
0xABD6,	0xD236,
0xABD8,	0xDCA2,
0xABDA,	0x0433,
0xABDC,	0x0106,
0xABDE,	0x2603,
0xABE0,	0xFDC4,
0xABE2,	0xDAA6,
0xABE4,	0x46B7,
0xABE6,	0x1001,
0xABE8,	0x2483,
0xABEA,	0x0806,
0xABEC,	0x1637,
0xABEE,	0x1002,
0xABF0,	0x0613,
0xABF2,	0xB006,
0xABF4,	0x4250,
0xABF6,	0x8313,
0xABF8,	0xD006,
0xABFA,	0x8893,
0xABFC,	0xE006,
0xABFE,	0xC442,
0xAC00,	0x8693,
0xAC02,	0xF006,
0xAC04,	0x0813,
0xAC06,	0x1007,
0xAC08,	0x0593,
0xAC0A,	0x2007,
0xAC0C,	0xD836,
0xAC0E,	0xDE86,
0xAC10,	0xD8CA,
0xAC12,	0xD6CE,
0xAC14,	0xD4D2,
0xAC16,	0xD2D6,
0xAC18,	0xD0DA,
0xAC1A,	0xCEDE,
0xAC1C,	0xCCE2,
0xAC1E,	0xCAE6,
0xAC20,	0xC8EA,
0xAC22,	0xC6EE,
0xAC24,	0xD41A,
0xAC26,	0xD646,
0xAC28,	0xDA3A,
0xAC2A,	0xDC42,
0xAC2C,	0xDE2E,
0xAC2E,	0x1693,
0xAC30,	0x0146,
0xAC32,	0xD163,
0xAC34,	0x1006,
0xAC36,	0x6AB1,
0xAC38,	0x8713,
0xAC3A,	0x000A,
0xAC3C,	0x2783,
0xAC3E,	0x2DC7,
0xAC40,	0x1B13,
0xAC42,	0x0075,
0xAC44,	0x0B13,
0xAC46,	0x410B,
0xAC48,	0x975A,
0xAC4A,	0xC63A,
0xAC4C,	0x9782,
0xAC4E,	0x47B2,
0xAC50,	0x2903,
0xAC52,	0xFF44,
0xAC54,	0x8A93,
0xAC56,	0x000A,
0xAC58,	0x8B93,
0xAC5A,	0x0207,
0xAC5C,	0x4C01,
0xAC5E,	0x4981,
0xAC60,	0x4A21,
0xAC62,	0x8D93,
0xAC64,	0xFE0B,
0xAC66,	0x8D56,
0xAC68,	0x8CCE,
0xAC6A,	0x4B01,
0xAC6C,	0x1413,
0xAC6E,	0x004C,
0xAC70,	0x07B3,
0xAC72,	0x0164,
0xAC74,	0x078A,
0xAC76,	0x97CA,
0xAC78,	0x1683,
0xAC7A,	0x3D0D,
0xAC7C,	0x438C,
0xAC7E,	0x8766,
0xAC80,	0x856E,
0xAC82,	0x8626,
0xAC84,	0x3D71,
0xAC86,	0x8813,
0xAC88,	0x001C,
0xAC8A,	0x1C93,
0xAC8C,	0x0108,
0xAC8E,	0x0B05,
0xAC90,	0xDC93,
0xAC92,	0x010C,
0xAC94,	0x0D09,
0xAC96,	0x0D91,
0xAC98,	0x1CE3,
0xAC9A,	0xFD4B,
0xAC9C,	0x8793,
0xAC9E,	0x0089,
0xACA0,	0x09C1,
0xACA2,	0x9C93,
0xACA4,	0x0107,
0xACA6,	0x09C2,
0xACA8,	0xDC93,
0xACAA,	0x010C,
0xACAC,	0xD993,
0xACAE,	0x0109,
0xACB0,	0x8B5E,
0xACB2,	0x8D56,
0xACB4,	0x4D81,
0xACB6,	0x07B3,
0xACB8,	0x01B4,
0xACBA,	0x07A1,
0xACBC,	0x078A,
0xACBE,	0x97CA,
0xACC0,	0x1683,
0xACC2,	0x3E0D,
0xACC4,	0x438C,
0xACC6,	0x8766,
0xACC8,	0x855A,
0xACCA,	0x8626,
0xACCC,	0x3D91,
0xACCE,	0x8813,
0xACD0,	0x001C,
0xACD2,	0x1C93,
0xACD4,	0x0108,
0xACD6,	0xDC93,
0xACD8,	0x010C,
0xACDA,	0x0D85,
0xACDC,	0x0D09,
0xACDE,	0x0B11,
0xACE0,	0x9BE3,
0xACE2,	0xFD3C,
0xACE4,	0x0813,
0xACE6,	0x0200,
0xACE8,	0x0C05,
0xACEA,	0x8A93,
0xACEC,	0x020A,
0xACEE,	0x8B93,
0xACF0,	0x040B,
0xACF2,	0x8463,
0xACF4,	0x010C,
0xACF6,	0x89E6,
0xACF8,	0xB7AD,
0xACFA,	0x47A2,
0xACFC,	0x0090,
0xACFE,	0x6831,
0xAD00,	0x0CB3,
0xAD02,	0x00F6,
0xAD04,	0x5466,
0xAD06,	0x0813,
0xAD08,	0x0008,
0xAD0A,	0xA503,
0xAD0C,	0xFE8C,
0xAD0E,	0x45B2,
0xAD10,	0x50F6,
0xAD12,	0x54D6,
0xAD14,	0x5946,
0xAD16,	0x59B6,
0xAD18,	0x5A26,
0xAD1A,	0x5A96,
0xAD1C,	0x5B06,
0xAD1E,	0x4BF6,
0xAD20,	0x4C66,
0xAD22,	0x4CD6,
0xAD24,	0x4D46,
0xAD26,	0x4DB6,
0xAD28,	0x2303,
0xAD2A,	0x2F08,
0xAD2C,	0x0613,
0xAD2E,	0x0200,
0xAD30,	0x6109,
0xAD32,	0x8302,
0xAD34,	0x50F6,
0xAD36,	0x5466,
0xAD38,	0x54D6,
0xAD3A,	0x5946,
0xAD3C,	0x59B6,
0xAD3E,	0x5A26,
0xAD40,	0x5A96,
0xAD42,	0x5B06,
0xAD44,	0x4BF6,
0xAD46,	0x4C66,
0xAD48,	0x4CD6,
0xAD4A,	0x4D46,
0xAD4C,	0x4DB6,
0xAD4E,	0x6109,
0xAD50,	0x8082,
0xAD52,	0x67B1,
0xAD54,	0x1141,
0xAD56,	0x8793,
0xAD58,	0x0007,
0xAD5A,	0xA703,
0xAD5C,	0x1747,
0xAD5E,	0xC226,
0xAD60,	0x84AA,
0xAD62,	0xA503,
0xAD64,	0x3787,
0xAD66,	0xC422,
0xAD68,	0xC606,
0xAD6A,	0x842E,
0xAD6C,	0x9702,
0xAD6E,	0x6741,
0xAD70,	0x1423,
0xAD72,	0x8097,
0xAD74,	0x5603,
0xAD76,	0x8207,
0xAD78,	0x5683,
0xAD7A,	0x8207,
0xAD7C,	0x5583,
0xAD7E,	0x8207,
0xAD80,	0x5783,
0xAD82,	0x8207,
0xAD84,	0xF713,
0xAD86,	0x0FF5,
0xAD88,	0xF793,
0xAD8A,	0x0FF7,
0xAD8C,	0x07A2,
0xAD8E,	0x8FD9,
0xAD90,	0xE7A1,
0xAD92,	0x06C2,
0xAD94,	0x0642,
0xAD96,	0x82C1,
0xAD98,	0x8241,
0xAD9A,	0xF693,
0xAD9C,	0x0FF6,
0xAD9E,	0x9793,
0xADA0,	0x0086,
0xADA2,	0x7613,
0xADA4,	0x0FF6,
0xADA6,	0x8FD1,
0xADA8,	0xEB85,
0xADAA,	0x67C1,
0xADAC,	0xC703,
0xADAE,	0x8007,
0xADB0,	0x40B2,
0xADB2,	0x4422,
0xADB4,	0x9B75,
0xADB6,	0x8023,
0xADB8,	0x80E7,
0xADBA,	0xC703,
0xADBC,	0x8007,
0xADBE,	0x8693,
0xADC0,	0x8007,
0xADC2,	0x4492,
0xADC4,	0x6713,
0xADC6,	0x0017,
0xADC8,	0x8023,
0xADCA,	0x80E7,
0xADCC,	0x0793,
0xADCE,	0x0610,
0xADD0,	0x9623,
0xADD2,	0x00F6,
0xADD4,	0x0141,
0xADD6,	0x8082,
0xADD8,	0x66C1,
0xADDA,	0x9423,
0xADDC,	0x80F6,
0xADDE,	0xD603,
0xADE0,	0x8206,
0xADE2,	0xD703,
0xADE4,	0x8206,
0xADE6,	0x7693,
0xADE8,	0x0FF6,
0xADEA,	0x7713,
0xADEC,	0x0FF7,
0xADEE,	0x0722,
0xADF0,	0x8F55,
0xADF2,	0xDF45,
0xADF4,	0x5893,
0xADF6,	0x0017,
0xADF8,	0x89E3,
0xADFA,	0xFA08,
0xADFC,	0x0405,
0xADFE,	0x0733,
0xAE00,	0x0287,
0xAE02,	0x8593,
0xAE04,	0x0027,
0xAE06,	0x0886,
0xAE08,	0x05C2,
0xAE0A,	0x81C1,
0xAE0C,	0x6E41,
0xAE0E,	0x0337,
0xAE10,	0x1000,
0xAE12,	0x0709,
0xAE14,	0x97BA,
0xAE16,	0x07C2,
0xAE18,	0x83C1,
0xAE1A,	0x98BE,
0xAE1C,	0x08C2,
0xAE1E,	0xD893,
0xAE20,	0x0108,
0xAE22,	0xA819,
0xAE24,	0x1023,
0xAE26,	0x00D5,
0xAE28,	0x0789,
0xAE2A,	0x0589,
0xAE2C,	0x07C2,
0xAE2E,	0x05C2,
0xAE30,	0x83C1,
0xAE32,	0x81C1,
0xAE34,	0x8BE3,
0xAE36,	0xF6F8,
0xAE38,	0x1423,
0xAE3A,	0x80BE,
0xAE3C,	0x5803,
0xAE3E,	0x820E,
0xAE40,	0x5703,
0xAE42,	0x820E,
0xAE44,	0x1423,
0xAE46,	0x80FE,
0xAE48,	0x5503,
0xAE4A,	0x820E,
0xAE4C,	0x7713,
0xAE4E,	0x0FF7,
0xAE50,	0x5683,
0xAE52,	0x820E,
0xAE54,	0x7613,
0xAE56,	0x0FF8,
0xAE58,	0x0722,
0xAE5A,	0x8F51,
0xAE5C,	0xF693,
0xAE5E,	0x0FF6,
0xAE60,	0x0742,
0xAE62,	0x7613,
0xAE64,	0x0FF5,
0xAE66,	0x8741,
0xAE68,	0x06A2,
0xAE6A,	0x8ED1,
0xAE6C,	0x1613,
0xAE6E,	0x0107,
0xAE70,	0x8241,
0xAE72,	0x0533,
0xAE74,	0x00C3,
0xAE76,	0x57E3,
0xAE78,	0xFA07,
0xAE7A,	0x1023,
0xAE7C,	0x00D6,
0xAE7E,	0xB76D,
0xAE80,	0x0737,
0xAE82,	0x1002,
0xAE84,	0x2783,
0xAE86,	0x34C7,
0xAE88,	0x1141,
0xAE8A,	0xC606,
0xAE8C,	0x8385,
0xAE8E,	0xC422,
0xAE90,	0x8B85,
0xAE92,	0xEFA9,
0xAE94,	0x6431,
0xAE96,	0x0413,
0xAE98,	0x0004,
0xAE9A,	0x2783,
0xAE9C,	0x1744,
0xAE9E,	0x2503,
0xAEA0,	0x3784,
0xAEA2,	0x9782,
0xAEA4,	0x07B7,
0xAEA6,	0x1002,
0xAEA8,	0x8793,
0xAEAA,	0x3007,
0xAEAC,	0x47BC,
0xAEAE,	0x9713,
0xAEB0,	0x0127,
0xAEB2,	0x4763,
0xAEB4,	0x0007,
0xAEB6,	0x2783,
0xAEB8,	0x17C4,
0xAEBA,	0x0513,
0xAEBC,	0x0300,
0xAEBE,	0x9782,
0xAEC0,	0x67C1,
0xAEC2,	0xC703,
0xAEC4,	0x8007,
0xAEC6,	0x40B2,
0xAEC8,	0x4422,
0xAECA,	0x9B75,
0xAECC,	0x8023,
0xAECE,	0x80E7,
0xAED0,	0xC703,
0xAED2,	0x8007,
0xAED4,	0x8693,
0xAED6,	0x8007,
0xAED8,	0x6713,
0xAEDA,	0x0017,
0xAEDC,	0x8023,
0xAEDE,	0x80E7,
0xAEE0,	0x0793,
0xAEE2,	0x0610,
0xAEE4,	0x9623,
0xAEE6,	0x00F6,
0xAEE8,	0x0141,
0xAEEA,	0x8082,
0xAEEC,	0x0713,
0xAEEE,	0x3007,
0xAEF0,	0x476C,
0xAEF2,	0x6505,
0xAEF4,	0x0513,
0xAEF6,	0xA585,
0xAEF8,	0x8195,
0xAEFA,	0x899D,
0xAEFC,	0x3D99,
0xAEFE,	0xBF59,
0xAF00,	0xAFD0,
0xAF02,	0x0000,
0xAF04,	0xAFD0,
0xAF06,	0x0000,
0xAF08,	0xAFD0,
0xAF0A,	0x0000,
0xAF0C,	0xAFF8,
0xAF0E,	0x0000,
0xAF10,	0xAFF8,
0xAF12,	0x0000,
0xAF14,	0xAFF8,
0xAF16,	0x0000,
0xAF18,	0xA8F0,
0xAF1A,	0x0001,
0xAF1C,	0xA998,
0xAF1E,	0x0001,
0xAF20,	0x0000,
0xAF22,	0x0000,
0xAF24,	0x0000,
0xAF26,	0x0000,
0xAF28,	0x0000,
0xAF2A,	0x0000,
0xAF2C,	0x0000,
0xAF2E,	0x0000,
0xAF30,	0x0000,
0xAF32,	0x0000,
0xAF34,	0x0000,
0xAF36,	0x0000,
0xAF38,	0xA730,
0xAF3A,	0x0001,
0xAF3C,	0xA778,
0xAF3E,	0x0001,
0xAF40,	0x0000,
0xAF42,	0x0000,
0xAF44,	0x0000,
0xAF46,	0x0000,
0xAF48,	0x0000,
0xAF4A,	0x0000,
0xAF4C,	0x0000,
0xAF4E,	0x0000,
0xAF50,	0x0000,
0xAF52,	0x0000,
0xAF54,	0x0000,
0xAF56,	0x0000,
0xAF58,	0x0000,
0xAF5A,	0x0000,
0xAF5C,	0x0000,
0xAF5E,	0x0000,
0xAF60,	0x0000,
0xAF62,	0x0000,
0xAF64,	0x0000,
0xAF66,	0x0000,
0xAF68,	0xA5B0,
0xAF6A,	0x0001,
0xAF6C,	0xA658,
0xAF6E,	0x0001,
0xAF70,	0x0000,
0xAF72,	0x0000,
0xAF74,	0x0000,
0xAF76,	0x0000,
0xAF78,	0x0000,
0xAF7A,	0x0000,
0xAF7C,	0x0000,
0xAF7E,	0x0000,
0xAF80,	0x0000,
0xAF82,	0x0000,
0xAF84,	0x0000,
0xAF86,	0x0000,
0xAF88,	0x0000,
0xAF8A,	0x0000,
0xAF8C,	0x0000,
0xAF8E,	0x0000,
0xAF90,	0xB1A0,
0xAF92,	0x0000,
0xAF94,	0xB1E8,
0xAF96,	0x0000,
0xAF98,	0xA5E8,
0xAF9A,	0x0001,
0xAF9C,	0xA620,
0xAF9E,	0x0001,
0xAFA0,	0xB18C,
0xAFA2,	0x0000,
0xAFA4,	0xB0CC,
0xAFA6,	0x0000,
0xAFA8,	0xB2E0,
0xAFAA,	0x0000,
0xAFAC,	0x0104,
0xAFAE,	0x00C4,
0xAFB0,	0x0047,
0xAFB2,	0x0085,
0xAFB4,	0x0044,
0xAFB6,	0x0100,
0xAFB8,	0x0088,
0xAFBA,	0x0040,
0xAFBC,	0x5884,
0xAFBE,	0x00C4,
0xAFC0,	0x0047,
0xAFC2,	0x0085,
0xAFC4,	0x0044,
0xAFC6,	0x0100,
0xAFC8,	0x0090,
0xAFCA,	0x0040,
0xAFCC,	0xFFFF,
0xAFCE,	0x0000,
0xAFD0,	0xAFAC,
0xAFD2,	0x0000,
0xAFD4,	0x1862,
0xAFD6,	0x196A,
0xAFD8,	0x03FF,
0xAFDA,	0x0000,
0xAFDC,	0x0356,
0xAFDE,	0x0257,
0xAFE0,	0x0453,
0xAFE2,	0x027B,
0xAFE4,	0x0C63,
0xAFE6,	0x0207,
0xAFE8,	0x0C03,
0xAFEA,	0x022B,
0xAFEC,	0x203B,
0xAFEE,	0x043A,
0xAFF0,	0x0632,
0xAFF2,	0x0216,
0xAFF4,	0x0414,
0xAFF6,	0xFFFF,
0xAFF8,	0x005A,
0xAFFA,	0x0000,
0xAFFC,	0x0000,
0xAFFE,	0x0000,
0xB000,	0xAFDC,
0xB002,	0x0000,
0xB004,	0xFFFF,
0xB006,	0x0003,
0xB008,	0x0005,
0xB00A,	0x0000,
0xB00C,	0x0000,
0xB00E,	0x0000,
0xB010,	0xB018,
0xB012,	0x0000,
0xB014,	0x0002,
0xB016,	0x0000,
0xB018,	0x5489,
0xB01A,	0x0002,
0xB01C,	0x6912,
0xB01E,	0x0002,
0xB020,	0x0005,
0xB022,	0x0004,
0xB024,	0x205C,
0xB026,	0x040D,
0xB028,	0x0189,
0xB02A,	0x0003,
0xB02C,	0x5600,
0xB02E,	0xFFA3,
0xB030,	0xC093,
0xB032,	0x0006,
0xB034,	0x0007,
0xB036,	0x5E00,
0xB038,	0xFFA2,
0xB03A,	0xF493,
0xB03C,	0x20CF,
0xB03E,	0x7023,
0xB040,	0x2F60,
0xB042,	0x065F,
0xB044,	0x00E0,
0xB046,	0x0064,
0xB048,	0x0040,
0xB04A,	0x0F62,
0xB04C,	0x02EA,
0xB04E,	0x00EA,
0xB050,	0x7002,
0xB052,	0x1B29,
0xB054,	0x00EC,
0xB056,	0x0068,
0xB058,	0x7000,
0xB05A,	0x1B25,
0xB05C,	0x7000,
0xB05E,	0xD173,
0xB060,	0x93E0,
0xB062,	0x261C,
0xB064,	0x0000,
0xB066,	0x7041,
0xB068,	0x2FF9,
0xB06A,	0x006C,
0xB06C,	0x1847,
0xB06E,	0xD1B2,
0xB070,	0x93E0,
0xB072,	0x03D8,
0xB074,	0x0000,
0xB076,	0x2157,
0xB078,	0x024A,
0xB07A,	0x004B,
0xB07C,	0x024C,
0xB07E,	0x2153,
0xB080,	0x0483,
0xB082,	0x0003,
0xB084,	0x0244,
0xB086,	0x014A,
0xB088,	0x2154,
0xB08A,	0x0046,
0xB08C,	0x0007,
0xB08E,	0x701F,
0xB090,	0x0FEA,
0xB092,	0x00EA,
0xB094,	0x7002,
0xB096,	0x1B29,
0xB098,	0x00EC,
0xB09A,	0x00EC,
0xB09C,	0x0065,
0xB09E,	0x7000,
0xB0A0,	0xD164,
0xB0A2,	0x93E0,
0xB0A4,	0x2618,
0xB0A6,	0x0000,
0xB0A8,	0x70A8,
0xB0AA,	0x2FF9,
0xB0AC,	0x7000,
0xB0AE,	0xD1A4,
0xB0B0,	0x901F,
0xB0B2,	0x0780,
0xB0B4,	0x0000,
0xB0B6,	0x7000,
0xB0B8,	0xC7A0,
0xB0BA,	0x901F,
0xB0BC,	0x01C0,
0xB0BE,	0x0000,
0xB0C0,	0x0085,
0xB0C2,	0x008A,
0xB0C4,	0xC380,
0xB0C6,	0x480F,
0xB0C8,	0x00E0,
0xB0CA,	0x0000,
0xB0CC,	0xB0D8,
0xB0CE,	0x0000,
0xB0D0,	0xB0C4,
0xB0D2,	0x0000,
0xB0D4,	0x0001,
0xB0D6,	0x0000,
0xB0D8,	0x0002,
0xB0DA,	0x0052,
0xB0DC,	0xB020,
0xB0DE,	0x0000,
0xB0E0,	0xFFFF,
0xB0E2,	0xFFFF,
0xB0E4,	0xFFFF,
0xB0E6,	0x0001,
0xB0E8,	0x0005,
0xB0EA,	0x0004,
0xB0EC,	0x205C,
0xB0EE,	0x040D,
0xB0F0,	0x0189,
0xB0F2,	0x0003,
0xB0F4,	0x5600,
0xB0F6,	0xFFA3,
0xB0F8,	0xC093,
0xB0FA,	0x0006,
0xB0FC,	0x0007,
0xB0FE,	0x5E00,
0xB100,	0xFFA2,
0xB102,	0xF493,
0xB104,	0x20CF,
0xB106,	0x7023,
0xB108,	0x2F60,
0xB10A,	0x065F,
0xB10C,	0x00E0,
0xB10E,	0x0064,
0xB110,	0x0040,
0xB112,	0x7041,
0xB114,	0x0FE2,
0xB116,	0x02EA,
0xB118,	0x00EA,
0xB11A,	0x7002,
0xB11C,	0x1B29,
0xB11E,	0x00EC,
0xB120,	0x0068,
0xB122,	0x7000,
0xB124,	0x1B25,
0xB126,	0x7000,
0xB128,	0xD173,
0xB12A,	0x93E0,
0xB12C,	0x261C,
0xB12E,	0x0000,
0xB130,	0x7041,
0xB132,	0x2FF9,
0xB134,	0x006C,
0xB136,	0x0021,
0xB138,	0xD1B2,
0xB13A,	0x93E0,
0xB13C,	0x03D8,
0xB13E,	0x0000,
0xB140,	0x2157,
0xB142,	0x0A83,
0xB144,	0x2002,
0xB146,	0x018A,
0xB148,	0x004B,
0xB14A,	0x212B,
0xB14C,	0x7065,
0xB14E,	0x0FEA,
0xB150,	0x00EA,
0xB152,	0x7002,
0xB154,	0x1B29,
0xB156,	0x00EC,
0xB158,	0x00EC,
0xB15A,	0x0065,
0xB15C,	0x7000,
0xB15E,	0xD164,
0xB160,	0x93E0,
0xB162,	0x2618,
0xB164,	0x0000,
0xB166,	0x70A8,
0xB168,	0x2FF9,
0xB16A,	0x7000,
0xB16C,	0xD1A4,
0xB16E,	0x901F,
0xB170,	0x0780,
0xB172,	0x0000,
0xB174,	0x7000,
0xB176,	0xC7A0,
0xB178,	0x901F,
0xB17A,	0x01C0,
0xB17C,	0x0000,
0xB17E,	0x0085,
0xB180,	0x008A,
0xB182,	0x0000,
0xB184,	0xC380,
0xB186,	0x480F,
0xB188,	0x00E0,
0xB18A,	0x0000,
0xB18C,	0xB198,
0xB18E,	0x0000,
0xB190,	0xB184,
0xB192,	0x0000,
0xB194,	0x0001,
0xB196,	0x0000,
0xB198,	0x0002,
0xB19A,	0x004D,
0xB19C,	0xB0E8,
0xB19E,	0x0000,
0xB1A0,	0x0000,
0xB1A2,	0x0000,
0xB1A4,	0xB0E0,
0xB1A6,	0x0000,
0xB1A8,	0x0000,
0xB1AA,	0x0000,
0xB1AC,	0xB1B4,
0xB1AE,	0x0000,
0xB1B0,	0xB004,
0xB1B2,	0x0000,
0xB1B4,	0xFFFF,
0xB1B6,	0x03FF,
0xB1B8,	0x0403,
0xB1BA,	0x000E,
0xB1BC,	0x0000,
0xB1BE,	0x0000,
0xB1C0,	0xB1C8,
0xB1C2,	0x0000,
0xB1C4,	0x0008,
0xB1C6,	0x0000,
0xB1C8,	0x03D5,
0xB1CA,	0x0040,
0xB1CC,	0x3C15,
0xB1CE,	0x0040,
0xB1D0,	0xC02A,
0xB1D2,	0x0083,
0xB1D4,	0x002A,
0xB1D6,	0x00BC,
0xB1D8,	0x0004,
0xB1DA,	0x0000,
0xB1DC,	0x3FC5,
0xB1DE,	0x0000,
0xB1E0,	0x0008,
0xB1E2,	0x0000,
0xB1E4,	0xC00A,
0xB1E6,	0x003F,
0xB1E8,	0x0000,
0xB1EA,	0x0000,
0xB1EC,	0xB0E0,
0xB1EE,	0x0000,
0xB1F0,	0x0000,
0xB1F2,	0x0000,
0xB1F4,	0xB1FC,
0xB1F6,	0x0000,
0xB1F8,	0xB004,
0xB1FA,	0x0000,
0xB1FC,	0xFFFF,
0xB1FE,	0x03FF,
0xB200,	0x0403,
0xB202,	0x000E,
0xB204,	0x0000,
0xB206,	0x0000,
0xB208,	0xB210,
0xB20A,	0x0000,
0xB20C,	0x0008,
0xB20E,	0x0000,
0xB210,	0x03D5,
0xB212,	0x0040,
0xB214,	0x3C15,
0xB216,	0x0040,
0xB218,	0xC02A,
0xB21A,	0x0083,
0xB21C,	0x002A,
0xB21E,	0x00BC,
0xB220,	0x3FC5,
0xB222,	0x0000,
0xB224,	0x0004,
0xB226,	0x0000,
0xB228,	0xC00A,
0xB22A,	0x003F,
0xB22C,	0x0008,
0xB22E,	0x0000,
0xB230,	0x0005,
0xB232,	0x0004,
0xB234,	0x205C,
0xB236,	0x040D,
0xB238,	0x0189,
0xB23A,	0x0003,
0xB23C,	0x5600,
0xB23E,	0xFFA3,
0xB240,	0xC093,
0xB242,	0x0006,
0xB244,	0x0007,
0xB246,	0x5E00,
0xB248,	0xFFA2,
0xB24A,	0xF493,
0xB24C,	0x20CF,
0xB24E,	0x7023,
0xB250,	0x2F60,
0xB252,	0x065F,
0xB254,	0x00E0,
0xB256,	0x0064,
0xB258,	0x0040,
0xB25A,	0x7041,
0xB25C,	0x0FE2,
0xB25E,	0x02EA,
0xB260,	0x00EA,
0xB262,	0x7002,
0xB264,	0x1B29,
0xB266,	0x00EC,
0xB268,	0x0068,
0xB26A,	0x7000,
0xB26C,	0x1B25,
0xB26E,	0x7000,
0xB270,	0xD173,
0xB272,	0x93E0,
0xB274,	0x261C,
0xB276,	0x0000,
0xB278,	0x7041,
0xB27A,	0x2FF9,
0xB27C,	0x006C,
0xB27E,	0x1847,
0xB280,	0xD1B2,
0xB282,	0x93E0,
0xB284,	0x03D8,
0xB286,	0x0000,
0xB288,	0x2157,
0xB28A,	0x024A,
0xB28C,	0x004B,
0xB28E,	0x024C,
0xB290,	0x2153,
0xB292,	0x0483,
0xB294,	0x0003,
0xB296,	0x0244,
0xB298,	0x014A,
0xB29A,	0x2154,
0xB29C,	0x0046,
0xB29E,	0x0007,
0xB2A0,	0x705B,
0xB2A2,	0x0FEA,
0xB2A4,	0x00EA,
0xB2A6,	0x7002,
0xB2A8,	0x1B29,
0xB2AA,	0x00EC,
0xB2AC,	0x00EC,
0xB2AE,	0x0065,
0xB2B0,	0x7000,
0xB2B2,	0xD164,
0xB2B4,	0x93E0,
0xB2B6,	0x2618,
0xB2B8,	0x0000,
0xB2BA,	0x70A8,
0xB2BC,	0x2FF9,
0xB2BE,	0x7000,
0xB2C0,	0xD1A4,
0xB2C2,	0x901F,
0xB2C4,	0x0780,
0xB2C6,	0x0000,
0xB2C8,	0x7000,
0xB2CA,	0xC7A0,
0xB2CC,	0x901F,
0xB2CE,	0x01C0,
0xB2D0,	0x0000,
0xB2D2,	0x0085,
0xB2D4,	0x008A,
0xB2D6,	0x0000,
0xB2D8,	0xC380,
0xB2DA,	0x480F,
0xB2DC,	0x00E0,
0xB2DE,	0x0000,
0xB2E0,	0xB2EC,
0xB2E2,	0x0000,
0xB2E4,	0xB2D8,
0xB2E6,	0x0000,
0xB2E8,	0x0001,
0xB2EA,	0x0000,
0xB2EC,	0x0002,
0xB2EE,	0x0053,
0xB2F0,	0xB230,
0xB2F2,	0x0000,
0x9000,	0x0000,
0x0200,	0x0300,
0x0202,	0x0300,
0x0238,	0x1B60,
0x0318,	0x000D,
0x0350,	0xAAAA,
0x0352,	0xE0E0,
0x0374,	0x05F0,
0x037E,	0x0200,
0x0384,	0x0200,
0x0392,	0x0000,
0x0396,	0x0000,
0x039A,	0x0000,
0x03A2,	0x0000,
0x03A8,	0x0006,
0x03AC,	0xFFFF,
0x0500,	0x9801,
0x0504,	0x0201,
0x0600,	0x1111,
0x060E,	0x0000,
0x0620,	0x00FF,
0x0622,	0x07FF,
0x0658,	0x001B,
0x065A,	0x0049,
0x06A6,	0x4700,
0x06D0,	0x0300,
0x06D2,	0x0100,
0x06D4,	0x0000,
0x06DC,	0x0204,
0x3504,	0x0027,
0x3506,	0x0001,
0x3508,	0x0000,
0x350C,	0x0A1B,
0x350E,	0x0A1B,
0x362C,	0x0600,
0x2700,	0x06BD,
0x2702,	0x0100,
0x2800,	0xB333,
0x5270,	0xE0E0,
0x5272,	0xC0C0,
0x3944,	0x0055,
0x3946,	0x0055,
0x1410,	0x0001,
0x0B2A,	0xBFFF,
0x1502,	0x0034,
0x1512,	0x0054,
0x0A02,	0x8500,
0x0A04,	0xD507,
0x0A06,	0xF507,
0x0A0A,	0x86C3,
0x0A18,	0x0690,
0x0A1A,	0x6634,
0x0A1E,	0x001B,
0x0A22,	0x8181,
0x0A24,	0xC4E4,
0x0A26,	0x8881,
0x0A28,	0xC5F5,
0x0726,	0x0000,
0x0742,	0x0100,
0x0748,	0x0002,
0x1C06,	0x0FFF,
0x1C08,	0x0C00,
0x101C,	0x4A01,
0x1030,	0x1F01,
0x1032,	0x0008,
0x1034,	0x6600,
0x1036,	0x0118,
0x1042,	0x100C,
0x1048,	0x0304,
0x104A,	0x8020,
0x104E,	0x0006,
0x105E,	0x0000,
0x107A,	0x0080,
0x1084,	0x0080,
0x10B4,	0xC400,
0x10B8,	0x1040,
0x3A00,	0x0022,
0x3A08,	0x000C,
0x3A0A,	0x0002,
0x2718,	0x04B0,
0x271A,	0x0578,
0x027E,	0x0100,
};

static u16 addr_data_pair_preview[] = {
0x0204,	0x8828,
0x0206,	0x0650,
0x020C,	0x0A47,
0x0210,	0x0A50,
0x0226,	0x004F,
0x023A,	0x1B7E,
0x024C,	0x0090,
0x024E,	0x13EE,
0x0280,	0x0044,
0x0282,	0x0404,
0x0348,	0x0AC6,
0x034A,	0x0223,
0x034C,	0x0021,
0x034E,	0x0000,
0x035A,	0x0020,
0x0364,	0x00E2,
0x0380,	0x0032,
0x0382,	0x00C8,
0x0390,	0x0A50,
0x0394,	0x0A50,
0x0398,	0x0A50,
0x039C,	0x0650,
0x03A0,	0x0A50,
0x0402,	0x700A,
0x0404,	0x1000,
0x0406,	0x0202,
0x0408,	0x0202,
0x040A,	0xB1E4,
0x0414,	0x0800,
0x0416,	0x000C,
0x0418,	0x01A8,
0x042E,	0x1100,
0x0430,	0x0202,
0x0446,	0x08FE,
0x0448,	0x1011,
0x0452,	0x0400,
0x0476,	0x0001,
0x050C,	0x0A50,
0x0510,	0x0A47,
0x0524,	0x0A47,
0x0538,	0x0A47,
0x054C,	0x0A47,
0x0D00,	0x0000,
0x0D2C,	0x4004,
0x0602,	0x3112,
0x0604,	0x884B,
0x0624,	0x78A4,
0x063A,	0x0089,
0x063C,	0x019D,
0x06FA,	0xFFFF,
0x3502,	0x00C5,
0x3600,	0x0201,
0x3604,	0x3120,
0x3606,	0x7564,
0x3608,	0x1302,
0x360A,	0x5746,
0x3630,	0x00AB,
0x3634,	0x0028,
0x2804,	0x4D8B,
0x527C,	0x0180,
0x5298,	0x031E,
0x0F00,	0x0000,
0x0F04,	0x0008,
0x0F06,	0x0008,
0x0F08,	0x0011,
0x0F0A,	0x2233,
0x0F0C,	0x4455,
0x0F0E,	0x6677,
0x0B04,	0x1B38,
0x0B06,	0x1505,
0x0B1C,	0x19C0,
0x0B1E,	0x1360,
0x0B20,	0x0CD0,
0x0B22,	0x09A0,
0x0B30,	0x0000,
0x0B34,	0x0000,
0x1500,	0x2220,
0x1506,	0x0000,
0x1508,	0x0050,
0x150A,	0x0120,
0x150C,	0x4100,
0x1520,	0x0100,
0x0A08,	0x688F,
0x0A10,	0xA040,
0x0A12,	0x0003,
0x0C00,	0x0221,
0x0746,	0x0061,
0x0766,	0x0060,
0x0798,	0x0061,
0x07A0,	0x0060,
0x07A8,	0x0001,
0x07CA,	0x0001,
0x12A0,	0x0000,
0x1C00,	0x0000,
0x1C40,	0x0000,
0x1000,	0x03C0,
0x1002,	0xC311,
0x1004,	0x2BB0,
0x1020,	0xC103,
0x1022,	0x0410,
0x1024,	0x0104,
0x1026,	0x0307,
0x1028,	0x0906,
0x102A,	0x090A,
0x102C,	0x000F,
0x102E,	0x0808,
0x1062,	0x0008,
0x10C6,	0x8200,
0x10E0,	0x8411,
0x10E2,	0x0000,
0x10E4,	0x1850,
0x10E6,	0x0300,
0x10E8,	0x0000,
0x10EA,	0x0029,
0x10EC,	0x0008,
0x10EE,	0x001C,
0x10F0,	0x0100,
0x10F2,	0x0000,
0x10F4,	0x0400,
0x0384,	0x0200,
0x8BDC,	0x01B4,
0x8BDE,	0x01CB,
0x8BE0,	0x01E2,
0x8BE2,	0x01FC,
0x8BE4,	0x0217,
0x8BE6,	0x0233,
0x8BE8,	0x0313,
0x8BEA,	0x033D,
0x8BEC,	0x0365,
0x8BEE,	0x039D,
0x8BF0,	0x0670,
0x8BF2,	0x0800,
0x8BF4,	0xFEBD,
0x8BF6,	0x0093,
0x8BF8,	0x0022,
0x8BFA,	0xFFE1,
0x8BFC,	0xFF8C,
0x8BFE,	0x0000,
0x8C00,	0x0004,
0x8C02,	0x129C,
0x8C04,	0x2B6C,
0x8C06,	0x4D8B,
0x8C08,	0x5D0D,
0x8C0A,	0x7C11,
0x8C0C,	0x0800,
0x8C0E,	0x0800,
0x8C10,	0x0800,
0x8C12,	0x0800,
0x8C14,	0x0800,
0x8C16,	0x0800,
0x8C18,	0x0000,
0x8C1A,	0x0000,
0x8C1C,	0x0000,
0x8C1E,	0x0000,
0x8C20,	0x0000,
0x8C22,	0x0000,
0x8C24,	0x0000,
0x8C26,	0x0070,
0x8C28,	0x00F0,
0x8C2A,	0x01F0,
0x8C2C,	0x02F0,
0x8C2E,	0x03F0,
0x8C30,	0x0800,
0x8C32,	0x0800,
0x8C34,	0x0800,
0x8C36,	0x0800,
0x8C38,	0x0800,
0x8C3A,	0x0800,
0x8C3C,	0xFFBC,
0x8C3E,	0xFF25,
0x8C40,	0xFE32,
0x8C42,	0xFCA8,
0x8C44,	0xFAA8,
0x8C46,	0xF94E,
0x8C48,	0x01B4,
0x8C4A,	0x01CB,
0x8C4C,	0x01E2,
0x8C4E,	0x01FC,
0x8C50,	0x0217,
0x8C52,	0x0233,
0x8C54,	0x0315,
0x8C56,	0x033E,
0x8C58,	0x0367,
0x8C5A,	0x0380,
0x8C5C,	0x03A0,
0x8C5E,	0x0800,
0x8C60,	0xFFB4,
0x8C62,	0x00C5,
0x8C64,	0x0025,
0x8C66,	0x0041,
0x8C68,	0xFF9D,
0x8C6A,	0x0000,
0x8C6C,	0x0004,
0x8C6E,	0x129C,
0x8C70,	0x2B6C,
0x8C72,	0x4D8B,
0x8C74,	0x5D0D,
0x8C76,	0x7C11,
0x8C78,	0x0800,
0x8C7A,	0x0800,
0x8C7C,	0x0800,
0x8C7E,	0x0800,
0x8C80,	0x0800,
0x8C82,	0x0800,
0x8C84,	0x0000,
0x8C86,	0x0000,
0x8C88,	0x0000,
0x8C8A,	0x0000,
0x8C8C,	0x0000,
0x8C8E,	0x0000,
0x8C90,	0x0000,
0x8C92,	0x0070,
0x8C94,	0x00F0,
0x8C96,	0x01F0,
0x8C98,	0x02F0,
0x8C9A,	0x03F0,
0x8C9C,	0x0800,
0x8C9E,	0x0800,
0x8CA0,	0x0800,
0x8CA2,	0x0800,
0x8CA4,	0x0800,
0x8CA6,	0x0800,
0x8CA8,	0xFFA0,
0x8CAA,	0xFF24,
0x8CAC,	0xFE0B,
0x8CAE,	0xFC55,
0x8CB0,	0xFAAD,
0x8CB2,	0xF961,
0x8CB4,	0x01B4,
0x8CB6,	0x01CB,
0x8CB8,	0x01E2,
0x8CBA,	0x01FC,
0x8CBC,	0x0217,
0x8CBE,	0x0233,
0x8CC0,	0x0310,
0x8CC2,	0x033F,
0x8CC4,	0x036B,
0x8CC6,	0x03D5,
0x8CC8,	0x0690,
0x8CCA,	0x0800,
0x8CCC,	0xFFB9,
0x8CCE,	0x0059,
0x8CD0,	0x0006,
0x8CD2,	0xFF97,
0x8CD4,	0xFFBE,
0x8CD6,	0x0000,
0x8CD8,	0x0004,
0x8CDA,	0x129C,
0x8CDC,	0x2B6C,
0x8CDE,	0x4D8B,
0x8CE0,	0x5D0D,
0x8CE2,	0x7C11,
0x8CE4,	0x0800,
0x8CE6,	0x0800,
0x8CE8,	0x0800,
0x8CEA,	0x0800,
0x8CEC,	0x0800,
0x8CEE,	0x0800,
0x8CF0,	0x0000,
0x8CF2,	0x0000,
0x8CF4,	0x0000,
0x8CF6,	0x0000,
0x8CF8,	0x0000,
0x8CFA,	0x0000,
0x8CFC,	0x0000,
0x8CFE,	0x0070,
0x8D00,	0x00F0,
0x8D02,	0x01F0,
0x8D04,	0x02F0,
0x8D06,	0x03F0,
0x8D08,	0x0800,
0x8D0A,	0x0800,
0x8D0C,	0x0800,
0x8D0E,	0x0800,
0x8D10,	0x0800,
0x8D12,	0x0800,
0x8D14,	0xFFB3,
0x8D16,	0xFF3C,
0x8D18,	0xFE46,
0x8D1A,	0xFC8D,
0x8D1C,	0xFAE4,
0x8D1E,	0xF91C,
0x8D20,	0x01B4,
0x8D22,	0x01CB,
0x8D24,	0x01E2,
0x8D26,	0x01FC,
0x8D28,	0x0217,
0x8D2A,	0x0233,
0x8D2C,	0x0310,
0x8D2E,	0x0348,
0x8D30,	0x036A,
0x8D32,	0x03AD,
0x8D34,	0x0580,
0x8D36,	0x0800,
0x8D38,	0x006F,
0x8D3A,	0xFF8F,
0x8D3C,	0x0043,
0x8D3E,	0x0015,
0x8D40,	0xFFC8,
0x8D42,	0x0000,
0x8D44,	0x0004,
0x8D46,	0x129C,
0x8D48,	0x2B6C,
0x8D4A,	0x4D8B,
0x8D4C,	0x5D0D,
0x8D4E,	0x7C11,
0x8D50,	0x0800,
0x8D52,	0x0800,
0x8D54,	0x0800,
0x8D56,	0x0800,
0x8D58,	0x0800,
0x8D5A,	0x0800,
0x8D5C,	0x0000,
0x8D5E,	0x0000,
0x8D60,	0x0000,
0x8D62,	0x0000,
0x8D64,	0x0000,
0x8D66,	0x0000,
0x8D68,	0x0000,
0x8D6A,	0x0070,
0x8D6C,	0x00F0,
0x8D6E,	0x01F0,
0x8D70,	0x02F0,
0x8D72,	0x03F0,
0x8D74,	0x0800,
0x8D76,	0x0800,
0x8D78,	0x0800,
0x8D7A,	0x0800,
0x8D7C,	0x0800,
0x8D7E,	0x0800,
0x8D80,	0xFFC9,
0x8D82,	0xFF37,
0x8D84,	0xFE39,
0x8D86,	0xFC7B,
0x8D88,	0xFAFA,
0x8D8A,	0xF947,
0x8D8C,	0x0800,
0x8D8E,	0x0000,
0x8D90,	0x0800,
0x8D92,	0x0000,
0x8D94,	0x0800,
0x8D96,	0x0000,
0x8D98,	0x0800,
0x8D9A,	0x0000,
0x8D9C,	0x0000,
0x8D9E,	0x0000,
0x8DA0,	0x0000,
0x8DA2,	0x0000,
0x8DA4,	0x0000,
0x8DA6,	0x0000,
0x8DA8,	0x0000,
0x8DAA,	0x0000,
0x2B00,	0x0043,
0x2B02,	0x004C,
0x2B04,	0x0078,
0x2B06,	0x00AB,
0x2B08,	0x0166,
0x2B0A,	0x021E,
0x2B0C,	0x033B,
0x2B0E,	0x07FF,
0x2B10,	0x0043,
0x2B12,	0x004C,
0x2B14,	0x0078,
0x2B16,	0x00AB,
0x2B18,	0x0166,
0x2B1A,	0x021E,
0x2B1C,	0x033B,
0x2B1E,	0x07FF,
0x2B20,	0x0043,
0x2B22,	0x0045,
0x2B24,	0x004A,
0x2B26,	0x006C,
0x2B28,	0x00B6,
0x2B2A,	0x0122,
0x2B2C,	0x01EF,
0x2B2E,	0x07FF,
0x2B30,	0x0045,
0x2B32,	0x0049,
0x2B34,	0x0052,
0x2B36,	0x0064,
0x2B38,	0x00AB,
0x2B3A,	0x00EF,
0x2B3C,	0x01CF,
0x2B3E,	0x07FF,
0x1900,	0x00C5,
0x1902,	0x0000,
0x1904,	0x2046,
0x1906,	0x0000,
0x1908,	0x200E,
0x190A,	0x0000,
0x190C,	0x0024,
0x190E,	0x0000,
0x1910,	0x005F,
0x1912,	0x0000,
0x1914,	0x00B5,
0x1916,	0x0000,
0x1918,	0x010C,
0x191A,	0x0000,
0x1A00,	0x00C5,
0x1A02,	0x0000,
0x1A04,	0x2046,
0x1A06,	0x0000,
0x1A08,	0x200E,
0x1A0A,	0x0000,
0x1A0C,	0x0024,
0x1A0E,	0x0000,
0x1A10,	0x005F,
0x1A12,	0x0000,
0x1A14,	0x00B5,
0x1A16,	0x0000,
0x1A18,	0x010C,
0x1A1A,	0x0000,
0x2900,	0x2043,
0x2902,	0x0000,
0x2904,	0x0032,
0x2906,	0x0000,
0x2908,	0x202A,
0x290A,	0x0000,
0x290C,	0x000E,
0x290E,	0x0000,
0x2910,	0x0033,
0x2912,	0x0000,
0x2914,	0x0050,
0x2916,	0x0000,
0x2918,	0x00A0,
0x291A,	0x0000,
0x2A00,	0x0082,
0x2A02,	0x0000,
0x2A04,	0x000D,
0x2A06,	0x0000,
0x2A08,	0x203E,
0x2A0A,	0x0000,
0x2A0C,	0x0002,
0x2A0E,	0x0000,
0x2A10,	0x0022,
0x2A12,	0x0000,
0x2A14,	0x0044,
0x2A16,	0x0000,
0x2A18,	0x007E,
0x2A1A,	0x0000,
0x191C,	0x0646,
0x191E,	0x0002,
0x1920,	0x0639,
0x1922,	0x0000,
0x1924,	0x05EB,
0x1926,	0x0002,
0x1928,	0x1B17,
0x192A,	0x0002,
0x192C,	0x5E98,
0x192E,	0x0002,
0x1930,	0xFE88,
0x1932,	0x0002,
0x1934,	0xFFD1,
0x1936,	0x0003,
0x1A1C,	0x0646,
0x1A1E,	0x0002,
0x1A20,	0x0639,
0x1A22,	0x0000,
0x1A24,	0x05EB,
0x1A26,	0x0002,
0x1A28,	0x1B17,
0x1A2A,	0x0002,
0x1A2C,	0x5E98,
0x1A2E,	0x0002,
0x1A30,	0xFE88,
0x1A32,	0x0002,
0x1A34,	0xFFD1,
0x1A36,	0x0003,
0x291C,	0x005F,
0x291E,	0x0002,
0x2920,	0x0297,
0x2922,	0x0002,
0x2924,	0x0119,
0x2926,	0x0000,
0x2928,	0x08C1,
0x292A,	0x0002,
0x292C,	0x1A05,
0x292E,	0x0002,
0x2930,	0x32B9,
0x2932,	0x0002,
0x2934,	0xBA63,
0x2936,	0x0002,
0x2A1C,	0x02BA,
0x2A1E,	0x0002,
0x2A20,	0x0146,
0x2A22,	0x0000,
0x2A24,	0x06A8,
0x2A26,	0x0000,
0x2A28,	0x0288,
0x2A2A,	0x0002,
0x2A2C,	0x0F87,
0x2A2E,	0x0002,
0x2A30,	0x2723,
0x2A32,	0x0002,
0x2A34,	0x818D,
0x2A36,	0x0002,
0x8ADC,	0x0202,
0x8ADE,	0x0202,
0x8AE0,	0x0203,
0x8AE2,	0x0205,
0x8AE4,	0x0204,
0x8AE6,	0x0204,
0x8AE8,	0x0204,
0x8AEA,	0x0205,
0x8AEC,	0x0207,
0x8AEE,	0x0206,
0x8AF0,	0x0207,
0x8AF2,	0x0208,
0x8AF4,	0x0209,
0x8AF6,	0x020A,
0x8AF8,	0x020A,
0x8AFA,	0x020A,
0x8AFC,	0x020B,
0x8AFE,	0x020C,
0x8B00,	0x020C,
0x8B02,	0x020D,
0x8B04,	0x020D,
0x8B06,	0x020D,
0x8B08,	0x020D,
0x8B0A,	0x020F,
0x8B0C,	0x020F,
0x8B0E,	0x020F,
0x8B10,	0x0210,
0x8B12,	0x0210,
0x8B14,	0x0211,
0x8B16,	0x0211,
0x8B18,	0x0212,
0x8B1A,	0x0212,
0x8B1C,	0x0202,
0x8B1E,	0x0202,
0x8B20,	0x0203,
0x8B22,	0x0205,
0x8B24,	0x0204,
0x8B26,	0x0204,
0x8B28,	0x0204,
0x8B2A,	0x0205,
0x8B2C,	0x0207,
0x8B2E,	0x0206,
0x8B30,	0x0207,
0x8B32,	0x0208,
0x8B34,	0x0209,
0x8B36,	0x020A,
0x8B38,	0x020A,
0x8B3A,	0x020A,
0x8B3C,	0x020B,
0x8B3E,	0x020C,
0x8B40,	0x020C,
0x8B42,	0x020D,
0x8B44,	0x020D,
0x8B46,	0x020D,
0x8B48,	0x020D,
0x8B4A,	0x020F,
0x8B4C,	0x020F,
0x8B4E,	0x020F,
0x8B50,	0x0210,
0x8B52,	0x0210,
0x8B54,	0x0211,
0x8B56,	0x0211,
0x8B58,	0x0212,
0x8B5A,	0x0212,
0x8B5C,	0x0204,
0x8B5E,	0x0203,
0x8B60,	0x0204,
0x8B62,	0x0203,
0x8B64,	0x0204,
0x8B66,	0x0204,
0x8B68,	0x0205,
0x8B6A,	0x0205,
0x8B6C,	0x0206,
0x8B6E,	0x0206,
0x8B70,	0x0207,
0x8B72,	0x0208,
0x8B74,	0x0209,
0x8B76,	0x020A,
0x8B78,	0x020A,
0x8B7A,	0x020A,
0x8B7C,	0x020B,
0x8B7E,	0x020B,
0x8B80,	0x020C,
0x8B82,	0x020D,
0x8B84,	0x020E,
0x8B86,	0x020D,
0x8B88,	0x020F,
0x8B8A,	0x020F,
0x8B8C,	0x0210,
0x8B8E,	0x0210,
0x8B90,	0x0211,
0x8B92,	0x0211,
0x8B94,	0x0213,
0x8B96,	0x0212,
0x8B98,	0x0214,
0x8B9A,	0x0214,
0x8B9C,	0x0204,
0x8B9E,	0x0209,
0x8BA0,	0x020C,
0x8BA2,	0x020D,
0x8BA4,	0x020D,
0x8BA6,	0x020D,
0x8BA8,	0x020E,
0x8BAA,	0x020F,
0x8BAC,	0x0210,
0x8BAE,	0x0210,
0x8BB0,	0x0211,
0x8BB2,	0x0212,
0x8BB4,	0x0213,
0x8BB6,	0x0213,
0x8BB8,	0x0214,
0x8BBA,	0x0215,
0x8BBC,	0x0215,
0x8BBE,	0x0216,
0x8BC0,	0x0216,
0x8BC2,	0x0218,
0x8BC4,	0x0218,
0x8BC6,	0x0219,
0x8BC8,	0x0219,
0x8BCA,	0x021A,
0x8BCC,	0x021A,
0x8BCE,	0x021B,
0x8BD0,	0x021C,
0x8BD2,	0x021C,
0x8BD4,	0x021E,
0x8BD6,	0x021D,
0x8BD8,	0x021F,
0x8BDA,	0x021F,
};

static u16 addr_data_pair_capture[] = {
0x0204,	0x8828,
0x0206,	0x0650,
0x020C,	0x0A47,
0x0210,	0x0A50,
0x0226,	0x004F,
0x023A,	0x1B7E,
0x024C,	0x0090,
0x024E,	0x13EE,
0x0280,	0x0044,
0x0282,	0x0404,
0x0348,	0x0AC6,
0x034A,	0x0223,
0x034C,	0x0021,
0x034E,	0x0000,
0x035A,	0x0020,
0x0364,	0x00E2,
0x0380,	0x0032,
0x0382,	0x00C8,
0x0390,	0x0A50,
0x0394,	0x0A50,
0x0398,	0x0A50,
0x039C,	0x0650,
0x03A0,	0x0A50,
0x0402,	0x700A,
0x0404,	0x1000,
0x0406,	0x0202,
0x0408,	0x0202,
0x040A,	0xB1E4,
0x0414,	0x0800,
0x0416,	0x000C,
0x0418,	0x01A8,
0x042E,	0x1100,
0x0430,	0x0202,
0x0446,	0x08FE,
0x0448,	0x1011,
0x0452,	0x0400,
0x0476,	0x0001,
0x050C,	0x0A50,
0x0510,	0x0A47,
0x0524,	0x0A47,
0x0538,	0x0A47,
0x054C,	0x0A47,
0x0D00,	0x0000,
0x0D2C,	0x4004,
0x0602,	0x3112,
0x0604,	0x884B,
0x0624,	0x78A4,
0x063A,	0x0089,
0x063C,	0x019D,
0x06FA,	0xFFFF,
0x3502,	0x00C5,
0x3600,	0x0201,
0x3604,	0x3120,
0x3606,	0x7564,
0x3608,	0x1302,
0x360A,	0x5746,
0x3630,	0x00AB,
0x3634,	0x0028,
0x2804,	0x4D8B,
0x527C,	0x0180,
0x5298,	0x031E,
0x0F00,	0x0000,
0x0F04,	0x0008,
0x0F06,	0x0008,
0x0F08,	0x0011,
0x0F0A,	0x2233,
0x0F0C,	0x4455,
0x0F0E,	0x6677,
0x0B04,	0x1B38,
0x0B06,	0x1505,
0x0B1C,	0x19C0,
0x0B1E,	0x1360,
0x0B20,	0x0CD0,
0x0B22,	0x09A0,
0x0B30,	0x0000,
0x0B34,	0x0000,
0x1500,	0x2220,
0x1506,	0x0000,
0x1508,	0x0050,
0x150A,	0x0120,
0x150C,	0x4100,
0x1520,	0x0100,
0x0A08,	0x688F,
0x0A10,	0xA040,
0x0A12,	0x0003,
0x0C00,	0x0221,
0x0746,	0x0061,
0x0766,	0x0060,
0x0798,	0x0061,
0x07A0,	0x0060,
0x07A8,	0x0001,
0x07CA,	0x0001,
0x12A0,	0x0000,
0x1C00,	0x0000,
0x1C40,	0x0000,
0x1000,	0x03C0,
0x1002,	0xC311,
0x1004,	0x2BB0,
0x1020,	0xC103,
0x1022,	0x0410,
0x1024,	0x0104,
0x1026,	0x0307,
0x1028,	0x0906,
0x102A,	0x090A,
0x102C,	0x000F,
0x102E,	0x0808,
0x1062,	0x0008,
0x10C6,	0x8200,
0x10E0,	0x8411,
0x10E2,	0x0000,
0x10E4,	0x1850,
0x10E6,	0x0300,
0x10E8,	0x0000,
0x10EA,	0x0029,
0x10EC,	0x0008,
0x10EE,	0x001C,
0x10F0,	0x0100,
0x10F2,	0x0000,
0x10F4,	0x0400,
0x0384,	0x0200,
0x8BDC,	0x01B4,
0x8BDE,	0x01CB,
0x8BE0,	0x01E2,
0x8BE2,	0x01FC,
0x8BE4,	0x0217,
0x8BE6,	0x0233,
0x8BE8,	0x0313,
0x8BEA,	0x033D,
0x8BEC,	0x0365,
0x8BEE,	0x039D,
0x8BF0,	0x0670,
0x8BF2,	0x0800,
0x8BF4,	0xFEBD,
0x8BF6,	0x0093,
0x8BF8,	0x0022,
0x8BFA,	0xFFE1,
0x8BFC,	0xFF8C,
0x8BFE,	0x0000,
0x8C00,	0x0004,
0x8C02,	0x129C,
0x8C04,	0x2B6C,
0x8C06,	0x4D8B,
0x8C08,	0x5D0D,
0x8C0A,	0x7C11,
0x8C0C,	0x0800,
0x8C0E,	0x0800,
0x8C10,	0x0800,
0x8C12,	0x0800,
0x8C14,	0x0800,
0x8C16,	0x0800,
0x8C18,	0x0000,
0x8C1A,	0x0000,
0x8C1C,	0x0000,
0x8C1E,	0x0000,
0x8C20,	0x0000,
0x8C22,	0x0000,
0x8C24,	0x0000,
0x8C26,	0x0070,
0x8C28,	0x00F0,
0x8C2A,	0x01F0,
0x8C2C,	0x02F0,
0x8C2E,	0x03F0,
0x8C30,	0x0800,
0x8C32,	0x0800,
0x8C34,	0x0800,
0x8C36,	0x0800,
0x8C38,	0x0800,
0x8C3A,	0x0800,
0x8C3C,	0xFFBC,
0x8C3E,	0xFF25,
0x8C40,	0xFE32,
0x8C42,	0xFCA8,
0x8C44,	0xFAA8,
0x8C46,	0xF94E,
0x8C48,	0x01B4,
0x8C4A,	0x01CB,
0x8C4C,	0x01E2,
0x8C4E,	0x01FC,
0x8C50,	0x0217,
0x8C52,	0x0233,
0x8C54,	0x0315,
0x8C56,	0x033E,
0x8C58,	0x0367,
0x8C5A,	0x0380,
0x8C5C,	0x03A0,
0x8C5E,	0x0800,
0x8C60,	0xFFB4,
0x8C62,	0x00C5,
0x8C64,	0x0025,
0x8C66,	0x0041,
0x8C68,	0xFF9D,
0x8C6A,	0x0000,
0x8C6C,	0x0004,
0x8C6E,	0x129C,
0x8C70,	0x2B6C,
0x8C72,	0x4D8B,
0x8C74,	0x5D0D,
0x8C76,	0x7C11,
0x8C78,	0x0800,
0x8C7A,	0x0800,
0x8C7C,	0x0800,
0x8C7E,	0x0800,
0x8C80,	0x0800,
0x8C82,	0x0800,
0x8C84,	0x0000,
0x8C86,	0x0000,
0x8C88,	0x0000,
0x8C8A,	0x0000,
0x8C8C,	0x0000,
0x8C8E,	0x0000,
0x8C90,	0x0000,
0x8C92,	0x0070,
0x8C94,	0x00F0,
0x8C96,	0x01F0,
0x8C98,	0x02F0,
0x8C9A,	0x03F0,
0x8C9C,	0x0800,
0x8C9E,	0x0800,
0x8CA0,	0x0800,
0x8CA2,	0x0800,
0x8CA4,	0x0800,
0x8CA6,	0x0800,
0x8CA8,	0xFFA0,
0x8CAA,	0xFF24,
0x8CAC,	0xFE0B,
0x8CAE,	0xFC55,
0x8CB0,	0xFAAD,
0x8CB2,	0xF961,
0x8CB4,	0x01B4,
0x8CB6,	0x01CB,
0x8CB8,	0x01E2,
0x8CBA,	0x01FC,
0x8CBC,	0x0217,
0x8CBE,	0x0233,
0x8CC0,	0x0310,
0x8CC2,	0x033F,
0x8CC4,	0x036B,
0x8CC6,	0x03D5,
0x8CC8,	0x0690,
0x8CCA,	0x0800,
0x8CCC,	0xFFB9,
0x8CCE,	0x0059,
0x8CD0,	0x0006,
0x8CD2,	0xFF97,
0x8CD4,	0xFFBE,
0x8CD6,	0x0000,
0x8CD8,	0x0004,
0x8CDA,	0x129C,
0x8CDC,	0x2B6C,
0x8CDE,	0x4D8B,
0x8CE0,	0x5D0D,
0x8CE2,	0x7C11,
0x8CE4,	0x0800,
0x8CE6,	0x0800,
0x8CE8,	0x0800,
0x8CEA,	0x0800,
0x8CEC,	0x0800,
0x8CEE,	0x0800,
0x8CF0,	0x0000,
0x8CF2,	0x0000,
0x8CF4,	0x0000,
0x8CF6,	0x0000,
0x8CF8,	0x0000,
0x8CFA,	0x0000,
0x8CFC,	0x0000,
0x8CFE,	0x0070,
0x8D00,	0x00F0,
0x8D02,	0x01F0,
0x8D04,	0x02F0,
0x8D06,	0x03F0,
0x8D08,	0x0800,
0x8D0A,	0x0800,
0x8D0C,	0x0800,
0x8D0E,	0x0800,
0x8D10,	0x0800,
0x8D12,	0x0800,
0x8D14,	0xFFB3,
0x8D16,	0xFF3C,
0x8D18,	0xFE46,
0x8D1A,	0xFC8D,
0x8D1C,	0xFAE4,
0x8D1E,	0xF91C,
0x8D20,	0x01B4,
0x8D22,	0x01CB,
0x8D24,	0x01E2,
0x8D26,	0x01FC,
0x8D28,	0x0217,
0x8D2A,	0x0233,
0x8D2C,	0x0310,
0x8D2E,	0x0348,
0x8D30,	0x036A,
0x8D32,	0x03AD,
0x8D34,	0x0580,
0x8D36,	0x0800,
0x8D38,	0x006F,
0x8D3A,	0xFF8F,
0x8D3C,	0x0043,
0x8D3E,	0x0015,
0x8D40,	0xFFC8,
0x8D42,	0x0000,
0x8D44,	0x0004,
0x8D46,	0x129C,
0x8D48,	0x2B6C,
0x8D4A,	0x4D8B,
0x8D4C,	0x5D0D,
0x8D4E,	0x7C11,
0x8D50,	0x0800,
0x8D52,	0x0800,
0x8D54,	0x0800,
0x8D56,	0x0800,
0x8D58,	0x0800,
0x8D5A,	0x0800,
0x8D5C,	0x0000,
0x8D5E,	0x0000,
0x8D60,	0x0000,
0x8D62,	0x0000,
0x8D64,	0x0000,
0x8D66,	0x0000,
0x8D68,	0x0000,
0x8D6A,	0x0070,
0x8D6C,	0x00F0,
0x8D6E,	0x01F0,
0x8D70,	0x02F0,
0x8D72,	0x03F0,
0x8D74,	0x0800,
0x8D76,	0x0800,
0x8D78,	0x0800,
0x8D7A,	0x0800,
0x8D7C,	0x0800,
0x8D7E,	0x0800,
0x8D80,	0xFFC9,
0x8D82,	0xFF37,
0x8D84,	0xFE39,
0x8D86,	0xFC7B,
0x8D88,	0xFAFA,
0x8D8A,	0xF947,
0x8D8C,	0x0800,
0x8D8E,	0x0000,
0x8D90,	0x0800,
0x8D92,	0x0000,
0x8D94,	0x0800,
0x8D96,	0x0000,
0x8D98,	0x0800,
0x8D9A,	0x0000,
0x8D9C,	0x0000,
0x8D9E,	0x0000,
0x8DA0,	0x0000,
0x8DA2,	0x0000,
0x8DA4,	0x0000,
0x8DA6,	0x0000,
0x8DA8,	0x0000,
0x8DAA,	0x0000,
0x2B00,	0x0043,
0x2B02,	0x004C,
0x2B04,	0x0078,
0x2B06,	0x00AB,
0x2B08,	0x0166,
0x2B0A,	0x021E,
0x2B0C,	0x033B,
0x2B0E,	0x07FF,
0x2B10,	0x0043,
0x2B12,	0x004C,
0x2B14,	0x0078,
0x2B16,	0x00AB,
0x2B18,	0x0166,
0x2B1A,	0x021E,
0x2B1C,	0x033B,
0x2B1E,	0x07FF,
0x2B20,	0x0043,
0x2B22,	0x0045,
0x2B24,	0x004A,
0x2B26,	0x006C,
0x2B28,	0x00B6,
0x2B2A,	0x0122,
0x2B2C,	0x01EF,
0x2B2E,	0x07FF,
0x2B30,	0x0045,
0x2B32,	0x0049,
0x2B34,	0x0052,
0x2B36,	0x0064,
0x2B38,	0x00AB,
0x2B3A,	0x00EF,
0x2B3C,	0x01CF,
0x2B3E,	0x07FF,
0x1900,	0x00C5,
0x1902,	0x0000,
0x1904,	0x2046,
0x1906,	0x0000,
0x1908,	0x200E,
0x190A,	0x0000,
0x190C,	0x0024,
0x190E,	0x0000,
0x1910,	0x005F,
0x1912,	0x0000,
0x1914,	0x00B5,
0x1916,	0x0000,
0x1918,	0x010C,
0x191A,	0x0000,
0x1A00,	0x00C5,
0x1A02,	0x0000,
0x1A04,	0x2046,
0x1A06,	0x0000,
0x1A08,	0x200E,
0x1A0A,	0x0000,
0x1A0C,	0x0024,
0x1A0E,	0x0000,
0x1A10,	0x005F,
0x1A12,	0x0000,
0x1A14,	0x00B5,
0x1A16,	0x0000,
0x1A18,	0x010C,
0x1A1A,	0x0000,
0x2900,	0x2043,
0x2902,	0x0000,
0x2904,	0x0032,
0x2906,	0x0000,
0x2908,	0x202A,
0x290A,	0x0000,
0x290C,	0x000E,
0x290E,	0x0000,
0x2910,	0x0033,
0x2912,	0x0000,
0x2914,	0x0050,
0x2916,	0x0000,
0x2918,	0x00A0,
0x291A,	0x0000,
0x2A00,	0x0082,
0x2A02,	0x0000,
0x2A04,	0x000D,
0x2A06,	0x0000,
0x2A08,	0x203E,
0x2A0A,	0x0000,
0x2A0C,	0x0002,
0x2A0E,	0x0000,
0x2A10,	0x0022,
0x2A12,	0x0000,
0x2A14,	0x0044,
0x2A16,	0x0000,
0x2A18,	0x007E,
0x2A1A,	0x0000,
0x191C,	0x0646,
0x191E,	0x0002,
0x1920,	0x0639,
0x1922,	0x0000,
0x1924,	0x05EB,
0x1926,	0x0002,
0x1928,	0x1B17,
0x192A,	0x0002,
0x192C,	0x5E98,
0x192E,	0x0002,
0x1930,	0xFE88,
0x1932,	0x0002,
0x1934,	0xFFD1,
0x1936,	0x0003,
0x1A1C,	0x0646,
0x1A1E,	0x0002,
0x1A20,	0x0639,
0x1A22,	0x0000,
0x1A24,	0x05EB,
0x1A26,	0x0002,
0x1A28,	0x1B17,
0x1A2A,	0x0002,
0x1A2C,	0x5E98,
0x1A2E,	0x0002,
0x1A30,	0xFE88,
0x1A32,	0x0002,
0x1A34,	0xFFD1,
0x1A36,	0x0003,
0x291C,	0x005F,
0x291E,	0x0002,
0x2920,	0x0297,
0x2922,	0x0002,
0x2924,	0x0119,
0x2926,	0x0000,
0x2928,	0x08C1,
0x292A,	0x0002,
0x292C,	0x1A05,
0x292E,	0x0002,
0x2930,	0x32B9,
0x2932,	0x0002,
0x2934,	0xBA63,
0x2936,	0x0002,
0x2A1C,	0x02BA,
0x2A1E,	0x0002,
0x2A20,	0x0146,
0x2A22,	0x0000,
0x2A24,	0x06A8,
0x2A26,	0x0000,
0x2A28,	0x0288,
0x2A2A,	0x0002,
0x2A2C,	0x0F87,
0x2A2E,	0x0002,
0x2A30,	0x2723,
0x2A32,	0x0002,
0x2A34,	0x818D,
0x2A36,	0x0002,
0x8ADC,	0x0202,
0x8ADE,	0x0202,
0x8AE0,	0x0203,
0x8AE2,	0x0205,
0x8AE4,	0x0204,
0x8AE6,	0x0204,
0x8AE8,	0x0204,
0x8AEA,	0x0205,
0x8AEC,	0x0207,
0x8AEE,	0x0206,
0x8AF0,	0x0207,
0x8AF2,	0x0208,
0x8AF4,	0x0209,
0x8AF6,	0x020A,
0x8AF8,	0x020A,
0x8AFA,	0x020A,
0x8AFC,	0x020B,
0x8AFE,	0x020C,
0x8B00,	0x020C,
0x8B02,	0x020D,
0x8B04,	0x020D,
0x8B06,	0x020D,
0x8B08,	0x020D,
0x8B0A,	0x020F,
0x8B0C,	0x020F,
0x8B0E,	0x020F,
0x8B10,	0x0210,
0x8B12,	0x0210,
0x8B14,	0x0211,
0x8B16,	0x0211,
0x8B18,	0x0212,
0x8B1A,	0x0212,
0x8B1C,	0x0202,
0x8B1E,	0x0202,
0x8B20,	0x0203,
0x8B22,	0x0205,
0x8B24,	0x0204,
0x8B26,	0x0204,
0x8B28,	0x0204,
0x8B2A,	0x0205,
0x8B2C,	0x0207,
0x8B2E,	0x0206,
0x8B30,	0x0207,
0x8B32,	0x0208,
0x8B34,	0x0209,
0x8B36,	0x020A,
0x8B38,	0x020A,
0x8B3A,	0x020A,
0x8B3C,	0x020B,
0x8B3E,	0x020C,
0x8B40,	0x020C,
0x8B42,	0x020D,
0x8B44,	0x020D,
0x8B46,	0x020D,
0x8B48,	0x020D,
0x8B4A,	0x020F,
0x8B4C,	0x020F,
0x8B4E,	0x020F,
0x8B50,	0x0210,
0x8B52,	0x0210,
0x8B54,	0x0211,
0x8B56,	0x0211,
0x8B58,	0x0212,
0x8B5A,	0x0212,
0x8B5C,	0x0204,
0x8B5E,	0x0203,
0x8B60,	0x0204,
0x8B62,	0x0203,
0x8B64,	0x0204,
0x8B66,	0x0204,
0x8B68,	0x0205,
0x8B6A,	0x0205,
0x8B6C,	0x0206,
0x8B6E,	0x0206,
0x8B70,	0x0207,
0x8B72,	0x0208,
0x8B74,	0x0209,
0x8B76,	0x020A,
0x8B78,	0x020A,
0x8B7A,	0x020A,
0x8B7C,	0x020B,
0x8B7E,	0x020B,
0x8B80,	0x020C,
0x8B82,	0x020D,
0x8B84,	0x020E,
0x8B86,	0x020D,
0x8B88,	0x020F,
0x8B8A,	0x020F,
0x8B8C,	0x0210,
0x8B8E,	0x0210,
0x8B90,	0x0211,
0x8B92,	0x0211,
0x8B94,	0x0213,
0x8B96,	0x0212,
0x8B98,	0x0214,
0x8B9A,	0x0214,
0x8B9C,	0x0204,
0x8B9E,	0x0209,
0x8BA0,	0x020C,
0x8BA2,	0x020D,
0x8BA4,	0x020D,
0x8BA6,	0x020D,
0x8BA8,	0x020E,
0x8BAA,	0x020F,
0x8BAC,	0x0210,
0x8BAE,	0x0210,
0x8BB0,	0x0211,
0x8BB2,	0x0212,
0x8BB4,	0x0213,
0x8BB6,	0x0213,
0x8BB8,	0x0214,
0x8BBA,	0x0215,
0x8BBC,	0x0215,
0x8BBE,	0x0216,
0x8BC0,	0x0216,
0x8BC2,	0x0218,
0x8BC4,	0x0218,
0x8BC6,	0x0219,
0x8BC8,	0x0219,
0x8BCA,	0x021A,
0x8BCC,	0x021A,
0x8BCE,	0x021B,
0x8BD0,	0x021C,
0x8BD2,	0x021C,
0x8BD4,	0x021E,
0x8BD6,	0x021D,
0x8BD8,	0x021F,
0x8BDA,	0x021F,
};

static u16 addr_data_pair_normal_video[] = {
0x0204,	0x8828,
0x0206,	0x0328,
0x020C,	0x1496,
0x0210,	0x149E,
0x0226,	0x004F,
0x023A,	0x1B7E,
0x024C,	0x0300,
0x024E,	0x117E,
0x0280,	0x0044,
0x0282,	0x0404,
0x0348,	0x0AC6,
0x034A,	0x0223,
0x034C,	0x0021,
0x034E,	0x0000,
0x035A,	0x0020,
0x0364,	0x00E2,
0x0380,	0x0032,
0x0382,	0x00C8,
0x0390,	0x149E,
0x0394,	0x149E,
0x0398,	0x149E,
0x039C,	0x0328,
0x03A0,	0x149E,
0x0402,	0x700A,
0x0404,	0x1000,
0x0406,	0x0202,
0x0408,	0x0202,
0x040A,	0xB1E4,
0x0414,	0x0800,
0x0416,	0x000C,
0x0418,	0x01A8,
0x042E,	0x1100,
0x0430,	0x0202,
0x0446,	0x08FE,
0x0448,	0x1011,
0x0452,	0x0400,
0x0476,	0x0001,
0x050C,	0x149E,
0x0510,	0x1496,
0x0524,	0x1496,
0x0538,	0x1496,
0x054C,	0x1496,
0x0D00,	0x0000,
0x0D2C,	0x4004,
0x0602,	0x3112,
0x0604,	0x884B,
0x0624,	0x78A4,
0x063A,	0x0089,
0x063C,	0x019D,
0x06FA,	0xFFFF,
0x3502,	0x00C5,
0x3600,	0x0201,
0x3604,	0x3120,
0x3606,	0x7564,
0x3608,	0x1302,
0x360A,	0x5746,
0x3630,	0x00AB,
0x3634,	0x0028,
0x2804,	0x4D8B,
0x527C,	0x0180,
0x5298,	0x031E,
0x0F00,	0x0000,
0x0F04,	0x0008,
0x0F06,	0x0004,
0x0F08,	0x0011,
0x0F0A,	0x2233,
0x0F0C,	0x4455,
0x0F0E,	0x6677,
0x0B04,	0x1B38,
0x0B06,	0x1505,
0x0B1C,	0x19C0,
0x0B1E,	0x0E80,
0x0B20,	0x0CD0,
0x0B22,	0x0738,
0x0B30,	0x0000,
0x0B34,	0x0000,
0x1500,	0x2220,
0x1506,	0x0000,
0x1508,	0x02C0,
0x150A,	0x0120,
0x150C,	0x4100,
0x1520,	0x0100,
0x0A08,	0x688F,
0x0A10,	0xA040,
0x0A12,	0x0003,
0x0C00,	0x0221,
0x0746,	0x00F0,
0x0766,	0x0060,
0x0798,	0x00F0,
0x07A0,	0x0060,
0x07A8,	0x0000,
0x07CA,	0x0000,
0x12A0,	0x0000,
0x1C00,	0x0000,
0x1C40,	0x0000,
0x1000,	0x03C0,
0x1002,	0xC311,
0x1004,	0x2BB0,
0x1020,	0xC108,
0x1022,	0x0925,
0x1024,	0x010A,
0x1026,	0x0B0D,
0x1028,	0x120B,
0x102A,	0x0D0A,
0x102C,	0x0017,
0x102E,	0x0808,
0x1062,	0x0008,
0x10C6,	0x8200,
0x10E0,	0x8411,
0x10E2,	0x0000,
0x10E4,	0x1800,
0x10E6,	0x0300,
0x10E8,	0x0000,
0x10EA,	0x0029,
0x10EC,	0x0008,
0x10EE,	0x001C,
0x10F0,	0x0100,
0x10F2,	0x0000,
0x10F4,	0x0000,
0x0384,	0x0200,
0x8BDC,	0x01B4,
0x8BDE,	0x01CB,
0x8BE0,	0x01E2,
0x8BE2,	0x01FC,
0x8BE4,	0x0217,
0x8BE6,	0x0233,
0x8BE8,	0x0313,
0x8BEA,	0x033D,
0x8BEC,	0x0365,
0x8BEE,	0x039D,
0x8BF0,	0x0670,
0x8BF2,	0x0800,
0x8BF4,	0xFEBD,
0x8BF6,	0x0093,
0x8BF8,	0x0022,
0x8BFA,	0xFFE1,
0x8BFC,	0xFF8C,
0x8BFE,	0x0000,
0x8C00,	0x0004,
0x8C02,	0x129C,
0x8C04,	0x2B6C,
0x8C06,	0x4D8B,
0x8C08,	0x5D0D,
0x8C0A,	0x7C11,
0x8C0C,	0x0800,
0x8C0E,	0x0800,
0x8C10,	0x0800,
0x8C12,	0x0800,
0x8C14,	0x0800,
0x8C16,	0x0800,
0x8C18,	0x0000,
0x8C1A,	0x0000,
0x8C1C,	0x0000,
0x8C1E,	0x0000,
0x8C20,	0x0000,
0x8C22,	0x0000,
0x8C24,	0x0000,
0x8C26,	0x0070,
0x8C28,	0x00F0,
0x8C2A,	0x01F0,
0x8C2C,	0x02F0,
0x8C2E,	0x03F0,
0x8C30,	0x0800,
0x8C32,	0x0800,
0x8C34,	0x0800,
0x8C36,	0x0800,
0x8C38,	0x0800,
0x8C3A,	0x0800,
0x8C3C,	0xFFBC,
0x8C3E,	0xFF25,
0x8C40,	0xFE32,
0x8C42,	0xFCA8,
0x8C44,	0xFAA8,
0x8C46,	0xF94E,
0x8C48,	0x01B4,
0x8C4A,	0x01CB,
0x8C4C,	0x01E2,
0x8C4E,	0x01FC,
0x8C50,	0x0217,
0x8C52,	0x0233,
0x8C54,	0x0315,
0x8C56,	0x033E,
0x8C58,	0x0367,
0x8C5A,	0x0380,
0x8C5C,	0x03A0,
0x8C5E,	0x0800,
0x8C60,	0xFFB4,
0x8C62,	0x00C5,
0x8C64,	0x0025,
0x8C66,	0x0041,
0x8C68,	0xFF9D,
0x8C6A,	0x0000,
0x8C6C,	0x0004,
0x8C6E,	0x129C,
0x8C70,	0x2B6C,
0x8C72,	0x4D8B,
0x8C74,	0x5D0D,
0x8C76,	0x7C11,
0x8C78,	0x0800,
0x8C7A,	0x0800,
0x8C7C,	0x0800,
0x8C7E,	0x0800,
0x8C80,	0x0800,
0x8C82,	0x0800,
0x8C84,	0x0000,
0x8C86,	0x0000,
0x8C88,	0x0000,
0x8C8A,	0x0000,
0x8C8C,	0x0000,
0x8C8E,	0x0000,
0x8C90,	0x0000,
0x8C92,	0x0070,
0x8C94,	0x00F0,
0x8C96,	0x01F0,
0x8C98,	0x02F0,
0x8C9A,	0x03F0,
0x8C9C,	0x0800,
0x8C9E,	0x0800,
0x8CA0,	0x0800,
0x8CA2,	0x0800,
0x8CA4,	0x0800,
0x8CA6,	0x0800,
0x8CA8,	0xFFA0,
0x8CAA,	0xFF24,
0x8CAC,	0xFE0B,
0x8CAE,	0xFC55,
0x8CB0,	0xFAAD,
0x8CB2,	0xF961,
0x8CB4,	0x01B4,
0x8CB6,	0x01CB,
0x8CB8,	0x01E2,
0x8CBA,	0x01FC,
0x8CBC,	0x0217,
0x8CBE,	0x0233,
0x8CC0,	0x0310,
0x8CC2,	0x033F,
0x8CC4,	0x036B,
0x8CC6,	0x03D5,
0x8CC8,	0x0690,
0x8CCA,	0x0800,
0x8CCC,	0xFFB9,
0x8CCE,	0x0059,
0x8CD0,	0x0006,
0x8CD2,	0xFF97,
0x8CD4,	0xFFBE,
0x8CD6,	0x0000,
0x8CD8,	0x0004,
0x8CDA,	0x129C,
0x8CDC,	0x2B6C,
0x8CDE,	0x4D8B,
0x8CE0,	0x5D0D,
0x8CE2,	0x7C11,
0x8CE4,	0x0800,
0x8CE6,	0x0800,
0x8CE8,	0x0800,
0x8CEA,	0x0800,
0x8CEC,	0x0800,
0x8CEE,	0x0800,
0x8CF0,	0x0000,
0x8CF2,	0x0000,
0x8CF4,	0x0000,
0x8CF6,	0x0000,
0x8CF8,	0x0000,
0x8CFA,	0x0000,
0x8CFC,	0x0000,
0x8CFE,	0x0070,
0x8D00,	0x00F0,
0x8D02,	0x01F0,
0x8D04,	0x02F0,
0x8D06,	0x03F0,
0x8D08,	0x0800,
0x8D0A,	0x0800,
0x8D0C,	0x0800,
0x8D0E,	0x0800,
0x8D10,	0x0800,
0x8D12,	0x0800,
0x8D14,	0xFFB3,
0x8D16,	0xFF3C,
0x8D18,	0xFE46,
0x8D1A,	0xFC8D,
0x8D1C,	0xFAE4,
0x8D1E,	0xF91C,
0x8D20,	0x01B4,
0x8D22,	0x01CB,
0x8D24,	0x01E2,
0x8D26,	0x01FC,
0x8D28,	0x0217,
0x8D2A,	0x0233,
0x8D2C,	0x0310,
0x8D2E,	0x0348,
0x8D30,	0x036A,
0x8D32,	0x03AD,
0x8D34,	0x0580,
0x8D36,	0x0800,
0x8D38,	0x006F,
0x8D3A,	0xFF8F,
0x8D3C,	0x0043,
0x8D3E,	0x0015,
0x8D40,	0xFFC8,
0x8D42,	0x0000,
0x8D44,	0x0004,
0x8D46,	0x129C,
0x8D48,	0x2B6C,
0x8D4A,	0x4D8B,
0x8D4C,	0x5D0D,
0x8D4E,	0x7C11,
0x8D50,	0x0800,
0x8D52,	0x0800,
0x8D54,	0x0800,
0x8D56,	0x0800,
0x8D58,	0x0800,
0x8D5A,	0x0800,
0x8D5C,	0x0000,
0x8D5E,	0x0000,
0x8D60,	0x0000,
0x8D62,	0x0000,
0x8D64,	0x0000,
0x8D66,	0x0000,
0x8D68,	0x0000,
0x8D6A,	0x0070,
0x8D6C,	0x00F0,
0x8D6E,	0x01F0,
0x8D70,	0x02F0,
0x8D72,	0x03F0,
0x8D74,	0x0800,
0x8D76,	0x0800,
0x8D78,	0x0800,
0x8D7A,	0x0800,
0x8D7C,	0x0800,
0x8D7E,	0x0800,
0x8D80,	0xFFC9,
0x8D82,	0xFF37,
0x8D84,	0xFE39,
0x8D86,	0xFC7B,
0x8D88,	0xFAFA,
0x8D8A,	0xF947,
0x8D8C,	0x0800,
0x8D8E,	0x0000,
0x8D90,	0x0800,
0x8D92,	0x0000,
0x8D94,	0x0800,
0x8D96,	0x0000,
0x8D98,	0x0800,
0x8D9A,	0x0000,
0x8D9C,	0x0000,
0x8D9E,	0x0000,
0x8DA0,	0x0000,
0x8DA2,	0x0000,
0x8DA4,	0x0000,
0x8DA6,	0x0000,
0x8DA8,	0x0000,
0x8DAA,	0x0000,
0x2B00,	0x0043,
0x2B02,	0x004C,
0x2B04,	0x0078,
0x2B06,	0x00AB,
0x2B08,	0x0166,
0x2B0A,	0x021E,
0x2B0C,	0x033B,
0x2B0E,	0x07FF,
0x2B10,	0x0043,
0x2B12,	0x004C,
0x2B14,	0x0078,
0x2B16,	0x00AB,
0x2B18,	0x0166,
0x2B1A,	0x021E,
0x2B1C,	0x033B,
0x2B1E,	0x07FF,
0x2B20,	0x0043,
0x2B22,	0x0045,
0x2B24,	0x004A,
0x2B26,	0x006C,
0x2B28,	0x00B6,
0x2B2A,	0x0122,
0x2B2C,	0x01EF,
0x2B2E,	0x07FF,
0x2B30,	0x0045,
0x2B32,	0x0049,
0x2B34,	0x0052,
0x2B36,	0x0064,
0x2B38,	0x00AB,
0x2B3A,	0x00EF,
0x2B3C,	0x01CF,
0x2B3E,	0x07FF,
0x1900,	0x00C5,
0x1902,	0x0000,
0x1904,	0x2046,
0x1906,	0x0000,
0x1908,	0x200E,
0x190A,	0x0000,
0x190C,	0x0024,
0x190E,	0x0000,
0x1910,	0x005F,
0x1912,	0x0000,
0x1914,	0x00B5,
0x1916,	0x0000,
0x1918,	0x010C,
0x191A,	0x0000,
0x1A00,	0x00C5,
0x1A02,	0x0000,
0x1A04,	0x2046,
0x1A06,	0x0000,
0x1A08,	0x200E,
0x1A0A,	0x0000,
0x1A0C,	0x0024,
0x1A0E,	0x0000,
0x1A10,	0x005F,
0x1A12,	0x0000,
0x1A14,	0x00B5,
0x1A16,	0x0000,
0x1A18,	0x010C,
0x1A1A,	0x0000,
0x2900,	0x2043,
0x2902,	0x0000,
0x2904,	0x0032,
0x2906,	0x0000,
0x2908,	0x202A,
0x290A,	0x0000,
0x290C,	0x000E,
0x290E,	0x0000,
0x2910,	0x0033,
0x2912,	0x0000,
0x2914,	0x0050,
0x2916,	0x0000,
0x2918,	0x00A0,
0x291A,	0x0000,
0x2A00,	0x0082,
0x2A02,	0x0000,
0x2A04,	0x000D,
0x2A06,	0x0000,
0x2A08,	0x203E,
0x2A0A,	0x0000,
0x2A0C,	0x0002,
0x2A0E,	0x0000,
0x2A10,	0x0022,
0x2A12,	0x0000,
0x2A14,	0x0044,
0x2A16,	0x0000,
0x2A18,	0x007E,
0x2A1A,	0x0000,
0x191C,	0x0646,
0x191E,	0x0002,
0x1920,	0x0639,
0x1922,	0x0000,
0x1924,	0x05EB,
0x1926,	0x0002,
0x1928,	0x1B17,
0x192A,	0x0002,
0x192C,	0x5E98,
0x192E,	0x0002,
0x1930,	0xFE88,
0x1932,	0x0002,
0x1934,	0xFFD1,
0x1936,	0x0003,
0x1A1C,	0x0646,
0x1A1E,	0x0002,
0x1A20,	0x0639,
0x1A22,	0x0000,
0x1A24,	0x05EB,
0x1A26,	0x0002,
0x1A28,	0x1B17,
0x1A2A,	0x0002,
0x1A2C,	0x5E98,
0x1A2E,	0x0002,
0x1A30,	0xFE88,
0x1A32,	0x0002,
0x1A34,	0xFFD1,
0x1A36,	0x0003,
0x291C,	0x005F,
0x291E,	0x0002,
0x2920,	0x0297,
0x2922,	0x0002,
0x2924,	0x0119,
0x2926,	0x0000,
0x2928,	0x08C1,
0x292A,	0x0002,
0x292C,	0x1A05,
0x292E,	0x0002,
0x2930,	0x32B9,
0x2932,	0x0002,
0x2934,	0xBA63,
0x2936,	0x0002,
0x2A1C,	0x02BA,
0x2A1E,	0x0002,
0x2A20,	0x0146,
0x2A22,	0x0000,
0x2A24,	0x06A8,
0x2A26,	0x0000,
0x2A28,	0x0288,
0x2A2A,	0x0002,
0x2A2C,	0x0F87,
0x2A2E,	0x0002,
0x2A30,	0x2723,
0x2A32,	0x0002,
0x2A34,	0x818D,
0x2A36,	0x0002,
0x8ADC,	0x0202,
0x8ADE,	0x0202,
0x8AE0,	0x0203,
0x8AE2,	0x0205,
0x8AE4,	0x0204,
0x8AE6,	0x0204,
0x8AE8,	0x0204,
0x8AEA,	0x0205,
0x8AEC,	0x0207,
0x8AEE,	0x0206,
0x8AF0,	0x0207,
0x8AF2,	0x0208,
0x8AF4,	0x0209,
0x8AF6,	0x020A,
0x8AF8,	0x020A,
0x8AFA,	0x020A,
0x8AFC,	0x020B,
0x8AFE,	0x020C,
0x8B00,	0x020C,
0x8B02,	0x020D,
0x8B04,	0x020D,
0x8B06,	0x020D,
0x8B08,	0x020D,
0x8B0A,	0x020F,
0x8B0C,	0x020F,
0x8B0E,	0x020F,
0x8B10,	0x0210,
0x8B12,	0x0210,
0x8B14,	0x0211,
0x8B16,	0x0211,
0x8B18,	0x0212,
0x8B1A,	0x0212,
0x8B1C,	0x0202,
0x8B1E,	0x0202,
0x8B20,	0x0203,
0x8B22,	0x0205,
0x8B24,	0x0204,
0x8B26,	0x0204,
0x8B28,	0x0204,
0x8B2A,	0x0205,
0x8B2C,	0x0207,
0x8B2E,	0x0206,
0x8B30,	0x0207,
0x8B32,	0x0208,
0x8B34,	0x0209,
0x8B36,	0x020A,
0x8B38,	0x020A,
0x8B3A,	0x020A,
0x8B3C,	0x020B,
0x8B3E,	0x020C,
0x8B40,	0x020C,
0x8B42,	0x020D,
0x8B44,	0x020D,
0x8B46,	0x020D,
0x8B48,	0x020D,
0x8B4A,	0x020F,
0x8B4C,	0x020F,
0x8B4E,	0x020F,
0x8B50,	0x0210,
0x8B52,	0x0210,
0x8B54,	0x0211,
0x8B56,	0x0211,
0x8B58,	0x0212,
0x8B5A,	0x0212,
0x8B5C,	0x0204,
0x8B5E,	0x0203,
0x8B60,	0x0204,
0x8B62,	0x0203,
0x8B64,	0x0204,
0x8B66,	0x0204,
0x8B68,	0x0205,
0x8B6A,	0x0205,
0x8B6C,	0x0206,
0x8B6E,	0x0206,
0x8B70,	0x0207,
0x8B72,	0x0208,
0x8B74,	0x0209,
0x8B76,	0x020A,
0x8B78,	0x020A,
0x8B7A,	0x020A,
0x8B7C,	0x020B,
0x8B7E,	0x020B,
0x8B80,	0x020C,
0x8B82,	0x020D,
0x8B84,	0x020E,
0x8B86,	0x020D,
0x8B88,	0x020F,
0x8B8A,	0x020F,
0x8B8C,	0x0210,
0x8B8E,	0x0210,
0x8B90,	0x0211,
0x8B92,	0x0211,
0x8B94,	0x0213,
0x8B96,	0x0212,
0x8B98,	0x0214,
0x8B9A,	0x0214,
0x8B9C,	0x0204,
0x8B9E,	0x0209,
0x8BA0,	0x020C,
0x8BA2,	0x020D,
0x8BA4,	0x020D,
0x8BA6,	0x020D,
0x8BA8,	0x020E,
0x8BAA,	0x020F,
0x8BAC,	0x0210,
0x8BAE,	0x0210,
0x8BB0,	0x0211,
0x8BB2,	0x0212,
0x8BB4,	0x0213,
0x8BB6,	0x0213,
0x8BB8,	0x0214,
0x8BBA,	0x0215,
0x8BBC,	0x0215,
0x8BBE,	0x0216,
0x8BC0,	0x0216,
0x8BC2,	0x0218,
0x8BC4,	0x0218,
0x8BC6,	0x0219,
0x8BC8,	0x0219,
0x8BCA,	0x021A,
0x8BCC,	0x021A,
0x8BCE,	0x021B,
0x8BD0,	0x021C,
0x8BD2,	0x021C,
0x8BD4,	0x021E,
0x8BD6,	0x021D,
0x8BD8,	0x021F,
0x8BDA,	0x021F,
};

static u16 addr_data_pair_hs_video[] = {
0x0204,	0x4B08,
0x0206,	0x02A8,
0x020C,	0x0C2C,
0x0210,	0x0C3C,
0x0226,	0x0022,
0x023A,	0x1B62,
0x024C,	0x0090,
0x024E,	0x13E2,
0x0280,	0x002A,
0x0282,	0x0A0A,
0x0348,	0x0246,
0x034A,	0x0023,
0x034C,	0x0061,
0x034E,	0x0000,
0x035A,	0x0040,
0x0364,	0x0000,
0x0380,	0x0032,
0x0382,	0x00C8,
0x0390,	0x0C3C,
0x0394,	0x0C3C,
0x0398,	0x0C3C,
0x039C,	0x0154,
0x03A0,	0x0C3C,
0x0402,	0x750A,
0x0404,	0x1000,
0x0406,	0x0404,
0x0408,	0x0404,
0x040A,	0xB1E4,
0x0414,	0x0800,
0x0416,	0x0006,
0x0418,	0x00D4,
0x042E,	0x2100,
0x0430,	0x0606,
0x0446,	0x08FA,
0x0448,	0x1032,
0x0452,	0x0000,
0x0476,	0x0001,
0x050C,	0x0C3C,
0x0510,	0x0C2C,
0x0524,	0x0C2C,
0x0538,	0x0C2C,
0x054C,	0x0C2C,
0x0D00,	0x0000,
0x0D2C,	0x4008,
0x0602,	0x3112,
0x0604,	0x804B,
0x0624,	0x7824,
0x063A,	0x0044,
0x063C,	0x0079,
0x06FA,	0x00CE,
0x3502,	0x01C5,
0x3600,	0x0201,
0x3604,	0x3120,
0x3606,	0x7564,
0x3608,	0x1302,
0x360A,	0x5746,
0x3630,	0x0156,
0x3634,	0x0066,
0x2804,	0x5C2E,
0x527C,	0x0180,
0x5298,	0x029E,
0x0F00,	0x0000,
0x0F04,	0x0006,
0x0F06,	0x0004,
0x0F08,	0x0011,
0x0F0A,	0x2233,
0x0F0C,	0x4455,
0x0F0E,	0x6677,
0x0B04,	0x1B38,
0x0B06,	0x0405,
0x0B1C,	0x19D0,
0x0B1E,	0x1360,
0x0B20,	0x0668,
0x0B22,	0x04D0,
0x0B30,	0x0000,
0x0B34,	0x0002,
0x1500,	0x4420,
0x1506,	0x0000,
0x1508,	0x0050,
0x150A,	0x0118,
0x150C,	0x4100,
0x1520,	0x0200,
0x0A08,	0x988F,
0x0A10,	0x3040,
0x0A12,	0x0001,
0x0C00,	0x0221,
0x0746,	0x0113,
0x0766,	0x0050,
0x0798,	0x0113,
0x07A0,	0x0050,
0x07A8,	0x0000,
0x07CA,	0x0000,
0x12A0,	0x0000,
0x1C00,	0x4040,
0x1C40,	0x0201,
0x1000,	0x03C0,
0x1002,	0xC311,
0x1004,	0x2BB0,
0x1020,	0xC108,
0x1022,	0x0925,
0x1024,	0x010A,
0x1026,	0x0B0D,
0x1028,	0x120B,
0x102A,	0x0D0A,
0x102C,	0x0017,
0x102E,	0x0808,
0x1062,	0x0006,
0x10C6,	0x8200,
0x10E0,	0x8411,
0x10E2,	0x0000,
0x10E4,	0x1800,
0x10E6,	0x0300,
0x10E8,	0x0000,
0x10EA,	0x0029,
0x10EC,	0x0008,
0x10EE,	0x001C,
0x10F0,	0x0100,
0x10F2,	0x0000,
0x10F4,	0x0000,
0x0384,	0x0200,
0x8BDC,	0x01B4,
0x8BDE,	0x01CB,
0x8BE0,	0x01E2,
0x8BE2,	0x01FC,
0x8BE4,	0x0217,
0x8BE6,	0x0233,
0x8BE8,	0x0318,
0x8BEA,	0x0318,
0x8BEC,	0x0320,
0x8BEE,	0x01C0,
0x8BF0,	0x07C0,
0x8BF2,	0x0800,
0x8BF4,	0x0099,
0x8BF6,	0x00AA,
0x8BF8,	0x0040,
0x8BFA,	0x0078,
0x8BFC,	0xFE36,
0x8BFE,	0x0000,
0x8C00,	0x0004,
0x8C02,	0x161F,
0x8C04,	0x339F,
0x8C06,	0x5C2E,
0x8C08,	0x6E9E,
0x8C0A,	0x937E,
0x8C0C,	0x0800,
0x8C0E,	0x0800,
0x8C10,	0x0800,
0x8C12,	0x0800,
0x8C14,	0x0800,
0x8C16,	0x0800,
0x8C18,	0x0000,
0x8C1A,	0x0000,
0x8C1C,	0x0000,
0x8C1E,	0x0000,
0x8C20,	0x0000,
0x8C22,	0x0000,
0x8C24,	0x0000,
0x8C26,	0x0010,
0x8C28,	0x0030,
0x8C2A,	0x0070,
0x8C2C,	0x00B0,
0x8C2E,	0x00F0,
0x8C30,	0x0800,
0x8C32,	0x0800,
0x8C34,	0x0800,
0x8C36,	0x0800,
0x8C38,	0x0800,
0x8C3A,	0x0800,
0x8C3C,	0xFFE2,
0x8C3E,	0xFF4B,
0x8C40,	0xFF5A,
0x8C42,	0xFED4,
0x8C44,	0xFE80,
0x8C46,	0xFDB4,
0x8C48,	0x01B4,
0x8C4A,	0x01CB,
0x8C4C,	0x01E2,
0x8C4E,	0x01FC,
0x8C50,	0x0217,
0x8C52,	0x0233,
0x8C54,	0x0318,
0x8C56,	0x0320,
0x8C58,	0x0320,
0x8C5A,	0x01C0,
0x8C5C,	0x0780,
0x8C5E,	0x0800,
0x8C60,	0x00F9,
0x8C62,	0xFFE1,
0x8C64,	0x0046,
0x8C66,	0x0053,
0x8C68,	0xFE1B,
0x8C6A,	0x0000,
0x8C6C,	0x0004,
0x8C6E,	0x161F,
0x8C70,	0x339F,
0x8C72,	0x5C2E,
0x8C74,	0x6E9E,
0x8C76,	0x937E,
0x8C78,	0x0800,
0x8C7A,	0x0800,
0x8C7C,	0x0800,
0x8C7E,	0x0800,
0x8C80,	0x0800,
0x8C82,	0x0800,
0x8C84,	0x0000,
0x8C86,	0x0000,
0x8C88,	0x0000,
0x8C8A,	0x0000,
0x8C8C,	0x0000,
0x8C8E,	0x0000,
0x8C90,	0x0000,
0x8C92,	0x0010,
0x8C94,	0x0030,
0x8C96,	0x0070,
0x8C98,	0x00B0,
0x8C9A,	0x00F0,
0x8C9C,	0x0800,
0x8C9E,	0x0800,
0x8CA0,	0x0800,
0x8CA2,	0x0800,
0x8CA4,	0x0800,
0x8CA6,	0x0800,
0x8CA8,	0xFFE5,
0x8CAA,	0xFF55,
0x8CAC,	0xFF68,
0x8CAE,	0xFECB,
0x8CB0,	0xFE72,
0x8CB2,	0xFDEC,
0x8CB4,	0x01B4,
0x8CB6,	0x01CB,
0x8CB8,	0x01E2,
0x8CBA,	0x01FC,
0x8CBC,	0x0217,
0x8CBE,	0x0233,
0x8CC0,	0x0318,
0x8CC2,	0x0318,
0x8CC4,	0x031C,
0x8CC6,	0x01E0,
0x8CC8,	0x07F0,
0x8CCA,	0x0800,
0x8CCC,	0x002F,
0x8CCE,	0x000F,
0x8CD0,	0x004A,
0x8CD2,	0x007C,
0x8CD4,	0xFE18,
0x8CD6,	0x0000,
0x8CD8,	0x0004,
0x8CDA,	0x161F,
0x8CDC,	0x339F,
0x8CDE,	0x5C2E,
0x8CE0,	0x6E9E,
0x8CE2,	0x937E,
0x8CE4,	0x0800,
0x8CE6,	0x0800,
0x8CE8,	0x0800,
0x8CEA,	0x0800,
0x8CEC,	0x0800,
0x8CEE,	0x0800,
0x8CF0,	0x0000,
0x8CF2,	0x0000,
0x8CF4,	0x0000,
0x8CF6,	0x0000,
0x8CF8,	0x0000,
0x8CFA,	0x0000,
0x8CFC,	0x0000,
0x8CFE,	0x0010,
0x8D00,	0x0030,
0x8D02,	0x0070,
0x8D04,	0x00B0,
0x8D06,	0x00F0,
0x8D08,	0x0800,
0x8D0A,	0x0800,
0x8D0C,	0x0800,
0x8D0E,	0x0800,
0x8D10,	0x0800,
0x8D12,	0x0800,
0x8D14,	0xFFE5,
0x8D16,	0xFF63,
0x8D18,	0xFF81,
0x8D1A,	0xFF0F,
0x8D1C,	0xFE8A,
0x8D1E,	0xFE1B,
0x8D20,	0x01B4,
0x8D22,	0x01CB,
0x8D24,	0x01E2,
0x8D26,	0x01FC,
0x8D28,	0x0217,
0x8D2A,	0x0233,
0x8D2C,	0x0318,
0x8D2E,	0x031C,
0x8D30,	0x0330,
0x8D32,	0x01E0,
0x8D34,	0x0780,
0x8D36,	0x0800,
0x8D38,	0x00B2,
0x8D3A,	0x001F,
0x8D3C,	0xFFF6,
0x8D3E,	0x0097,
0x8D40,	0xFE2F,
0x8D42,	0x0000,
0x8D44,	0x0004,
0x8D46,	0x161F,
0x8D48,	0x339F,
0x8D4A,	0x5C2E,
0x8D4C,	0x6E9E,
0x8D4E,	0x937E,
0x8D50,	0x0800,
0x8D52,	0x0800,
0x8D54,	0x0800,
0x8D56,	0x0800,
0x8D58,	0x0800,
0x8D5A,	0x0800,
0x8D5C,	0x0000,
0x8D5E,	0x0000,
0x8D60,	0x0000,
0x8D62,	0x0000,
0x8D64,	0x0000,
0x8D66,	0x0000,
0x8D68,	0x0000,
0x8D6A,	0x0010,
0x8D6C,	0x0030,
0x8D6E,	0x0070,
0x8D70,	0x00B0,
0x8D72,	0x00F0,
0x8D74,	0x0800,
0x8D76,	0x0800,
0x8D78,	0x0800,
0x8D7A,	0x0800,
0x8D7C,	0x0800,
0x8D7E,	0x0800,
0x8D80,	0xFFE4,
0x8D82,	0xFF57,
0x8D84,	0xFF84,
0x8D86,	0xFEEF,
0x8D88,	0xFE9B,
0x8D8A,	0xFDFF,
0x8D8C,	0x0800,
0x8D8E,	0x0000,
0x8D90,	0x0800,
0x8D92,	0x0000,
0x8D94,	0x0800,
0x8D96,	0x0000,
0x8D98,	0x0800,
0x8D9A,	0x0000,
0x8D9C,	0x0000,
0x8D9E,	0x0000,
0x8DA0,	0x0000,
0x8DA2,	0x0000,
0x8DA4,	0x0000,
0x8DA6,	0x0000,
0x8DA8,	0x0000,
0x8DAA,	0x0000,
0x2B00,	0x0043,
0x2B02,	0x0047,
0x2B04,	0x004B,
0x2B06,	0x006D,
0x2B08,	0x00E9,
0x2B0A,	0x0109,
0x2B0C,	0x0209,
0x2B0E,	0x07FF,
0x2B10,	0x0043,
0x2B12,	0x0047,
0x2B14,	0x004B,
0x2B16,	0x006D,
0x2B18,	0x00E9,
0x2B1A,	0x0109,
0x2B1C,	0x0209,
0x2B1E,	0x07FF,
0x2B20,	0x0043,
0x2B22,	0x0048,
0x2B24,	0x004B,
0x2B26,	0x0063,
0x2B28,	0x00CA,
0x2B2A,	0x01CA,
0x2B2C,	0x01E4,
0x2B2E,	0x07FF,
0x2B30,	0x0043,
0x2B32,	0x0048,
0x2B34,	0x004D,
0x2B36,	0x0063,
0x2B38,	0x00C0,
0x2B3A,	0x01A9,
0x2B3C,	0x01E1,
0x2B3E,	0x07FF,
0x1900,	0x01D5,
0x1902,	0x0000,
0x1904,	0x0166,
0x1906,	0x0000,
0x1908,	0x2037,
0x190A,	0x0000,
0x190C,	0x200F,
0x190E,	0x0000,
0x1910,	0x0024,
0x1912,	0x0000,
0x1914,	0x2006,
0x1916,	0x0000,
0x1918,	0x0053,
0x191A,	0x0000,
0x1A00,	0x01D5,
0x1A02,	0x0000,
0x1A04,	0x0166,
0x1A06,	0x0000,
0x1A08,	0x2037,
0x1A0A,	0x0000,
0x1A0C,	0x200F,
0x1A0E,	0x0000,
0x1A10,	0x0024,
0x1A12,	0x0000,
0x1A14,	0x2006,
0x1A16,	0x0000,
0x1A18,	0x0053,
0x1A1A,	0x0000,
0x2900,	0x0118,
0x2902,	0x0000,
0x2904,	0x0061,
0x2906,	0x0000,
0x2908,	0x2030,
0x290A,	0x0000,
0x290C,	0x2000,
0x290E,	0x0000,
0x2910,	0x200F,
0x2912,	0x0000,
0x2914,	0x001F,
0x2916,	0x0000,
0x2918,	0x0045,
0x291A,	0x0000,
0x2A00,	0x0122,
0x2A02,	0x0000,
0x2A04,	0x2000,
0x2A06,	0x0000,
0x2A08,	0x2034,
0x2A0A,	0x0000,
0x2A0C,	0x2007,
0x2A0E,	0x0000,
0x2A10,	0x2017,
0x2A12,	0x0000,
0x2A14,	0x0009,
0x2A16,	0x0000,
0x2A18,	0x0028,
0x2A1A,	0x0000,
0x191C,	0x07B1,
0x191E,	0x0002,
0x1920,	0x04B7,
0x1922,	0x0002,
0x1924,	0x0C7E,
0x1926,	0x0000,
0x1928,	0x057B,
0x192A,	0x0000,
0x192C,	0x1C43,
0x192E,	0x0002,
0x1930,	0x0534,
0x1932,	0x0000,
0x1934,	0x9AF8,
0x1936,	0x0002,
0x1A1C,	0x07B1,
0x1A1E,	0x0002,
0x1A20,	0x04B7,
0x1A22,	0x0002,
0x1A24,	0x0C7E,
0x1A26,	0x0000,
0x1A28,	0x057B,
0x1A2A,	0x0000,
0x1A2C,	0x1C43,
0x1A2E,	0x0002,
0x1A30,	0x0534,
0x1A32,	0x0000,
0x1A34,	0x9AF8,
0x1A36,	0x0002,
0x291C,	0x04DB,
0x291E,	0x0002,
0x2920,	0x00B8,
0x2922,	0x0000,
0x2924,	0x0702,
0x2926,	0x0000,
0x2928,	0x0076,
0x292A,	0x0000,
0x292C,	0x088C,
0x292E,	0x0000,
0x2930,	0x40AA,
0x2932,	0x0002,
0x2934,	0x7DD6,
0x2936,	0x0002,
0x2A1C,	0x032F,
0x2A1E,	0x0002,
0x2A20,	0x05D1,
0x2A22,	0x0000,
0x2A24,	0x0872,
0x2A26,	0x0000,
0x2A28,	0x0236,
0x2A2A,	0x0000,
0x2A2C,	0x0A26,
0x2A2E,	0x0000,
0x2A30,	0x2405,
0x2A32,	0x0002,
0x2A34,	0x5753,
0x2A36,	0x0002,
0x8ADC,	0x0200,
0x8ADE,	0x0205,
0x8AE0,	0x0206,
0x8AE2,	0x0205,
0x8AE4,	0x0205,
0x8AE6,	0x0206,
0x8AE8,	0x0207,
0x8AEA,	0x0208,
0x8AEC,	0x0207,
0x8AEE,	0x0209,
0x8AF0,	0x0209,
0x8AF2,	0x0209,
0x8AF4,	0x0209,
0x8AF6,	0x020A,
0x8AF8,	0x020A,
0x8AFA,	0x020B,
0x8AFC,	0x020B,
0x8AFE,	0x020B,
0x8B00,	0x020B,
0x8B02,	0x020B,
0x8B04,	0x020A,
0x8B06,	0x020B,
0x8B08,	0x020C,
0x8B0A,	0x020B,
0x8B0C,	0x020B,
0x8B0E,	0x020C,
0x8B10,	0x020C,
0x8B12,	0x020D,
0x8B14,	0x020D,
0x8B16,	0x020C,
0x8B18,	0x020D,
0x8B1A,	0x020D,
0x8B1C,	0x0200,
0x8B1E,	0x0205,
0x8B20,	0x0206,
0x8B22,	0x0205,
0x8B24,	0x0205,
0x8B26,	0x0206,
0x8B28,	0x0207,
0x8B2A,	0x0208,
0x8B2C,	0x0207,
0x8B2E,	0x0209,
0x8B30,	0x0209,
0x8B32,	0x0209,
0x8B34,	0x0209,
0x8B36,	0x020A,
0x8B38,	0x020A,
0x8B3A,	0x020B,
0x8B3C,	0x020B,
0x8B3E,	0x020B,
0x8B40,	0x020B,
0x8B42,	0x020B,
0x8B44,	0x020A,
0x8B46,	0x020B,
0x8B48,	0x020C,
0x8B4A,	0x020B,
0x8B4C,	0x020B,
0x8B4E,	0x020C,
0x8B50,	0x020C,
0x8B52,	0x020D,
0x8B54,	0x020D,
0x8B56,	0x020C,
0x8B58,	0x020D,
0x8B5A,	0x020D,
0x8B5C,	0x0200,
0x8B5E,	0x0204,
0x8B60,	0x0205,
0x8B62,	0x0204,
0x8B64,	0x0204,
0x8B66,	0x0206,
0x8B68,	0x0206,
0x8B6A,	0x0206,
0x8B6C,	0x0207,
0x8B6E,	0x0207,
0x8B70,	0x0208,
0x8B72,	0x0209,
0x8B74,	0x0208,
0x8B76,	0x0209,
0x8B78,	0x0209,
0x8B7A,	0x0209,
0x8B7C,	0x020A,
0x8B7E,	0x020B,
0x8B80,	0x020A,
0x8B82,	0x020B,
0x8B84,	0x020B,
0x8B86,	0x020B,
0x8B88,	0x020C,
0x8B8A,	0x020C,
0x8B8C,	0x020D,
0x8B8E,	0x020C,
0x8B90,	0x020D,
0x8B92,	0x020D,
0x8B94,	0x020D,
0x8B96,	0x020E,
0x8B98,	0x020D,
0x8B9A,	0x020E,
0x8B9C,	0x0200,
0x8B9E,	0x0205,
0x8BA0,	0x0206,
0x8BA2,	0x0205,
0x8BA4,	0x0206,
0x8BA6,	0x0206,
0x8BA8,	0x0208,
0x8BAA,	0x0208,
0x8BAC,	0x0208,
0x8BAE,	0x0209,
0x8BB0,	0x0209,
0x8BB2,	0x020A,
0x8BB4,	0x020A,
0x8BB6,	0x020B,
0x8BB8,	0x020B,
0x8BBA,	0x020C,
0x8BBC,	0x020B,
0x8BBE,	0x020C,
0x8BC0,	0x020C,
0x8BC2,	0x020C,
0x8BC4,	0x020C,
0x8BC6,	0x020E,
0x8BC8,	0x020D,
0x8BCA,	0x020E,
0x8BCC,	0x020F,
0x8BCE,	0x020F,
0x8BD0,	0x020F,
0x8BD2,	0x020F,
0x8BD4,	0x0210,
0x8BD6,	0x0210,
0x8BD8,	0x0210,
0x8BDA,	0x0210,
};

static u16 addr_data_pair_slim_video[] = {
0x0204,	0x8808,
0x0206,	0x0328,
0x020C,	0x0520,
0x0210,	0x0528,
0x0226,	0x004F,
0x023A,	0x1B7E,
0x024C,	0x0600,
0x024E,	0x0E7E,
0x0280,	0x004F,
0x0282,	0x0F0F,
0x0348,	0x02C6,
0x034A,	0x0223,
0x034C,	0x0041,
0x034E,	0x0000,
0x035A,	0x0020,
0x0364,	0x00E2,
0x0380,	0x0032,
0x0382,	0x00C8,
0x0390,	0x0528,
0x0394,	0x0528,
0x0398,	0x0528,
0x039C,	0x0328,
0x03A0,	0x0528,
0x0402,	0x700A,
0x0404,	0x1000,
0x0406,	0x0202,
0x0408,	0x0202,
0x040A,	0xB1E4,
0x0414,	0x0800,
0x0416,	0x000C,
0x0418,	0x01A8,
0x042E,	0x1100,
0x0430,	0x0202,
0x0446,	0x08FE,
0x0448,	0x1011,
0x0452,	0x0400,
0x0476,	0x0001,
0x050C,	0x0528,
0x0510,	0x0520,
0x0524,	0x0520,
0x0538,	0x0520,
0x054C,	0x0520,
0x0D00,	0x0000,
0x0D2C,	0x4004,
0x0602,	0x3112,
0x0604,	0x804B,
0x0624,	0x7824,
0x063A,	0x0089,
0x063C,	0x00B8,
0x06FA,	0xFFFF,
0x3502,	0x00C5,
0x3600,	0x0201,
0x3604,	0x3120,
0x3606,	0x7564,
0x3608,	0x1302,
0x360A,	0x5746,
0x3630,	0x00AB,
0x3634,	0x0044,
0x2804,	0x4D8B,
0x527C,	0x0180,
0x5298,	0x031E,
0x0F00,	0x0000,
0x0F04,	0x02B0,
0x0F06,	0x0004,
0x0F08,	0x0011,
0x0F0A,	0x2233,
0x0F0C,	0x4455,
0x0F0E,	0x6677,
0x0B04,	0x1B38,
0x0B06,	0x0505,
0x0B1C,	0x19C0,
0x0B1E,	0x0880,
0x0B20,	0x0780,
0x0B22,	0x0438,
0x0B30,	0x0000,
0x0B34,	0x0000,
0x1500,	0x2220,
0x1506,	0x0100,
0x1508,	0x01C0,
0x150A,	0x0120,
0x150C,	0x4100,
0x1520,	0x0100,
0x0A08,	0x988F,
0x0A10,	0x3040,
0x0A12,	0x0001,
0x0C00,	0x0221,
0x0746,	0x00F0,
0x0766,	0x0060,
0x0798,	0x00F0,
0x07A0,	0x0060,
0x12A0,	0x0000,
0x1C00,	0x0000,
0x1C40,	0x0000,
0x1000,	0x03C0,
0x1002,	0xC311,
0x1004,	0x2BB0,
0x1020,	0xC108,
0x1022,	0x0925,
0x1024,	0x010A,
0x1026,	0x0B0D,
0x1028,	0x120B,
0x102A,	0x0D0A,
0x102C,	0x0017,
0x102E,	0x0808,
0x1062,	0x02B0,
0x10C6,	0x8200,
0x10E0,	0x8411,
0x10E2,	0x0000,
0x10E4,	0x1800,
0x10E6,	0x0300,
0x10E8,	0x0000,
0x10EA,	0x0029,
0x10EC,	0x0008,
0x10EE,	0x001C,
0x10F0,	0x0100,
0x10F2,	0x0000,
0x10F4,	0x0000,
0x0384,	0x0200,
0x8BDC,	0x01B4,
0x8BDE,	0x01CB,
0x8BE0,	0x01E2,
0x8BE2,	0x01FC,
0x8BE4,	0x0217,
0x8BE6,	0x0233,
0x8BE8,	0x0320,
0x8BEA,	0x0340,
0x8BEC,	0x0358,
0x8BEE,	0x0368,
0x8BF0,	0x0280,
0x8BF2,	0x0800,
0x8BF4,	0x0040,
0x8BF6,	0xFF87,
0x8BF8,	0x0035,
0x8BFA,	0x0052,
0x8BFC,	0xFF3A,
0x8BFE,	0x0000,
0x8C00,	0x0004,
0x8C02,	0x161F,
0x8C04,	0x339F,
0x8C06,	0x5C2E,
0x8C08,	0x6E9E,
0x8C0A,	0x937E,
0x8C0C,	0x0800,
0x8C0E,	0x0800,
0x8C10,	0x0800,
0x8C12,	0x0800,
0x8C14,	0x0800,
0x8C16,	0x0800,
0x8C18,	0x0000,
0x8C1A,	0x0000,
0x8C1C,	0x0000,
0x8C1E,	0x0000,
0x8C20,	0x0000,
0x8C22,	0x0000,
0x8C24,	0x0000,
0x8C26,	0x0010,
0x8C28,	0x0030,
0x8C2A,	0x0070,
0x8C2C,	0x00B0,
0x8C2E,	0x00F0,
0x8C30,	0x0800,
0x8C32,	0x0800,
0x8C34,	0x0800,
0x8C36,	0x0800,
0x8C38,	0x0800,
0x8C3A,	0x0800,
0x8C3C,	0xFFD0,
0x8C3E,	0xFF78,
0x8C40,	0xFF42,
0x8C42,	0xFE4C,
0x8C44,	0xFDA6,
0x8C46,	0xFCF0,
0x8C48,	0x01B4,
0x8C4A,	0x01CB,
0x8C4C,	0x01E2,
0x8C4E,	0x01FC,
0x8C50,	0x0217,
0x8C52,	0x0233,
0x8C54,	0x0320,
0x8C56,	0x033C,
0x8C58,	0x0368,
0x8C5A,	0x0360,
0x8C5C,	0x0260,
0x8C5E,	0x0800,
0x8C60,	0x0071,
0x8C62,	0x0071,
0x8C64,	0xFFD8,
0x8C66,	0x0060,
0x8C68,	0xFF33,
0x8C6A,	0x0000,
0x8C6C,	0x0004,
0x8C6E,	0x161F,
0x8C70,	0x339F,
0x8C72,	0x5C2E,
0x8C74,	0x6E9E,
0x8C76,	0x937E,
0x8C78,	0x0800,
0x8C7A,	0x0800,
0x8C7C,	0x0800,
0x8C7E,	0x0800,
0x8C80,	0x0800,
0x8C82,	0x0800,
0x8C84,	0x0000,
0x8C86,	0x0000,
0x8C88,	0x0000,
0x8C8A,	0x0000,
0x8C8C,	0x0000,
0x8C8E,	0x0000,
0x8C90,	0x0000,
0x8C92,	0x0010,
0x8C94,	0x0030,
0x8C96,	0x0070,
0x8C98,	0x00B0,
0x8C9A,	0x00F0,
0x8C9C,	0x0800,
0x8C9E,	0x0800,
0x8CA0,	0x0800,
0x8CA2,	0x0800,
0x8CA4,	0x0800,
0x8CA6,	0x0800,
0x8CA8,	0xFFCE,
0x8CAA,	0xFF78,
0x8CAC,	0xFF2A,
0x8CAE,	0xFE5A,
0x8CB0,	0xFDD3,
0x8CB2,	0xFCBC,
0x8CB4,	0x01B4,
0x8CB6,	0x01CB,
0x8CB8,	0x01E2,
0x8CBA,	0x01FC,
0x8CBC,	0x0217,
0x8CBE,	0x0233,
0x8CC0,	0x0318,
0x8CC2,	0x033C,
0x8CC4,	0x0358,
0x8CC6,	0x0378,
0x8CC8,	0x02ED,
0x8CCA,	0x0800,
0x8CCC,	0x00B4,
0x8CCE,	0xFFCB,
0x8CD0,	0x0026,
0x8CD2,	0x0019,
0x8CD4,	0xFF88,
0x8CD6,	0x0000,
0x8CD8,	0x0004,
0x8CDA,	0x161F,
0x8CDC,	0x339F,
0x8CDE,	0x5C2E,
0x8CE0,	0x6E9E,
0x8CE2,	0x937E,
0x8CE4,	0x0800,
0x8CE6,	0x0800,
0x8CE8,	0x0800,
0x8CEA,	0x0800,
0x8CEC,	0x0800,
0x8CEE,	0x0800,
0x8CF0,	0x0000,
0x8CF2,	0x0000,
0x8CF4,	0x0000,
0x8CF6,	0x0000,
0x8CF8,	0x0000,
0x8CFA,	0x0000,
0x8CFC,	0x0000,
0x8CFE,	0x0010,
0x8D00,	0x0030,
0x8D02,	0x0070,
0x8D04,	0x00B0,
0x8D06,	0x00F0,
0x8D08,	0x0800,
0x8D0A,	0x0800,
0x8D0C,	0x0800,
0x8D0E,	0x0800,
0x8D10,	0x0800,
0x8D12,	0x0800,
0x8D14,	0xFFD7,
0x8D16,	0xFF92,
0x8D18,	0xFF1E,
0x8D1A,	0xFE8E,
0x8D1C,	0xFE1A,
0x8D1E,	0xFD2C,
0x8D20,	0x01B4,
0x8D22,	0x01CB,
0x8D24,	0x01E2,
0x8D26,	0x01FC,
0x8D28,	0x0217,
0x8D2A,	0x0233,
0x8D2C,	0x0320,
0x8D2E,	0x0338,
0x8D30,	0x0358,
0x8D32,	0x0378,
0x8D34,	0x030D,
0x8D36,	0x0800,
0x8D38,	0xFFFA,
0x8D3A,	0x008D,
0x8D3C,	0x0036,
0x8D3E,	0x0039,
0x8D40,	0xFF9C,
0x8D42,	0x0000,
0x8D44,	0x0004,
0x8D46,	0x161F,
0x8D48,	0x339F,
0x8D4A,	0x5C2E,
0x8D4C,	0x6E9E,
0x8D4E,	0x937E,
0x8D50,	0x0800,
0x8D52,	0x0800,
0x8D54,	0x0800,
0x8D56,	0x0800,
0x8D58,	0x0800,
0x8D5A,	0x0800,
0x8D5C,	0x0000,
0x8D5E,	0x0000,
0x8D60,	0x0000,
0x8D62,	0x0000,
0x8D64,	0x0000,
0x8D66,	0x0000,
0x8D68,	0x0000,
0x8D6A,	0x0010,
0x8D6C,	0x0030,
0x8D6E,	0x0070,
0x8D70,	0x00B0,
0x8D72,	0x00F0,
0x8D74,	0x0800,
0x8D76,	0x0800,
0x8D78,	0x0800,
0x8D7A,	0x0800,
0x8D7C,	0x0800,
0x8D7E,	0x0800,
0x8D80,	0xFFD9,
0x8D82,	0xFF9D,
0x8D84,	0xFF2B,
0x8D86,	0xFEB1,
0x8D88,	0xFDDF,
0x8D8A,	0xFDA1,
0x8D8C,	0x0800,
0x8D8E,	0x0000,
0x8D90,	0x0800,
0x8D92,	0x0000,
0x8D94,	0x0800,
0x8D96,	0x0000,
0x8D98,	0x0800,
0x8D9A,	0x0000,
0x8D9C,	0x0000,
0x8D9E,	0x0000,
0x8DA0,	0x0000,
0x8DA2,	0x0000,
0x8DA4,	0x0000,
0x8DA6,	0x0000,
0x8DA8,	0x0000,
0x8DAA,	0x0000,
0x2B00,	0x0043,
0x2B02,	0x0045,
0x2B04,	0x0050,
0x2B06,	0x0083,
0x2B08,	0x00F1,
0x2B0A,	0x019B,
0x2B0C,	0x0244,
0x2B0E,	0x07FF,
0x2B10,	0x0043,
0x2B12,	0x0045,
0x2B14,	0x0050,
0x2B16,	0x0083,
0x2B18,	0x00F1,
0x2B1A,	0x019B,
0x2B1C,	0x0244,
0x2B1E,	0x07FF,
0x2B20,	0x0043,
0x2B22,	0x0057,
0x2B24,	0x006A,
0x2B26,	0x00AA,
0x2B28,	0x01C3,
0x2B2A,	0x0225,
0x2B2C,	0x0260,
0x2B2E,	0x07FF,
0x2B30,	0x0043,
0x2B32,	0x004F,
0x2B34,	0x0053,
0x2B36,	0x0092,
0x2B38,	0x019C,
0x2B3A,	0x01AE,
0x2B3C,	0x0256,
0x2B3E,	0x07FF,
0x1900,	0x0074,
0x1902,	0x0000,
0x1904,	0x003D,
0x1906,	0x0000,
0x1908,	0x201D,
0x190A,	0x0000,
0x190C,	0x0000,
0x190E,	0x0000,
0x1910,	0x201B,
0x1912,	0x0000,
0x1914,	0x0027,
0x1916,	0x0000,
0x1918,	0x0052,
0x191A,	0x0000,
0x1A00,	0x0074,
0x1A02,	0x0000,
0x1A04,	0x003D,
0x1A06,	0x0000,
0x1A08,	0x201D,
0x1A0A,	0x0000,
0x1A0C,	0x0000,
0x1A0E,	0x0000,
0x1A10,	0x201B,
0x1A12,	0x0000,
0x1A14,	0x0027,
0x1A16,	0x0000,
0x1A18,	0x0052,
0x1A1A,	0x0000,
0x2900,	0x2020,
0x2902,	0x0000,
0x2904,	0x2003,
0x2906,	0x0000,
0x2908,	0x0008,
0x290A,	0x0000,
0x290C,	0x200E,
0x290E,	0x0000,
0x2910,	0x0026,
0x2912,	0x0000,
0x2914,	0x0019,
0x2916,	0x0000,
0x2918,	0x008E,
0x291A,	0x0000,
0x2A00,	0x002A,
0x2A02,	0x0000,
0x2A04,	0x001D,
0x2A06,	0x0000,
0x2A08,	0x0002,
0x2A0A,	0x0000,
0x2A0C,	0x201B,
0x2A0E,	0x0000,
0x2A10,	0x2045,
0x2A12,	0x0000,
0x2A14,	0x000F,
0x2A16,	0x0000,
0x2A18,	0x0087,
0x2A1A,	0x0000,
0x191C,	0x0056,
0x191E,	0x0000,
0x1920,	0x0160,
0x1922,	0x0000,
0x1924,	0x06FF,
0x1926,	0x0000,
0x1928,	0x00B1,
0x192A,	0x0002,
0x192C,	0x1267,
0x192E,	0x0000,
0x1930,	0x48E3,
0x1932,	0x0002,
0x1934,	0x9F16,
0x1936,	0x0002,
0x1A1C,	0x0056,
0x1A1E,	0x0000,
0x1A20,	0x0160,
0x1A22,	0x0000,
0x1A24,	0x06FF,
0x1A26,	0x0000,
0x1A28,	0x00B1,
0x1A2A,	0x0002,
0x1A2C,	0x1267,
0x1A2E,	0x0000,
0x1A30,	0x48E3,
0x1A32,	0x0002,
0x1A34,	0x9F16,
0x1A36,	0x0002,
0x291C,	0x01B2,
0x291E,	0x0000,
0x2920,	0x00EC,
0x2922,	0x0002,
0x2924,	0x02CA,
0x2926,	0x0002,
0x2928,	0x06AA,
0x292A,	0x0000,
0x292C,	0x49EC,
0x292E,	0x0002,
0x2930,	0x31C2,
0x2932,	0x0002,
0x2934,	0x28A7,
0x2936,	0x0003,
0x2A1C,	0x0131,
0x2A1E,	0x0000,
0x2A20,	0x01EE,
0x2A22,	0x0000,
0x2A24,	0x03F0,
0x2A26,	0x0000,
0x2A28,	0x0D75,
0x2A2A,	0x0000,
0x2A2C,	0x46A5,
0x2A2E,	0x0000,
0x2A30,	0x3231,
0x2A32,	0x0002,
0x2A34,	0x2CCC,
0x2A36,	0x0003,
0x8ADC,	0x0200,
0x8ADE,	0x0203,
0x8AE0,	0x0205,
0x8AE2,	0x0204,
0x8AE4,	0x0203,
0x8AE6,	0x0204,
0x8AE8,	0x0205,
0x8AEA,	0x0206,
0x8AEC,	0x0207,
0x8AEE,	0x0208,
0x8AF0,	0x0208,
0x8AF2,	0x0208,
0x8AF4,	0x0208,
0x8AF6,	0x0209,
0x8AF8,	0x0209,
0x8AFA,	0x0209,
0x8AFC,	0x0209,
0x8AFE,	0x020A,
0x8B00,	0x020A,
0x8B02,	0x020A,
0x8B04,	0x020A,
0x8B06,	0x020A,
0x8B08,	0x020A,
0x8B0A,	0x020A,
0x8B0C,	0x020B,
0x8B0E,	0x020A,
0x8B10,	0x020B,
0x8B12,	0x020B,
0x8B14,	0x020B,
0x8B16,	0x020C,
0x8B18,	0x020B,
0x8B1A,	0x020C,
0x8B1C,	0x0200,
0x8B1E,	0x0203,
0x8B20,	0x0205,
0x8B22,	0x0204,
0x8B24,	0x0203,
0x8B26,	0x0204,
0x8B28,	0x0205,
0x8B2A,	0x0206,
0x8B2C,	0x0207,
0x8B2E,	0x0208,
0x8B30,	0x0208,
0x8B32,	0x0208,
0x8B34,	0x0208,
0x8B36,	0x0209,
0x8B38,	0x0209,
0x8B3A,	0x0209,
0x8B3C,	0x0209,
0x8B3E,	0x020A,
0x8B40,	0x020A,
0x8B42,	0x020A,
0x8B44,	0x020A,
0x8B46,	0x020A,
0x8B48,	0x020A,
0x8B4A,	0x020A,
0x8B4C,	0x020B,
0x8B4E,	0x020A,
0x8B50,	0x020B,
0x8B52,	0x020B,
0x8B54,	0x020B,
0x8B56,	0x020C,
0x8B58,	0x020B,
0x8B5A,	0x020C,
0x8B5C,	0x0200,
0x8B5E,	0x0202,
0x8B60,	0x0202,
0x8B62,	0x0202,
0x8B64,	0x0202,
0x8B66,	0x0203,
0x8B68,	0x0203,
0x8B6A,	0x0204,
0x8B6C,	0x0203,
0x8B6E,	0x0204,
0x8B70,	0x0205,
0x8B72,	0x0205,
0x8B74,	0x0206,
0x8B76,	0x0206,
0x8B78,	0x0207,
0x8B7A,	0x0206,
0x8B7C,	0x0207,
0x8B7E,	0x0208,
0x8B80,	0x0208,
0x8B82,	0x0207,
0x8B84,	0x0207,
0x8B86,	0x0209,
0x8B88,	0x0209,
0x8B8A,	0x0209,
0x8B8C,	0x0209,
0x8B8E,	0x020A,
0x8B90,	0x020A,
0x8B92,	0x020A,
0x8B94,	0x020A,
0x8B96,	0x020A,
0x8B98,	0x020B,
0x8B9A,	0x020B,
0x8B9C,	0x0200,
0x8B9E,	0x0203,
0x8BA0,	0x0204,
0x8BA2,	0x0205,
0x8BA4,	0x0204,
0x8BA6,	0x0205,
0x8BA8,	0x0207,
0x8BAA,	0x0207,
0x8BAC,	0x0208,
0x8BAE,	0x0208,
0x8BB0,	0x0209,
0x8BB2,	0x020A,
0x8BB4,	0x0209,
0x8BB6,	0x020B,
0x8BB8,	0x020B,
0x8BBA,	0x020B,
0x8BBC,	0x020B,
0x8BBE,	0x020C,
0x8BC0,	0x020C,
0x8BC2,	0x020D,
0x8BC4,	0x020D,
0x8BC6,	0x020E,
0x8BC8,	0x020D,
0x8BCA,	0x020E,
0x8BCC,	0x020E,
0x8BCE,	0x020F,
0x8BD0,	0x020F,
0x8BD2,	0x020F,
0x8BD4,	0x020F,
0x8BD6,	0x0210,
0x8BD8,	0x0210,
0x8BDA,	0x0211,
};

static u16 addr_data_pair_custom1[] = {
0x0204,	0x8828,
0x0206,	0x0650,
0x020C,	0x0A47,
0x0210,	0x0A50,
0x0226,	0x004F,
0x023A,	0x1B7E,
0x024C,	0x0090,
0x024E,	0x13EE,
0x0280,	0x0044,
0x0282,	0x0404,
0x0348,	0x0AC6,
0x034A,	0x0223,
0x034C,	0x0021,
0x034E,	0x0000,
0x035A,	0x0020,
0x0364,	0x00E2,
0x0380,	0x0032,
0x0382,	0x00C8,
0x0390,	0x0A50,
0x0394,	0x0A50,
0x0398,	0x0A50,
0x039C,	0x0650,
0x03A0,	0x0A50,
0x0402,	0x700A,
0x0404,	0x1000,
0x0406,	0x0202,
0x0408,	0x0202,
0x040A,	0xB1E4,
0x0414,	0x0800,
0x0416,	0x000C,
0x0418,	0x01A8,
0x042E,	0x1100,
0x0430,	0x0202,
0x0446,	0x08FE,
0x0448,	0x1011,
0x0452,	0x0400,
0x0476,	0x0001,
0x050C,	0x0A50,
0x0510,	0x0A47,
0x0524,	0x0A47,
0x0538,	0x0A47,
0x054C,	0x0A47,
0x0D00,	0x0000,
0x0D2C,	0x4004,
0x0602,	0x3112,
0x0604,	0x884B,
0x0624,	0x78A4,
0x063A,	0x0089,
0x063C,	0x019D,
0x06FA,	0xFFFF,
0x3502,	0x00C5,
0x3600,	0x0201,
0x3604,	0x3120,
0x3606,	0x7564,
0x3608,	0x1302,
0x360A,	0x5746,
0x3630,	0x00AB,
0x3634,	0x0028,
0x2804,	0x4D8B,
0x527C,	0x0180,
0x5298,	0x031E,
0x0F00,	0x0000,
0x0F04,	0x0008,
0x0F06,	0x0008,
0x0F08,	0x0011,
0x0F0A,	0x2233,
0x0F0C,	0x4455,
0x0F0E,	0x6677,
0x0B04,	0x1B38,
0x0B06,	0x1505,
0x0B1C,	0x19C0,
0x0B1E,	0x1360,
0x0B20,	0x0CD0,
0x0B22,	0x09A0,
0x0B30,	0x0000,
0x0B34,	0x0000,
0x1500,	0x2220,
0x1506,	0x0000,
0x1508,	0x0050,
0x150A,	0x0120,
0x150C,	0x4100,
0x1520,	0x0100,
0x0A08,	0x688F,
0x0A10,	0xA040,
0x0A12,	0x0003,
0x0C00,	0x0221,
0x0746,	0x0061,
0x0766,	0x0060,
0x0798,	0x0061,
0x07A0,	0x0060,
0x07A8,	0x0001,
0x07CA,	0x0001,
0x12A0,	0x0000,
0x1C00,	0x0000,
0x1C40,	0x0000,
0x1000,	0x03C0,
0x1002,	0xC311,
0x1004,	0x2BB0,
0x1020,	0xC103,
0x1022,	0x0410,
0x1024,	0x0104,
0x1026,	0x0307,
0x1028,	0x0906,
0x102A,	0x090A,
0x102C,	0x000F,
0x102E,	0x0808,
0x1062,	0x0008,
0x10C6,	0x8200,
0x10E0,	0x8411,
0x10E2,	0x0000,
0x10E4,	0x1850,
0x10E6,	0x0300,
0x10E8,	0x0000,
0x10EA,	0x0029,
0x10EC,	0x0008,
0x10EE,	0x001C,
0x10F0,	0x0100,
0x10F2,	0x0000,
0x10F4,	0x0400,
0x0384,	0x0200,
0x8BDC,	0x01B4,
0x8BDE,	0x01CB,
0x8BE0,	0x01E2,
0x8BE2,	0x01FC,
0x8BE4,	0x0217,
0x8BE6,	0x0233,
0x8BE8,	0x0313,
0x8BEA,	0x033D,
0x8BEC,	0x0365,
0x8BEE,	0x039D,
0x8BF0,	0x0670,
0x8BF2,	0x0800,
0x8BF4,	0xFEBD,
0x8BF6,	0x0093,
0x8BF8,	0x0022,
0x8BFA,	0xFFE1,
0x8BFC,	0xFF8C,
0x8BFE,	0x0000,
0x8C00,	0x0004,
0x8C02,	0x129C,
0x8C04,	0x2B6C,
0x8C06,	0x4D8B,
0x8C08,	0x5D0D,
0x8C0A,	0x7C11,
0x8C0C,	0x0800,
0x8C0E,	0x0800,
0x8C10,	0x0800,
0x8C12,	0x0800,
0x8C14,	0x0800,
0x8C16,	0x0800,
0x8C18,	0x0000,
0x8C1A,	0x0000,
0x8C1C,	0x0000,
0x8C1E,	0x0000,
0x8C20,	0x0000,
0x8C22,	0x0000,
0x8C24,	0x0000,
0x8C26,	0x0070,
0x8C28,	0x00F0,
0x8C2A,	0x01F0,
0x8C2C,	0x02F0,
0x8C2E,	0x03F0,
0x8C30,	0x0800,
0x8C32,	0x0800,
0x8C34,	0x0800,
0x8C36,	0x0800,
0x8C38,	0x0800,
0x8C3A,	0x0800,
0x8C3C,	0xFFBC,
0x8C3E,	0xFF25,
0x8C40,	0xFE32,
0x8C42,	0xFCA8,
0x8C44,	0xFAA8,
0x8C46,	0xF94E,
0x8C48,	0x01B4,
0x8C4A,	0x01CB,
0x8C4C,	0x01E2,
0x8C4E,	0x01FC,
0x8C50,	0x0217,
0x8C52,	0x0233,
0x8C54,	0x0315,
0x8C56,	0x033E,
0x8C58,	0x0367,
0x8C5A,	0x0380,
0x8C5C,	0x03A0,
0x8C5E,	0x0800,
0x8C60,	0xFFB4,
0x8C62,	0x00C5,
0x8C64,	0x0025,
0x8C66,	0x0041,
0x8C68,	0xFF9D,
0x8C6A,	0x0000,
0x8C6C,	0x0004,
0x8C6E,	0x129C,
0x8C70,	0x2B6C,
0x8C72,	0x4D8B,
0x8C74,	0x5D0D,
0x8C76,	0x7C11,
0x8C78,	0x0800,
0x8C7A,	0x0800,
0x8C7C,	0x0800,
0x8C7E,	0x0800,
0x8C80,	0x0800,
0x8C82,	0x0800,
0x8C84,	0x0000,
0x8C86,	0x0000,
0x8C88,	0x0000,
0x8C8A,	0x0000,
0x8C8C,	0x0000,
0x8C8E,	0x0000,
0x8C90,	0x0000,
0x8C92,	0x0070,
0x8C94,	0x00F0,
0x8C96,	0x01F0,
0x8C98,	0x02F0,
0x8C9A,	0x03F0,
0x8C9C,	0x0800,
0x8C9E,	0x0800,
0x8CA0,	0x0800,
0x8CA2,	0x0800,
0x8CA4,	0x0800,
0x8CA6,	0x0800,
0x8CA8,	0xFFA0,
0x8CAA,	0xFF24,
0x8CAC,	0xFE0B,
0x8CAE,	0xFC55,
0x8CB0,	0xFAAD,
0x8CB2,	0xF961,
0x8CB4,	0x01B4,
0x8CB6,	0x01CB,
0x8CB8,	0x01E2,
0x8CBA,	0x01FC,
0x8CBC,	0x0217,
0x8CBE,	0x0233,
0x8CC0,	0x0310,
0x8CC2,	0x033F,
0x8CC4,	0x036B,
0x8CC6,	0x03D5,
0x8CC8,	0x0690,
0x8CCA,	0x0800,
0x8CCC,	0xFFB9,
0x8CCE,	0x0059,
0x8CD0,	0x0006,
0x8CD2,	0xFF97,
0x8CD4,	0xFFBE,
0x8CD6,	0x0000,
0x8CD8,	0x0004,
0x8CDA,	0x129C,
0x8CDC,	0x2B6C,
0x8CDE,	0x4D8B,
0x8CE0,	0x5D0D,
0x8CE2,	0x7C11,
0x8CE4,	0x0800,
0x8CE6,	0x0800,
0x8CE8,	0x0800,
0x8CEA,	0x0800,
0x8CEC,	0x0800,
0x8CEE,	0x0800,
0x8CF0,	0x0000,
0x8CF2,	0x0000,
0x8CF4,	0x0000,
0x8CF6,	0x0000,
0x8CF8,	0x0000,
0x8CFA,	0x0000,
0x8CFC,	0x0000,
0x8CFE,	0x0070,
0x8D00,	0x00F0,
0x8D02,	0x01F0,
0x8D04,	0x02F0,
0x8D06,	0x03F0,
0x8D08,	0x0800,
0x8D0A,	0x0800,
0x8D0C,	0x0800,
0x8D0E,	0x0800,
0x8D10,	0x0800,
0x8D12,	0x0800,
0x8D14,	0xFFB3,
0x8D16,	0xFF3C,
0x8D18,	0xFE46,
0x8D1A,	0xFC8D,
0x8D1C,	0xFAE4,
0x8D1E,	0xF91C,
0x8D20,	0x01B4,
0x8D22,	0x01CB,
0x8D24,	0x01E2,
0x8D26,	0x01FC,
0x8D28,	0x0217,
0x8D2A,	0x0233,
0x8D2C,	0x0310,
0x8D2E,	0x0348,
0x8D30,	0x036A,
0x8D32,	0x03AD,
0x8D34,	0x0580,
0x8D36,	0x0800,
0x8D38,	0x006F,
0x8D3A,	0xFF8F,
0x8D3C,	0x0043,
0x8D3E,	0x0015,
0x8D40,	0xFFC8,
0x8D42,	0x0000,
0x8D44,	0x0004,
0x8D46,	0x129C,
0x8D48,	0x2B6C,
0x8D4A,	0x4D8B,
0x8D4C,	0x5D0D,
0x8D4E,	0x7C11,
0x8D50,	0x0800,
0x8D52,	0x0800,
0x8D54,	0x0800,
0x8D56,	0x0800,
0x8D58,	0x0800,
0x8D5A,	0x0800,
0x8D5C,	0x0000,
0x8D5E,	0x0000,
0x8D60,	0x0000,
0x8D62,	0x0000,
0x8D64,	0x0000,
0x8D66,	0x0000,
0x8D68,	0x0000,
0x8D6A,	0x0070,
0x8D6C,	0x00F0,
0x8D6E,	0x01F0,
0x8D70,	0x02F0,
0x8D72,	0x03F0,
0x8D74,	0x0800,
0x8D76,	0x0800,
0x8D78,	0x0800,
0x8D7A,	0x0800,
0x8D7C,	0x0800,
0x8D7E,	0x0800,
0x8D80,	0xFFC9,
0x8D82,	0xFF37,
0x8D84,	0xFE39,
0x8D86,	0xFC7B,
0x8D88,	0xFAFA,
0x8D8A,	0xF947,
0x8D8C,	0x0800,
0x8D8E,	0x0000,
0x8D90,	0x0800,
0x8D92,	0x0000,
0x8D94,	0x0800,
0x8D96,	0x0000,
0x8D98,	0x0800,
0x8D9A,	0x0000,
0x8D9C,	0x0000,
0x8D9E,	0x0000,
0x8DA0,	0x0000,
0x8DA2,	0x0000,
0x8DA4,	0x0000,
0x8DA6,	0x0000,
0x8DA8,	0x0000,
0x8DAA,	0x0000,
0x2B00,	0x0043,
0x2B02,	0x004C,
0x2B04,	0x0078,
0x2B06,	0x00AB,
0x2B08,	0x0166,
0x2B0A,	0x021E,
0x2B0C,	0x033B,
0x2B0E,	0x07FF,
0x2B10,	0x0043,
0x2B12,	0x004C,
0x2B14,	0x0078,
0x2B16,	0x00AB,
0x2B18,	0x0166,
0x2B1A,	0x021E,
0x2B1C,	0x033B,
0x2B1E,	0x07FF,
0x2B20,	0x0043,
0x2B22,	0x0045,
0x2B24,	0x004A,
0x2B26,	0x006C,
0x2B28,	0x00B6,
0x2B2A,	0x0122,
0x2B2C,	0x01EF,
0x2B2E,	0x07FF,
0x2B30,	0x0045,
0x2B32,	0x0049,
0x2B34,	0x0052,
0x2B36,	0x0064,
0x2B38,	0x00AB,
0x2B3A,	0x00EF,
0x2B3C,	0x01CF,
0x2B3E,	0x07FF,
0x1900,	0x00C5,
0x1902,	0x0000,
0x1904,	0x2046,
0x1906,	0x0000,
0x1908,	0x200E,
0x190A,	0x0000,
0x190C,	0x0024,
0x190E,	0x0000,
0x1910,	0x005F,
0x1912,	0x0000,
0x1914,	0x00B5,
0x1916,	0x0000,
0x1918,	0x010C,
0x191A,	0x0000,
0x1A00,	0x00C5,
0x1A02,	0x0000,
0x1A04,	0x2046,
0x1A06,	0x0000,
0x1A08,	0x200E,
0x1A0A,	0x0000,
0x1A0C,	0x0024,
0x1A0E,	0x0000,
0x1A10,	0x005F,
0x1A12,	0x0000,
0x1A14,	0x00B5,
0x1A16,	0x0000,
0x1A18,	0x010C,
0x1A1A,	0x0000,
0x2900,	0x2043,
0x2902,	0x0000,
0x2904,	0x0032,
0x2906,	0x0000,
0x2908,	0x202A,
0x290A,	0x0000,
0x290C,	0x000E,
0x290E,	0x0000,
0x2910,	0x0033,
0x2912,	0x0000,
0x2914,	0x0050,
0x2916,	0x0000,
0x2918,	0x00A0,
0x291A,	0x0000,
0x2A00,	0x0082,
0x2A02,	0x0000,
0x2A04,	0x000D,
0x2A06,	0x0000,
0x2A08,	0x203E,
0x2A0A,	0x0000,
0x2A0C,	0x0002,
0x2A0E,	0x0000,
0x2A10,	0x0022,
0x2A12,	0x0000,
0x2A14,	0x0044,
0x2A16,	0x0000,
0x2A18,	0x007E,
0x2A1A,	0x0000,
0x191C,	0x0646,
0x191E,	0x0002,
0x1920,	0x0639,
0x1922,	0x0000,
0x1924,	0x05EB,
0x1926,	0x0002,
0x1928,	0x1B17,
0x192A,	0x0002,
0x192C,	0x5E98,
0x192E,	0x0002,
0x1930,	0xFE88,
0x1932,	0x0002,
0x1934,	0xFFD1,
0x1936,	0x0003,
0x1A1C,	0x0646,
0x1A1E,	0x0002,
0x1A20,	0x0639,
0x1A22,	0x0000,
0x1A24,	0x05EB,
0x1A26,	0x0002,
0x1A28,	0x1B17,
0x1A2A,	0x0002,
0x1A2C,	0x5E98,
0x1A2E,	0x0002,
0x1A30,	0xFE88,
0x1A32,	0x0002,
0x1A34,	0xFFD1,
0x1A36,	0x0003,
0x291C,	0x005F,
0x291E,	0x0002,
0x2920,	0x0297,
0x2922,	0x0002,
0x2924,	0x0119,
0x2926,	0x0000,
0x2928,	0x08C1,
0x292A,	0x0002,
0x292C,	0x1A05,
0x292E,	0x0002,
0x2930,	0x32B9,
0x2932,	0x0002,
0x2934,	0xBA63,
0x2936,	0x0002,
0x2A1C,	0x02BA,
0x2A1E,	0x0002,
0x2A20,	0x0146,
0x2A22,	0x0000,
0x2A24,	0x06A8,
0x2A26,	0x0000,
0x2A28,	0x0288,
0x2A2A,	0x0002,
0x2A2C,	0x0F87,
0x2A2E,	0x0002,
0x2A30,	0x2723,
0x2A32,	0x0002,
0x2A34,	0x818D,
0x2A36,	0x0002,
0x8ADC,	0x0202,
0x8ADE,	0x0202,
0x8AE0,	0x0203,
0x8AE2,	0x0205,
0x8AE4,	0x0204,
0x8AE6,	0x0204,
0x8AE8,	0x0204,
0x8AEA,	0x0205,
0x8AEC,	0x0207,
0x8AEE,	0x0206,
0x8AF0,	0x0207,
0x8AF2,	0x0208,
0x8AF4,	0x0209,
0x8AF6,	0x020A,
0x8AF8,	0x020A,
0x8AFA,	0x020A,
0x8AFC,	0x020B,
0x8AFE,	0x020C,
0x8B00,	0x020C,
0x8B02,	0x020D,
0x8B04,	0x020D,
0x8B06,	0x020D,
0x8B08,	0x020D,
0x8B0A,	0x020F,
0x8B0C,	0x020F,
0x8B0E,	0x020F,
0x8B10,	0x0210,
0x8B12,	0x0210,
0x8B14,	0x0211,
0x8B16,	0x0211,
0x8B18,	0x0212,
0x8B1A,	0x0212,
0x8B1C,	0x0202,
0x8B1E,	0x0202,
0x8B20,	0x0203,
0x8B22,	0x0205,
0x8B24,	0x0204,
0x8B26,	0x0204,
0x8B28,	0x0204,
0x8B2A,	0x0205,
0x8B2C,	0x0207,
0x8B2E,	0x0206,
0x8B30,	0x0207,
0x8B32,	0x0208,
0x8B34,	0x0209,
0x8B36,	0x020A,
0x8B38,	0x020A,
0x8B3A,	0x020A,
0x8B3C,	0x020B,
0x8B3E,	0x020C,
0x8B40,	0x020C,
0x8B42,	0x020D,
0x8B44,	0x020D,
0x8B46,	0x020D,
0x8B48,	0x020D,
0x8B4A,	0x020F,
0x8B4C,	0x020F,
0x8B4E,	0x020F,
0x8B50,	0x0210,
0x8B52,	0x0210,
0x8B54,	0x0211,
0x8B56,	0x0211,
0x8B58,	0x0212,
0x8B5A,	0x0212,
0x8B5C,	0x0204,
0x8B5E,	0x0203,
0x8B60,	0x0204,
0x8B62,	0x0203,
0x8B64,	0x0204,
0x8B66,	0x0204,
0x8B68,	0x0205,
0x8B6A,	0x0205,
0x8B6C,	0x0206,
0x8B6E,	0x0206,
0x8B70,	0x0207,
0x8B72,	0x0208,
0x8B74,	0x0209,
0x8B76,	0x020A,
0x8B78,	0x020A,
0x8B7A,	0x020A,
0x8B7C,	0x020B,
0x8B7E,	0x020B,
0x8B80,	0x020C,
0x8B82,	0x020D,
0x8B84,	0x020E,
0x8B86,	0x020D,
0x8B88,	0x020F,
0x8B8A,	0x020F,
0x8B8C,	0x0210,
0x8B8E,	0x0210,
0x8B90,	0x0211,
0x8B92,	0x0211,
0x8B94,	0x0213,
0x8B96,	0x0212,
0x8B98,	0x0214,
0x8B9A,	0x0214,
0x8B9C,	0x0204,
0x8B9E,	0x0209,
0x8BA0,	0x020C,
0x8BA2,	0x020D,
0x8BA4,	0x020D,
0x8BA6,	0x020D,
0x8BA8,	0x020E,
0x8BAA,	0x020F,
0x8BAC,	0x0210,
0x8BAE,	0x0210,
0x8BB0,	0x0211,
0x8BB2,	0x0212,
0x8BB4,	0x0213,
0x8BB6,	0x0213,
0x8BB8,	0x0214,
0x8BBA,	0x0215,
0x8BBC,	0x0215,
0x8BBE,	0x0216,
0x8BC0,	0x0216,
0x8BC2,	0x0218,
0x8BC4,	0x0218,
0x8BC6,	0x0219,
0x8BC8,	0x0219,
0x8BCA,	0x021A,
0x8BCC,	0x021A,
0x8BCE,	0x021B,
0x8BD0,	0x021C,
0x8BD2,	0x021C,
0x8BD4,	0x021E,
0x8BD6,	0x021D,
0x8BD8,	0x021F,
0x8BDA,	0x021F,
};

//4k 60fps
static u16 addr_data_pair_custom2[] = {
0x0204,	0x8828,
0x0206,	0x0328,
0x020C,	0x0A47,
0x0210,	0x0A50,
0x0226,	0x004F,
0x023A,	0x1B7E,
0x024C,	0x0300,
0x024E,	0x117E,
0x0280,	0x0044,
0x0282,	0x0404,
0x0348,	0x0AC6,
0x034A,	0x0223,
0x034C,	0x0021,
0x034E,	0x0000,
0x035A,	0x0020,
0x0364,	0x00E2,
0x0380,	0x0032,
0x0382,	0x00C8,
0x0390,	0x0A50,
0x0394,	0x0A50,
0x0398,	0x0A50,
0x039C,	0x0328,
0x03A0,	0x0A50,
0x0402,	0x700A,
0x0404,	0x1000,
0x0406,	0x0202,
0x0408,	0x0202,
0x040A,	0xB1E4,
0x0414,	0x0800,
0x0416,	0x000C,
0x0418,	0x01A8,
0x042E,	0x1100,
0x0430,	0x0202,
0x0446,	0x08FE,
0x0448,	0x1011,
0x0452,	0x0400,
0x0476,	0x0001,
0x050C,	0x0A50,
0x0510,	0x0A47,
0x0524,	0x0A47,
0x0538,	0x0A47,
0x054C,	0x0A47,
0x0D00,	0x0000,
0x0D2C,	0x4004,
0x0602,	0x3112,
0x0604,	0x884B,
0x0624,	0x78A4,
0x063A,	0x0089,
0x063C,	0x019D,
0x06FA,	0xFFFF,
0x3502,	0x00C5,
0x3600,	0x0201,
0x3604,	0x3120,
0x3606,	0x7564,
0x3608,	0x1302,
0x360A,	0x5746,
0x3630,	0x00AB,
0x3634,	0x0028,
0x2804,	0x4D8B,
0x527C,	0x0180,
0x5298,	0x031E,
0x0F00,	0x0000,
0x0F04,	0x0008,
0x0F06,	0x0004,
0x0F08,	0x0011,
0x0F0A,	0x2233,
0x0F0C,	0x4455,
0x0F0E,	0x6677,
0x0B04,	0x1B38,
0x0B06,	0x1505,
0x0B1C,	0x19C0,
0x0B1E,	0x0E80,
0x0B20,	0x0CD0,
0x0B22,	0x0738,
0x0B30,	0x0000,
0x0B34,	0x0000,
0x1500,	0x2220,
0x1506,	0x0000,
0x1508,	0x02C0,
0x150A,	0x0120,
0x150C,	0x4100,
0x1520,	0x0100,
0x0A08,	0x688F,
0x0A10,	0xA040,
0x0A12,	0x0003,
0x0C00,	0x0221,
0x0746,	0x00F0,
0x0766,	0x0060,
0x0798,	0x00F0,
0x07A0,	0x0060,
0x07A8,	0x0000,
0x07CA,	0x0000,
0x12A0,	0x0000,
0x1C00,	0x0000,
0x1C40,	0x0000,
0x1000,	0x03C0,
0x1002,	0xC311,
0x1004,	0x2BB0,
0x1020,	0xC108,
0x1022,	0x0925,
0x1024,	0x010A,
0x1026,	0x0B0D,
0x1028,	0x120B,
0x102A,	0x0D0A,
0x102C,	0x0017,
0x102E,	0x0808,
0x1062,	0x0008,
0x10C6,	0x8200,
0x10E0,	0x8411,
0x10E2,	0x0000,
0x10E4,	0x1800,
0x10E6,	0x0300,
0x10E8,	0x0000,
0x10EA,	0x0029,
0x10EC,	0x0008,
0x10EE,	0x001C,
0x10F0,	0x0100,
0x10F2,	0x0000,
0x10F4,	0x0000,
0x0384,	0x0200,
0x8BDC,	0x01B4,
0x8BDE,	0x01CB,
0x8BE0,	0x01E2,
0x8BE2,	0x01FC,
0x8BE4,	0x0217,
0x8BE6,	0x0233,
0x8BE8,	0x0313,
0x8BEA,	0x033D,
0x8BEC,	0x0365,
0x8BEE,	0x039D,
0x8BF0,	0x0670,
0x8BF2,	0x0800,
0x8BF4,	0xFEBD,
0x8BF6,	0x0093,
0x8BF8,	0x0022,
0x8BFA,	0xFFE1,
0x8BFC,	0xFF8C,
0x8BFE,	0x0000,
0x8C00,	0x0004,
0x8C02,	0x129C,
0x8C04,	0x2B6C,
0x8C06,	0x4D8B,
0x8C08,	0x5D0D,
0x8C0A,	0x7C11,
0x8C0C,	0x0800,
0x8C0E,	0x0800,
0x8C10,	0x0800,
0x8C12,	0x0800,
0x8C14,	0x0800,
0x8C16,	0x0800,
0x8C18,	0x0000,
0x8C1A,	0x0000,
0x8C1C,	0x0000,
0x8C1E,	0x0000,
0x8C20,	0x0000,
0x8C22,	0x0000,
0x8C24,	0x0000,
0x8C26,	0x0070,
0x8C28,	0x00F0,
0x8C2A,	0x01F0,
0x8C2C,	0x02F0,
0x8C2E,	0x03F0,
0x8C30,	0x0800,
0x8C32,	0x0800,
0x8C34,	0x0800,
0x8C36,	0x0800,
0x8C38,	0x0800,
0x8C3A,	0x0800,
0x8C3C,	0xFFBC,
0x8C3E,	0xFF25,
0x8C40,	0xFE32,
0x8C42,	0xFCA8,
0x8C44,	0xFAA8,
0x8C46,	0xF94E,
0x8C48,	0x01B4,
0x8C4A,	0x01CB,
0x8C4C,	0x01E2,
0x8C4E,	0x01FC,
0x8C50,	0x0217,
0x8C52,	0x0233,
0x8C54,	0x0315,
0x8C56,	0x033E,
0x8C58,	0x0367,
0x8C5A,	0x0380,
0x8C5C,	0x03A0,
0x8C5E,	0x0800,
0x8C60,	0xFFB4,
0x8C62,	0x00C5,
0x8C64,	0x0025,
0x8C66,	0x0041,
0x8C68,	0xFF9D,
0x8C6A,	0x0000,
0x8C6C,	0x0004,
0x8C6E,	0x129C,
0x8C70,	0x2B6C,
0x8C72,	0x4D8B,
0x8C74,	0x5D0D,
0x8C76,	0x7C11,
0x8C78,	0x0800,
0x8C7A,	0x0800,
0x8C7C,	0x0800,
0x8C7E,	0x0800,
0x8C80,	0x0800,
0x8C82,	0x0800,
0x8C84,	0x0000,
0x8C86,	0x0000,
0x8C88,	0x0000,
0x8C8A,	0x0000,
0x8C8C,	0x0000,
0x8C8E,	0x0000,
0x8C90,	0x0000,
0x8C92,	0x0070,
0x8C94,	0x00F0,
0x8C96,	0x01F0,
0x8C98,	0x02F0,
0x8C9A,	0x03F0,
0x8C9C,	0x0800,
0x8C9E,	0x0800,
0x8CA0,	0x0800,
0x8CA2,	0x0800,
0x8CA4,	0x0800,
0x8CA6,	0x0800,
0x8CA8,	0xFFA0,
0x8CAA,	0xFF24,
0x8CAC,	0xFE0B,
0x8CAE,	0xFC55,
0x8CB0,	0xFAAD,
0x8CB2,	0xF961,
0x8CB4,	0x01B4,
0x8CB6,	0x01CB,
0x8CB8,	0x01E2,
0x8CBA,	0x01FC,
0x8CBC,	0x0217,
0x8CBE,	0x0233,
0x8CC0,	0x0310,
0x8CC2,	0x033F,
0x8CC4,	0x036B,
0x8CC6,	0x03D5,
0x8CC8,	0x0690,
0x8CCA,	0x0800,
0x8CCC,	0xFFB9,
0x8CCE,	0x0059,
0x8CD0,	0x0006,
0x8CD2,	0xFF97,
0x8CD4,	0xFFBE,
0x8CD6,	0x0000,
0x8CD8,	0x0004,
0x8CDA,	0x129C,
0x8CDC,	0x2B6C,
0x8CDE,	0x4D8B,
0x8CE0,	0x5D0D,
0x8CE2,	0x7C11,
0x8CE4,	0x0800,
0x8CE6,	0x0800,
0x8CE8,	0x0800,
0x8CEA,	0x0800,
0x8CEC,	0x0800,
0x8CEE,	0x0800,
0x8CF0,	0x0000,
0x8CF2,	0x0000,
0x8CF4,	0x0000,
0x8CF6,	0x0000,
0x8CF8,	0x0000,
0x8CFA,	0x0000,
0x8CFC,	0x0000,
0x8CFE,	0x0070,
0x8D00,	0x00F0,
0x8D02,	0x01F0,
0x8D04,	0x02F0,
0x8D06,	0x03F0,
0x8D08,	0x0800,
0x8D0A,	0x0800,
0x8D0C,	0x0800,
0x8D0E,	0x0800,
0x8D10,	0x0800,
0x8D12,	0x0800,
0x8D14,	0xFFB3,
0x8D16,	0xFF3C,
0x8D18,	0xFE46,
0x8D1A,	0xFC8D,
0x8D1C,	0xFAE4,
0x8D1E,	0xF91C,
0x8D20,	0x01B4,
0x8D22,	0x01CB,
0x8D24,	0x01E2,
0x8D26,	0x01FC,
0x8D28,	0x0217,
0x8D2A,	0x0233,
0x8D2C,	0x0310,
0x8D2E,	0x0348,
0x8D30,	0x036A,
0x8D32,	0x03AD,
0x8D34,	0x0580,
0x8D36,	0x0800,
0x8D38,	0x006F,
0x8D3A,	0xFF8F,
0x8D3C,	0x0043,
0x8D3E,	0x0015,
0x8D40,	0xFFC8,
0x8D42,	0x0000,
0x8D44,	0x0004,
0x8D46,	0x129C,
0x8D48,	0x2B6C,
0x8D4A,	0x4D8B,
0x8D4C,	0x5D0D,
0x8D4E,	0x7C11,
0x8D50,	0x0800,
0x8D52,	0x0800,
0x8D54,	0x0800,
0x8D56,	0x0800,
0x8D58,	0x0800,
0x8D5A,	0x0800,
0x8D5C,	0x0000,
0x8D5E,	0x0000,
0x8D60,	0x0000,
0x8D62,	0x0000,
0x8D64,	0x0000,
0x8D66,	0x0000,
0x8D68,	0x0000,
0x8D6A,	0x0070,
0x8D6C,	0x00F0,
0x8D6E,	0x01F0,
0x8D70,	0x02F0,
0x8D72,	0x03F0,
0x8D74,	0x0800,
0x8D76,	0x0800,
0x8D78,	0x0800,
0x8D7A,	0x0800,
0x8D7C,	0x0800,
0x8D7E,	0x0800,
0x8D80,	0xFFC9,
0x8D82,	0xFF37,
0x8D84,	0xFE39,
0x8D86,	0xFC7B,
0x8D88,	0xFAFA,
0x8D8A,	0xF947,
0x8D8C,	0x0800,
0x8D8E,	0x0000,
0x8D90,	0x0800,
0x8D92,	0x0000,
0x8D94,	0x0800,
0x8D96,	0x0000,
0x8D98,	0x0800,
0x8D9A,	0x0000,
0x8D9C,	0x0000,
0x8D9E,	0x0000,
0x8DA0,	0x0000,
0x8DA2,	0x0000,
0x8DA4,	0x0000,
0x8DA6,	0x0000,
0x8DA8,	0x0000,
0x8DAA,	0x0000,
0x2B00,	0x0043,
0x2B02,	0x004C,
0x2B04,	0x0078,
0x2B06,	0x00AB,
0x2B08,	0x0166,
0x2B0A,	0x021E,
0x2B0C,	0x033B,
0x2B0E,	0x07FF,
0x2B10,	0x0043,
0x2B12,	0x004C,
0x2B14,	0x0078,
0x2B16,	0x00AB,
0x2B18,	0x0166,
0x2B1A,	0x021E,
0x2B1C,	0x033B,
0x2B1E,	0x07FF,
0x2B20,	0x0043,
0x2B22,	0x0045,
0x2B24,	0x004A,
0x2B26,	0x006C,
0x2B28,	0x00B6,
0x2B2A,	0x0122,
0x2B2C,	0x01EF,
0x2B2E,	0x07FF,
0x2B30,	0x0045,
0x2B32,	0x0049,
0x2B34,	0x0052,
0x2B36,	0x0064,
0x2B38,	0x00AB,
0x2B3A,	0x00EF,
0x2B3C,	0x01CF,
0x2B3E,	0x07FF,
0x1900,	0x00C5,
0x1902,	0x0000,
0x1904,	0x2046,
0x1906,	0x0000,
0x1908,	0x200E,
0x190A,	0x0000,
0x190C,	0x0024,
0x190E,	0x0000,
0x1910,	0x005F,
0x1912,	0x0000,
0x1914,	0x00B5,
0x1916,	0x0000,
0x1918,	0x010C,
0x191A,	0x0000,
0x1A00,	0x00C5,
0x1A02,	0x0000,
0x1A04,	0x2046,
0x1A06,	0x0000,
0x1A08,	0x200E,
0x1A0A,	0x0000,
0x1A0C,	0x0024,
0x1A0E,	0x0000,
0x1A10,	0x005F,
0x1A12,	0x0000,
0x1A14,	0x00B5,
0x1A16,	0x0000,
0x1A18,	0x010C,
0x1A1A,	0x0000,
0x2900,	0x2043,
0x2902,	0x0000,
0x2904,	0x0032,
0x2906,	0x0000,
0x2908,	0x202A,
0x290A,	0x0000,
0x290C,	0x000E,
0x290E,	0x0000,
0x2910,	0x0033,
0x2912,	0x0000,
0x2914,	0x0050,
0x2916,	0x0000,
0x2918,	0x00A0,
0x291A,	0x0000,
0x2A00,	0x0082,
0x2A02,	0x0000,
0x2A04,	0x000D,
0x2A06,	0x0000,
0x2A08,	0x203E,
0x2A0A,	0x0000,
0x2A0C,	0x0002,
0x2A0E,	0x0000,
0x2A10,	0x0022,
0x2A12,	0x0000,
0x2A14,	0x0044,
0x2A16,	0x0000,
0x2A18,	0x007E,
0x2A1A,	0x0000,
0x191C,	0x0646,
0x191E,	0x0002,
0x1920,	0x0639,
0x1922,	0x0000,
0x1924,	0x05EB,
0x1926,	0x0002,
0x1928,	0x1B17,
0x192A,	0x0002,
0x192C,	0x5E98,
0x192E,	0x0002,
0x1930,	0xFE88,
0x1932,	0x0002,
0x1934,	0xFFD1,
0x1936,	0x0003,
0x1A1C,	0x0646,
0x1A1E,	0x0002,
0x1A20,	0x0639,
0x1A22,	0x0000,
0x1A24,	0x05EB,
0x1A26,	0x0002,
0x1A28,	0x1B17,
0x1A2A,	0x0002,
0x1A2C,	0x5E98,
0x1A2E,	0x0002,
0x1A30,	0xFE88,
0x1A32,	0x0002,
0x1A34,	0xFFD1,
0x1A36,	0x0003,
0x291C,	0x005F,
0x291E,	0x0002,
0x2920,	0x0297,
0x2922,	0x0002,
0x2924,	0x0119,
0x2926,	0x0000,
0x2928,	0x08C1,
0x292A,	0x0002,
0x292C,	0x1A05,
0x292E,	0x0002,
0x2930,	0x32B9,
0x2932,	0x0002,
0x2934,	0xBA63,
0x2936,	0x0002,
0x2A1C,	0x02BA,
0x2A1E,	0x0002,
0x2A20,	0x0146,
0x2A22,	0x0000,
0x2A24,	0x06A8,
0x2A26,	0x0000,
0x2A28,	0x0288,
0x2A2A,	0x0002,
0x2A2C,	0x0F87,
0x2A2E,	0x0002,
0x2A30,	0x2723,
0x2A32,	0x0002,
0x2A34,	0x818D,
0x2A36,	0x0002,
0x8ADC,	0x0202,
0x8ADE,	0x0202,
0x8AE0,	0x0203,
0x8AE2,	0x0205,
0x8AE4,	0x0204,
0x8AE6,	0x0204,
0x8AE8,	0x0204,
0x8AEA,	0x0205,
0x8AEC,	0x0207,
0x8AEE,	0x0206,
0x8AF0,	0x0207,
0x8AF2,	0x0208,
0x8AF4,	0x0209,
0x8AF6,	0x020A,
0x8AF8,	0x020A,
0x8AFA,	0x020A,
0x8AFC,	0x020B,
0x8AFE,	0x020C,
0x8B00,	0x020C,
0x8B02,	0x020D,
0x8B04,	0x020D,
0x8B06,	0x020D,
0x8B08,	0x020D,
0x8B0A,	0x020F,
0x8B0C,	0x020F,
0x8B0E,	0x020F,
0x8B10,	0x0210,
0x8B12,	0x0210,
0x8B14,	0x0211,
0x8B16,	0x0211,
0x8B18,	0x0212,
0x8B1A,	0x0212,
0x8B1C,	0x0202,
0x8B1E,	0x0202,
0x8B20,	0x0203,
0x8B22,	0x0205,
0x8B24,	0x0204,
0x8B26,	0x0204,
0x8B28,	0x0204,
0x8B2A,	0x0205,
0x8B2C,	0x0207,
0x8B2E,	0x0206,
0x8B30,	0x0207,
0x8B32,	0x0208,
0x8B34,	0x0209,
0x8B36,	0x020A,
0x8B38,	0x020A,
0x8B3A,	0x020A,
0x8B3C,	0x020B,
0x8B3E,	0x020C,
0x8B40,	0x020C,
0x8B42,	0x020D,
0x8B44,	0x020D,
0x8B46,	0x020D,
0x8B48,	0x020D,
0x8B4A,	0x020F,
0x8B4C,	0x020F,
0x8B4E,	0x020F,
0x8B50,	0x0210,
0x8B52,	0x0210,
0x8B54,	0x0211,
0x8B56,	0x0211,
0x8B58,	0x0212,
0x8B5A,	0x0212,
0x8B5C,	0x0204,
0x8B5E,	0x0203,
0x8B60,	0x0204,
0x8B62,	0x0203,
0x8B64,	0x0204,
0x8B66,	0x0204,
0x8B68,	0x0205,
0x8B6A,	0x0205,
0x8B6C,	0x0206,
0x8B6E,	0x0206,
0x8B70,	0x0207,
0x8B72,	0x0208,
0x8B74,	0x0209,
0x8B76,	0x020A,
0x8B78,	0x020A,
0x8B7A,	0x020A,
0x8B7C,	0x020B,
0x8B7E,	0x020B,
0x8B80,	0x020C,
0x8B82,	0x020D,
0x8B84,	0x020E,
0x8B86,	0x020D,
0x8B88,	0x020F,
0x8B8A,	0x020F,
0x8B8C,	0x0210,
0x8B8E,	0x0210,
0x8B90,	0x0211,
0x8B92,	0x0211,
0x8B94,	0x0213,
0x8B96,	0x0212,
0x8B98,	0x0214,
0x8B9A,	0x0214,
0x8B9C,	0x0204,
0x8B9E,	0x0209,
0x8BA0,	0x020C,
0x8BA2,	0x020D,
0x8BA4,	0x020D,
0x8BA6,	0x020D,
0x8BA8,	0x020E,
0x8BAA,	0x020F,
0x8BAC,	0x0210,
0x8BAE,	0x0210,
0x8BB0,	0x0211,
0x8BB2,	0x0212,
0x8BB4,	0x0213,
0x8BB6,	0x0213,
0x8BB8,	0x0214,
0x8BBA,	0x0215,
0x8BBC,	0x0215,
0x8BBE,	0x0216,
0x8BC0,	0x0216,
0x8BC2,	0x0218,
0x8BC4,	0x0218,
0x8BC6,	0x0219,
0x8BC8,	0x0219,
0x8BCA,	0x021A,
0x8BCC,	0x021A,
0x8BCE,	0x021B,
0x8BD0,	0x021C,
0x8BD2,	0x021C,
0x8BD4,	0x021E,
0x8BD6,	0x021D,
0x8BD8,	0x021F,
0x8BDA,	0x021F,
};

//full size
static u16 addr_data_pair_custom3[] = {
0x0204,	0x4008,
0x0206,	0x0328,
0x020C,	0x1499,
0x0210,	0x149D,
0x0226,	0x004F,
0x023A,	0x1B6F,
0x024C,	0x00A0,
0x024E,	0x13DF,
0x0280,	0x0000,
0x0282,	0x0000,
0x0348,	0x06C6,
0x034A,	0x0223,
0x034C,	0x0001,
0x034E,	0x0000,
0x035A,	0x0020,
0x0364,	0x00E2,
0x0380,	0x000A,
0x0382,	0x0032,
0x0390,	0x149D,
0x0394,	0x149D,
0x0398,	0x149D,
0x039C,	0x0650,
0x03A0,	0x149D,
0x0402,	0x7002,
0x0404,	0x0000,
0x0406,	0x0000,
0x0408,	0x0000,
0x040A,	0x72D8,
0x0414,	0x0B00,
0x0416,	0x0019,
0x0418,	0x0350,
0x042E,	0x1200,
0x0430,	0x0303,
0x0446,	0x08FF,
0x0448,	0x1011,
0x0452,	0x0000,
0x0476,	0x0001,
0x050C,	0x149D,
0x0510,	0x1499,
0x0524,	0x1499,
0x0538,	0x1499,
0x054C,	0x1499,
0x0D00,	0x000A,
0x0D2C,	0x0000,
0x0602,	0x3712,
0x0604,	0x804B,
0x0624,	0x7860,
0x063A,	0x0112,
0x063C,	0x0335,
0x06FA,	0xFFFF,
0x3502,	0x00C5,
0x3600,	0x0200,
0x3604,	0x3210,
0x3606,	0x7654,
0x3608,	0x1032,
0x360A,	0x5476,
0x3630,	0x00AB,
0x3634,	0x0014,
0x2804,	0x4D8B,
0x527C,	0x0183,
0x5298,	0x031E,
0x0F00,	0x0000,
0x0F04,	0x0020,
0x0F06,	0x0010,
0x0F08,	0x0022,
0x0F0A,	0x1133,
0x0F0C,	0x4466,
0x0F0E,	0x5577,
0x0B04,	0x1918,
0x0B06,	0x0505,
0x0B1C,	0x19C0,
0x0B1E,	0x1340,
0x0B20,	0x1980,
0x0B22,	0x1320,
0x0B30,	0x0001,
0x0B34,	0x0000,
0x1500,	0x1120,
0x1506,	0x0000,
0x1508,	0x0060,
0x150A,	0x0120,
0x150C,	0x8100,
0x1520,	0x0000,
0x0A08,	0x688F,
0x0A10,	0x8C50,
0x0A12,	0x0003,
0x0C00,	0x0223,
0x0746,	0x0113,
0x0766,	0x0060,
0x0798,	0x0113,
0x07A0,	0x0060,
0x07A8,	0x0000,
0x07CA,	0x0000,
0x12A0,	0x0000,
0x1C00,	0x0000,
0x1C40,	0x0000,
0x1000,	0x03C0,
0x1002,	0xC311,
0x1004,	0x2BB0,
0x1020,	0xC109,
0x1022,	0x0A2A,
0x1024,	0x010B,
0x1026,	0x0E0E,
0x1028,	0x140C,
0x102A,	0x0F0A,
0x102C,	0x001A,
0x102E,	0x0808,
0x1062,	0x0020,
0x10C6,	0x0200,
0x10E0,	0x8411,
0x10E2,	0x0000,
0x10E4,	0x1800,
0x10E6,	0x0300,
0x10E8,	0x0000,
0x10EA,	0x0029,
0x10EC,	0x0008,
0x10EE,	0x001C,
0x10F0,	0x0100,
0x10F2,	0x0000,
0x10F4,	0x0000,
0x0384,	0x0200,
0x8BDC,	0x01B4,
0x8BDE,	0x01CB,
0x8BE0,	0x01E2,
0x8BE2,	0x01FC,
0x8BE4,	0x0217,
0x8BE6,	0x0233,
0x8BE8,	0x0310,
0x8BEA,	0x031D,
0x8BEC,	0x02ED,
0x8BEE,	0x00CD,
0x8BF0,	0x0800,
0x8BF2,	0x0800,
0x8BF4,	0x00A3,
0x8BF6,	0x0067,
0x8BF8,	0x003B,
0x8BFA,	0x0023,
0x8BFC,	0x000A,
0x8BFE,	0x0000,
0x8C00,	0x0004,
0x8C02,	0x129C,
0x8C04,	0x2B6C,
0x8C06,	0x4D8B,
0x8C08,	0x5D0D,
0x8C0A,	0x7C11,
0x8C0C,	0x0800,
0x8C0E,	0x0800,
0x8C10,	0x0800,
0x8C12,	0x0800,
0x8C14,	0x0800,
0x8C16,	0x0800,
0x8C18,	0x0000,
0x8C1A,	0x0000,
0x8C1C,	0x0000,
0x8C1E,	0x0000,
0x8C20,	0x0000,
0x8C22,	0x0000,
0x8C24,	0x0000,
0x8C26,	0x0010,
0x8C28,	0x0030,
0x8C2A,	0x0070,
0x8C2C,	0x00B0,
0x8C2E,	0x00F0,
0x8C30,	0x0800,
0x8C32,	0x0754,
0x8C34,	0x0799,
0x8C36,	0x07BF,
0x8C38,	0x07CE,
0x8C3A,	0x07D2,
0x8C3C,	0xFFCC,
0x8C3E,	0xFFA5,
0x8C40,	0xFF78,
0x8C42,	0xFEC2,
0x8C44,	0xFE6D,
0x8C46,	0xFDDE,
0x8C48,	0x01B4,
0x8C4A,	0x01CB,
0x8C4C,	0x01E2,
0x8C4E,	0x01FC,
0x8C50,	0x0217,
0x8C52,	0x0233,
0x8C54,	0x0310,
0x8C56,	0x031D,
0x8C58,	0x02ED,
0x8C5A,	0x00CD,
0x8C5C,	0x0800,
0x8C5E,	0x0800,
0x8C60,	0x00A3,
0x8C62,	0x0067,
0x8C64,	0x003B,
0x8C66,	0x0023,
0x8C68,	0x000A,
0x8C6A,	0x0000,
0x8C6C,	0x0004,
0x8C6E,	0x129C,
0x8C70,	0x2B6C,
0x8C72,	0x4D8B,
0x8C74,	0x5D0D,
0x8C76,	0x7C11,
0x8C78,	0x0800,
0x8C7A,	0x0800,
0x8C7C,	0x0800,
0x8C7E,	0x0800,
0x8C80,	0x0800,
0x8C82,	0x0800,
0x8C84,	0x0000,
0x8C86,	0x0000,
0x8C88,	0x0000,
0x8C8A,	0x0000,
0x8C8C,	0x0000,
0x8C8E,	0x0000,
0x8C90,	0x0000,
0x8C92,	0x0010,
0x8C94,	0x0030,
0x8C96,	0x0070,
0x8C98,	0x00B0,
0x8C9A,	0x00F0,
0x8C9C,	0x0800,
0x8C9E,	0x0754,
0x8CA0,	0x0799,
0x8CA2,	0x07BF,
0x8CA4,	0x07CE,
0x8CA6,	0x07D2,
0x8CA8,	0xFFCC,
0x8CAA,	0xFFA5,
0x8CAC,	0xFF78,
0x8CAE,	0xFEC2,
0x8CB0,	0xFE6D,
0x8CB2,	0xFDDE,
0x8CB4,	0x01B4,
0x8CB6,	0x01CB,
0x8CB8,	0x01E2,
0x8CBA,	0x01FC,
0x8CBC,	0x0217,
0x8CBE,	0x0233,
0x8CC0,	0x0310,
0x8CC2,	0x031D,
0x8CC4,	0x02ED,
0x8CC6,	0x00CD,
0x8CC8,	0x0800,
0x8CCA,	0x0800,
0x8CCC,	0x00A3,
0x8CCE,	0x0067,
0x8CD0,	0x003B,
0x8CD2,	0x0023,
0x8CD4,	0x000A,
0x8CD6,	0x0000,
0x8CD8,	0x0004,
0x8CDA,	0x129C,
0x8CDC,	0x2B6C,
0x8CDE,	0x4D8B,
0x8CE0,	0x5D0D,
0x8CE2,	0x7C11,
0x8CE4,	0x0800,
0x8CE6,	0x0800,
0x8CE8,	0x0800,
0x8CEA,	0x0800,
0x8CEC,	0x0800,
0x8CEE,	0x0800,
0x8CF0,	0x0000,
0x8CF2,	0x0000,
0x8CF4,	0x0000,
0x8CF6,	0x0000,
0x8CF8,	0x0000,
0x8CFA,	0x0000,
0x8CFC,	0x0000,
0x8CFE,	0x0010,
0x8D00,	0x0030,
0x8D02,	0x0070,
0x8D04,	0x00B0,
0x8D06,	0x00F0,
0x8D08,	0x0800,
0x8D0A,	0x0754,
0x8D0C,	0x0799,
0x8D0E,	0x07BF,
0x8D10,	0x07CE,
0x8D12,	0x07D2,
0x8D14,	0xFFCC,
0x8D16,	0xFFA5,
0x8D18,	0xFF78,
0x8D1A,	0xFEC2,
0x8D1C,	0xFE6D,
0x8D1E,	0xFDDE,
0x8D20,	0x01B4,
0x8D22,	0x01CB,
0x8D24,	0x01E2,
0x8D26,	0x01FC,
0x8D28,	0x0217,
0x8D2A,	0x0233,
0x8D2C,	0x0310,
0x8D2E,	0x031D,
0x8D30,	0x02ED,
0x8D32,	0x00CD,
0x8D34,	0x0800,
0x8D36,	0x0800,
0x8D38,	0x00A3,
0x8D3A,	0x0067,
0x8D3C,	0x003B,
0x8D3E,	0x0023,
0x8D40,	0x000A,
0x8D42,	0x0000,
0x8D44,	0x0004,
0x8D46,	0x129C,
0x8D48,	0x2B6C,
0x8D4A,	0x4D8B,
0x8D4C,	0x5D0D,
0x8D4E,	0x7C11,
0x8D50,	0x0800,
0x8D52,	0x0800,
0x8D54,	0x0800,
0x8D56,	0x0800,
0x8D58,	0x0800,
0x8D5A,	0x0800,
0x8D5C,	0x0000,
0x8D5E,	0x0000,
0x8D60,	0x0000,
0x8D62,	0x0000,
0x8D64,	0x0000,
0x8D66,	0x0000,
0x8D68,	0x0000,
0x8D6A,	0x0010,
0x8D6C,	0x0030,
0x8D6E,	0x0070,
0x8D70,	0x00B0,
0x8D72,	0x00F0,
0x8D74,	0x0800,
0x8D76,	0x0754,
0x8D78,	0x0799,
0x8D7A,	0x07BF,
0x8D7C,	0x07CE,
0x8D7E,	0x07D2,
0x8D80,	0xFFCC,
0x8D82,	0xFFA5,
0x8D84,	0xFF78,
0x8D86,	0xFEC2,
0x8D88,	0xFE6D,
0x8D8A,	0xFDDE,
0x8D8C,	0x0800,
0x8D8E,	0x0000,
0x8D90,	0x0800,
0x8D92,	0x0000,
0x8D94,	0x0800,
0x8D96,	0x0000,
0x8D98,	0x0800,
0x8D9A,	0x0000,
0x8D9C,	0x0000,
0x8D9E,	0x0000,
0x8DA0,	0x0000,
0x8DA2,	0x0000,
0x8DA4,	0x0000,
0x8DA6,	0x0000,
0x8DA8,	0x0000,
0x8DAA,	0x0000,
0x2B00,	0x0043,
0x2B02,	0x004D,
0x2B04,	0x00D2,
0x2B06,	0x012E,
0x2B08,	0x01B8,
0x2B0A,	0x0242,
0x2B0C,	0x032C,
0x2B0E,	0x07FF,
0x2B10,	0x0043,
0x2B12,	0x004D,
0x2B14,	0x00D2,
0x2B16,	0x012E,
0x2B18,	0x01B8,
0x2B1A,	0x0242,
0x2B1C,	0x032C,
0x2B1E,	0x07FF,
0x2B20,	0x0043,
0x2B22,	0x004F,
0x2B24,	0x00A7,
0x2B26,	0x00D4,
0x2B28,	0x018F,
0x2B2A,	0x0248,
0x2B2C,	0x0306,
0x2B2E,	0x07FF,
0x2B30,	0x0043,
0x2B32,	0x004B,
0x2B34,	0x0052,
0x2B36,	0x00AC,
0x2B38,	0x0191,
0x2B3A,	0x0266,
0x2B3C,	0x036A,
0x2B3E,	0x07FF,
0x1900,	0x005A,
0x1902,	0x0000,
0x1904,	0x2025,
0x1906,	0x0000,
0x1908,	0x0045,
0x190A,	0x0000,
0x190C,	0x0067,
0x190E,	0x0000,
0x1910,	0x009D,
0x1912,	0x0000,
0x1914,	0x00E6,
0x1916,	0x0000,
0x1918,	0x012B,
0x191A,	0x0000,
0x1A00,	0x005A,
0x1A02,	0x0000,
0x1A04,	0x2025,
0x1A06,	0x0000,
0x1A08,	0x0045,
0x1A0A,	0x0000,
0x1A0C,	0x0067,
0x1A0E,	0x0000,
0x1A10,	0x009D,
0x1A12,	0x0000,
0x1A14,	0x00E6,
0x1A16,	0x0000,
0x1A18,	0x012B,
0x1A1A,	0x0000,
0x2900,	0x0016,
0x2902,	0x0000,
0x2904,	0x2036,
0x2906,	0x0000,
0x2908,	0x007A,
0x290A,	0x0000,
0x290C,	0x00BC,
0x290E,	0x0000,
0x2910,	0x00F8,
0x2912,	0x0000,
0x2914,	0x013F,
0x2916,	0x0000,
0x2918,	0x0183,
0x291A,	0x0000,
0x2A00,	0x003C,
0x2A02,	0x0000,
0x2A04,	0x0001,
0x2A06,	0x0000,
0x2A08,	0x2014,
0x2A0A,	0x0000,
0x2A0C,	0x004B,
0x2A0E,	0x0000,
0x2A10,	0x0077,
0x2A12,	0x0000,
0x2A14,	0x00CA,
0x2A16,	0x0000,
0x2A18,	0x0117,
0x2A1A,	0x0000,
0x191C,	0x009C,
0x191E,	0x0000,
0x1920,	0x070E,
0x1922,	0x0000,
0x1924,	0x35F6,
0x1926,	0x0002,
0x1928,	0x5534,
0x192A,	0x0002,
0x192C,	0xA4DB,
0x192E,	0x0002,
0x1930,	0x37F2,
0x1932,	0x0003,
0x1934,	0xFFAF,
0x1936,	0x0003,
0x1A1C,	0x009C,
0x1A1E,	0x0000,
0x1A20,	0x070E,
0x1A22,	0x0000,
0x1A24,	0x35F6,
0x1A26,	0x0002,
0x1A28,	0x5534,
0x1A2A,	0x0002,
0x1A2C,	0xA4DB,
0x1A2E,	0x0002,
0x1A30,	0x37F2,
0x1A32,	0x0003,
0x1A34,	0xFFAF,
0x1A36,	0x0003,
0x291C,	0x0151,
0x291E,	0x0000,
0x2920,	0x05CB,
0x2922,	0x0000,
0x2924,	0x4081,
0x2926,	0x0002,
0x2928,	0x66DA,
0x292A,	0x0002,
0x292C,	0xB4E4,
0x292E,	0x0002,
0x2930,	0x4664,
0x2932,	0x0003,
0x2934,	0xFF06,
0x2936,	0x0003,
0x2A1C,	0x00D8,
0x2A1E,	0x0000,
0x2A20,	0x0363,
0x2A22,	0x0000,
0x2A24,	0x04E4,
0x2A26,	0x0000,
0x2A28,	0x233E,
0x2A2A,	0x0002,
0x2A2C,	0x5CE6,
0x2A2E,	0x0002,
0x2A30,	0x0E5B,
0x2A32,	0x0003,
0x2A34,	0xFFEF,
0x2A36,	0x0003,
0x8ADC,	0x0200,
0x8ADE,	0x0203,
0x8AE0,	0x0205,
0x8AE2,	0x0205,
0x8AE4,	0x0206,
0x8AE6,	0x0208,
0x8AE8,	0x0209,
0x8AEA,	0x0208,
0x8AEC,	0x0209,
0x8AEE,	0x0209,
0x8AF0,	0x020B,
0x8AF2,	0x020A,
0x8AF4,	0x020B,
0x8AF6,	0x020B,
0x8AF8,	0x020C,
0x8AFA,	0x020C,
0x8AFC,	0x020D,
0x8AFE,	0x020E,
0x8B00,	0x020E,
0x8B02,	0x020E,
0x8B04,	0x020F,
0x8B06,	0x020F,
0x8B08,	0x020F,
0x8B0A,	0x0210,
0x8B0C,	0x0210,
0x8B0E,	0x0211,
0x8B10,	0x0212,
0x8B12,	0x0212,
0x8B14,	0x0212,
0x8B16,	0x0213,
0x8B18,	0x0214,
0x8B1A,	0x0214,
0x8B1C,	0x0200,
0x8B1E,	0x0203,
0x8B20,	0x0205,
0x8B22,	0x0205,
0x8B24,	0x0206,
0x8B26,	0x0208,
0x8B28,	0x0209,
0x8B2A,	0x0208,
0x8B2C,	0x0209,
0x8B2E,	0x0209,
0x8B30,	0x020B,
0x8B32,	0x020A,
0x8B34,	0x020B,
0x8B36,	0x020B,
0x8B38,	0x020C,
0x8B3A,	0x020C,
0x8B3C,	0x020D,
0x8B3E,	0x020E,
0x8B40,	0x020E,
0x8B42,	0x020E,
0x8B44,	0x020F,
0x8B46,	0x020F,
0x8B48,	0x020F,
0x8B4A,	0x0210,
0x8B4C,	0x0210,
0x8B4E,	0x0211,
0x8B50,	0x0212,
0x8B52,	0x0212,
0x8B54,	0x0212,
0x8B56,	0x0213,
0x8B58,	0x0214,
0x8B5A,	0x0214,
0x8B5C,	0x0200,
0x8B5E,	0x0204,
0x8B60,	0x0206,
0x8B62,	0x0206,
0x8B64,	0x0207,
0x8B66,	0x0207,
0x8B68,	0x0208,
0x8B6A,	0x0207,
0x8B6C,	0x0208,
0x8B6E,	0x0208,
0x8B70,	0x0208,
0x8B72,	0x0208,
0x8B74,	0x0208,
0x8B76,	0x0208,
0x8B78,	0x0209,
0x8B7A,	0x020A,
0x8B7C,	0x020A,
0x8B7E,	0x020A,
0x8B80,	0x020A,
0x8B82,	0x020B,
0x8B84,	0x020B,
0x8B86,	0x020C,
0x8B88,	0x020D,
0x8B8A,	0x020C,
0x8B8C,	0x020D,
0x8B8E,	0x020D,
0x8B90,	0x020F,
0x8B92,	0x020E,
0x8B94,	0x020F,
0x8B96,	0x020F,
0x8B98,	0x0210,
0x8B9A,	0x0210,
0x8B9C,	0x0200,
0x8B9E,	0x0204,
0x8BA0,	0x0205,
0x8BA2,	0x0206,
0x8BA4,	0x0207,
0x8BA6,	0x0208,
0x8BA8,	0x020A,
0x8BAA,	0x0209,
0x8BAC,	0x020A,
0x8BAE,	0x020B,
0x8BB0,	0x020B,
0x8BB2,	0x020C,
0x8BB4,	0x020D,
0x8BB6,	0x020E,
0x8BB8,	0x020E,
0x8BBA,	0x020F,
0x8BBC,	0x020F,
0x8BBE,	0x0210,
0x8BC0,	0x0210,
0x8BC2,	0x0211,
0x8BC4,	0x0212,
0x8BC6,	0x0213,
0x8BC8,	0x0213,
0x8BCA,	0x0214,
0x8BCC,	0x0214,
0x8BCE,	0x0215,
0x8BD0,	0x0215,
0x8BD2,	0x0217,
0x8BD4,	0x0216,
0x8BD6,	0x0217,
0x8BD8,	0x0218,
0x8BDA,	0x0218,
};

//AINR
static u16 addr_data_pair_custom4[] = {
0x0204,	0x4B08,
0x0206,	0x02A8,
0x020C,	0x30E0,
0x0210,	0x30F0,
0x0226,	0x0022,
0x023A,	0x1B62,
0x024C,	0x0090,
0x024E,	0x13E2,
0x0280,	0x002A,
0x0282,	0x0A0A,
0x0348,	0x0246,
0x034A,	0x0023,
0x034C,	0x0061,
0x034E,	0x0000,
0x035A,	0x0040,
0x0364,	0x0000,
0x0380,	0x0032,
0x0382,	0x00C8,
0x0390,	0x30F0,
0x0394,	0x30F0,
0x0398,	0x30F0,
0x039C,	0x0154,
0x03A0,	0x30F0,
0x0402,	0x750A,
0x0404,	0x1000,
0x0406,	0x0404,
0x0408,	0x0404,
0x040A,	0xB1E4,
0x0414,	0x0800,
0x0416,	0x0006,
0x0418,	0x00D4,
0x042E,	0x2100,
0x0430,	0x0606,
0x0446,	0x08FA,
0x0448,	0x1032,
0x0452,	0x0000,
0x0476,	0x0001,
0x050C,	0x30F0,
0x0510,	0x30E0,
0x0524,	0x30E0,
0x0538,	0x30E0,
0x054C,	0x30E0,
0x0D00,	0x0000,
0x0D2C,	0x4008,
0x0602,	0x3112,
0x0604,	0x804B,
0x0624,	0x7824,
0x063A,	0x0044,
0x063C,	0x0079,
0x06FA,	0x00CE,
0x3502,	0x01C5,
0x3600,	0x0201,
0x3604,	0x3120,
0x3606,	0x7564,
0x3608,	0x1302,
0x360A,	0x5746,
0x3630,	0x0156,
0x3634,	0x0066,
0x2804,	0x5C2E,
0x527C,	0x0180,
0x5298,	0x029E,
0x0F00,	0x0000,
0x0F04,	0x0006,
0x0F06,	0x0004,
0x0F08,	0x0011,
0x0F0A,	0x2233,
0x0F0C,	0x4455,
0x0F0E,	0x6677,
0x0B04,	0x1B38,
0x0B06,	0x0405,
0x0B1C,	0x19D0,
0x0B1E,	0x1360,
0x0B20,	0x0668,
0x0B22,	0x04D0,
0x0B30,	0x0000,
0x0B34,	0x0002,
0x1500,	0x4420,
0x1506,	0x0000,
0x1508,	0x0050,
0x150A,	0x0118,
0x150C,	0x4100,
0x1520,	0x0200,
0x0A08,	0x988F,
0x0A10,	0x3040,
0x0A12,	0x0001,
0x0C00,	0x0221,
0x0746,	0x0113,
0x0766,	0x0050,
0x0798,	0x0113,
0x07A0,	0x0050,
0x12A0,	0x0000,
0x1C00,	0x4040,
0x1C40,	0x0201,
0x1000,	0x03C0,
0x1002,	0xC311,
0x1004,	0x2BB0,
0x1020,	0xC108,
0x1022,	0x0925,
0x1024,	0x010A,
0x1026,	0x0B0D,
0x1028,	0x120B,
0x102A,	0x0D0A,
0x102C,	0x0017,
0x102E,	0x0808,
0x1062,	0x0006,
0x10C6,	0x8200,
0x10E0,	0x8411,
0x10E2,	0x0000,
0x10E4,	0x1800,
0x10E6,	0x0300,
0x10E8,	0x0000,
0x10EA,	0x0029,
0x10EC,	0x0008,
0x10EE,	0x001C,
0x10F0,	0x0100,
0x10F2,	0x0000,
0x10F4,	0x0000,
0x0384,	0x0200,
0x8BDC,	0x01B4,
0x8BDE,	0x01CB,
0x8BE0,	0x01E2,
0x8BE2,	0x01FC,
0x8BE4,	0x0217,
0x8BE6,	0x0233,
0x8BE8,	0x0318,
0x8BEA,	0x0318,
0x8BEC,	0x0320,
0x8BEE,	0x01C0,
0x8BF0,	0x07C0,
0x8BF2,	0x0800,
0x8BF4,	0x0099,
0x8BF6,	0x00AA,
0x8BF8,	0x0040,
0x8BFA,	0x0078,
0x8BFC,	0xFE36,
0x8BFE,	0x0000,
0x8C00,	0x0004,
0x8C02,	0x161F,
0x8C04,	0x339F,
0x8C06,	0x5C2E,
0x8C08,	0x6E9E,
0x8C0A,	0x937E,
0x8C0C,	0x0800,
0x8C0E,	0x0800,
0x8C10,	0x0800,
0x8C12,	0x0800,
0x8C14,	0x0800,
0x8C16,	0x0800,
0x8C18,	0x0000,
0x8C1A,	0x0000,
0x8C1C,	0x0000,
0x8C1E,	0x0000,
0x8C20,	0x0000,
0x8C22,	0x0000,
0x8C24,	0x0000,
0x8C26,	0x0010,
0x8C28,	0x0030,
0x8C2A,	0x0070,
0x8C2C,	0x00B0,
0x8C2E,	0x00F0,
0x8C30,	0x0800,
0x8C32,	0x0800,
0x8C34,	0x0800,
0x8C36,	0x0800,
0x8C38,	0x0800,
0x8C3A,	0x0800,
0x8C3C,	0xFFE2,
0x8C3E,	0xFF4B,
0x8C40,	0xFF5A,
0x8C42,	0xFED4,
0x8C44,	0xFE80,
0x8C46,	0xFDB4,
0x8C48,	0x01B4,
0x8C4A,	0x01CB,
0x8C4C,	0x01E2,
0x8C4E,	0x01FC,
0x8C50,	0x0217,
0x8C52,	0x0233,
0x8C54,	0x0318,
0x8C56,	0x0320,
0x8C58,	0x0320,
0x8C5A,	0x01C0,
0x8C5C,	0x0780,
0x8C5E,	0x0800,
0x8C60,	0x00F9,
0x8C62,	0xFFE1,
0x8C64,	0x0046,
0x8C66,	0x0053,
0x8C68,	0xFE1B,
0x8C6A,	0x0000,
0x8C6C,	0x0004,
0x8C6E,	0x161F,
0x8C70,	0x339F,
0x8C72,	0x5C2E,
0x8C74,	0x6E9E,
0x8C76,	0x937E,
0x8C78,	0x0800,
0x8C7A,	0x0800,
0x8C7C,	0x0800,
0x8C7E,	0x0800,
0x8C80,	0x0800,
0x8C82,	0x0800,
0x8C84,	0x0000,
0x8C86,	0x0000,
0x8C88,	0x0000,
0x8C8A,	0x0000,
0x8C8C,	0x0000,
0x8C8E,	0x0000,
0x8C90,	0x0000,
0x8C92,	0x0010,
0x8C94,	0x0030,
0x8C96,	0x0070,
0x8C98,	0x00B0,
0x8C9A,	0x00F0,
0x8C9C,	0x0800,
0x8C9E,	0x0800,
0x8CA0,	0x0800,
0x8CA2,	0x0800,
0x8CA4,	0x0800,
0x8CA6,	0x0800,
0x8CA8,	0xFFE5,
0x8CAA,	0xFF55,
0x8CAC,	0xFF68,
0x8CAE,	0xFECB,
0x8CB0,	0xFE72,
0x8CB2,	0xFDEC,
0x8CB4,	0x01B4,
0x8CB6,	0x01CB,
0x8CB8,	0x01E2,
0x8CBA,	0x01FC,
0x8CBC,	0x0217,
0x8CBE,	0x0233,
0x8CC0,	0x0318,
0x8CC2,	0x0318,
0x8CC4,	0x031C,
0x8CC6,	0x01E0,
0x8CC8,	0x07F0,
0x8CCA,	0x0800,
0x8CCC,	0x002F,
0x8CCE,	0x000F,
0x8CD0,	0x004A,
0x8CD2,	0x007C,
0x8CD4,	0xFE18,
0x8CD6,	0x0000,
0x8CD8,	0x0004,
0x8CDA,	0x161F,
0x8CDC,	0x339F,
0x8CDE,	0x5C2E,
0x8CE0,	0x6E9E,
0x8CE2,	0x937E,
0x8CE4,	0x0800,
0x8CE6,	0x0800,
0x8CE8,	0x0800,
0x8CEA,	0x0800,
0x8CEC,	0x0800,
0x8CEE,	0x0800,
0x8CF0,	0x0000,
0x8CF2,	0x0000,
0x8CF4,	0x0000,
0x8CF6,	0x0000,
0x8CF8,	0x0000,
0x8CFA,	0x0000,
0x8CFC,	0x0000,
0x8CFE,	0x0010,
0x8D00,	0x0030,
0x8D02,	0x0070,
0x8D04,	0x00B0,
0x8D06,	0x00F0,
0x8D08,	0x0800,
0x8D0A,	0x0800,
0x8D0C,	0x0800,
0x8D0E,	0x0800,
0x8D10,	0x0800,
0x8D12,	0x0800,
0x8D14,	0xFFE5,
0x8D16,	0xFF63,
0x8D18,	0xFF81,
0x8D1A,	0xFF0F,
0x8D1C,	0xFE8A,
0x8D1E,	0xFE1B,
0x8D20,	0x01B4,
0x8D22,	0x01CB,
0x8D24,	0x01E2,
0x8D26,	0x01FC,
0x8D28,	0x0217,
0x8D2A,	0x0233,
0x8D2C,	0x0318,
0x8D2E,	0x031C,
0x8D30,	0x0330,
0x8D32,	0x01E0,
0x8D34,	0x0780,
0x8D36,	0x0800,
0x8D38,	0x00B2,
0x8D3A,	0x001F,
0x8D3C,	0xFFF6,
0x8D3E,	0x0097,
0x8D40,	0xFE2F,
0x8D42,	0x0000,
0x8D44,	0x0004,
0x8D46,	0x161F,
0x8D48,	0x339F,
0x8D4A,	0x5C2E,
0x8D4C,	0x6E9E,
0x8D4E,	0x937E,
0x8D50,	0x0800,
0x8D52,	0x0800,
0x8D54,	0x0800,
0x8D56,	0x0800,
0x8D58,	0x0800,
0x8D5A,	0x0800,
0x8D5C,	0x0000,
0x8D5E,	0x0000,
0x8D60,	0x0000,
0x8D62,	0x0000,
0x8D64,	0x0000,
0x8D66,	0x0000,
0x8D68,	0x0000,
0x8D6A,	0x0010,
0x8D6C,	0x0030,
0x8D6E,	0x0070,
0x8D70,	0x00B0,
0x8D72,	0x00F0,
0x8D74,	0x0800,
0x8D76,	0x0800,
0x8D78,	0x0800,
0x8D7A,	0x0800,
0x8D7C,	0x0800,
0x8D7E,	0x0800,
0x8D80,	0xFFE4,
0x8D82,	0xFF57,
0x8D84,	0xFF84,
0x8D86,	0xFEEF,
0x8D88,	0xFE9B,
0x8D8A,	0xFDFF,
0x8D8C,	0x0800,
0x8D8E,	0x0000,
0x8D90,	0x0800,
0x8D92,	0x0000,
0x8D94,	0x0800,
0x8D96,	0x0000,
0x8D98,	0x0800,
0x8D9A,	0x0000,
0x8D9C,	0x0000,
0x8D9E,	0x0000,
0x8DA0,	0x0000,
0x8DA2,	0x0000,
0x8DA4,	0x0000,
0x8DA6,	0x0000,
0x8DA8,	0x0000,
0x8DAA,	0x0000,
0x2B00,	0x0043,
0x2B02,	0x0047,
0x2B04,	0x004B,
0x2B06,	0x006D,
0x2B08,	0x00E9,
0x2B0A,	0x0109,
0x2B0C,	0x0209,
0x2B0E,	0x07FF,
0x2B10,	0x0043,
0x2B12,	0x0047,
0x2B14,	0x004B,
0x2B16,	0x006D,
0x2B18,	0x00E9,
0x2B1A,	0x0109,
0x2B1C,	0x0209,
0x2B1E,	0x07FF,
0x2B20,	0x0043,
0x2B22,	0x0048,
0x2B24,	0x004B,
0x2B26,	0x0063,
0x2B28,	0x00CA,
0x2B2A,	0x01CA,
0x2B2C,	0x01E4,
0x2B2E,	0x07FF,
0x2B30,	0x0043,
0x2B32,	0x0048,
0x2B34,	0x004D,
0x2B36,	0x0063,
0x2B38,	0x00C0,
0x2B3A,	0x01A9,
0x2B3C,	0x01E1,
0x2B3E,	0x07FF,
0x1900,	0x01D5,
0x1902,	0x0000,
0x1904,	0x0166,
0x1906,	0x0000,
0x1908,	0x2037,
0x190A,	0x0000,
0x190C,	0x200F,
0x190E,	0x0000,
0x1910,	0x0024,
0x1912,	0x0000,
0x1914,	0x2006,
0x1916,	0x0000,
0x1918,	0x0053,
0x191A,	0x0000,
0x1A00,	0x01D5,
0x1A02,	0x0000,
0x1A04,	0x0166,
0x1A06,	0x0000,
0x1A08,	0x2037,
0x1A0A,	0x0000,
0x1A0C,	0x200F,
0x1A0E,	0x0000,
0x1A10,	0x0024,
0x1A12,	0x0000,
0x1A14,	0x2006,
0x1A16,	0x0000,
0x1A18,	0x0053,
0x1A1A,	0x0000,
0x2900,	0x0118,
0x2902,	0x0000,
0x2904,	0x0061,
0x2906,	0x0000,
0x2908,	0x2030,
0x290A,	0x0000,
0x290C,	0x2000,
0x290E,	0x0000,
0x2910,	0x200F,
0x2912,	0x0000,
0x2914,	0x001F,
0x2916,	0x0000,
0x2918,	0x0045,
0x291A,	0x0000,
0x2A00,	0x0122,
0x2A02,	0x0000,
0x2A04,	0x2000,
0x2A06,	0x0000,
0x2A08,	0x2034,
0x2A0A,	0x0000,
0x2A0C,	0x2007,
0x2A0E,	0x0000,
0x2A10,	0x2017,
0x2A12,	0x0000,
0x2A14,	0x0009,
0x2A16,	0x0000,
0x2A18,	0x0028,
0x2A1A,	0x0000,
0x191C,	0x07B1,
0x191E,	0x0002,
0x1920,	0x04B7,
0x1922,	0x0002,
0x1924,	0x0C7E,
0x1926,	0x0000,
0x1928,	0x057B,
0x192A,	0x0000,
0x192C,	0x1C43,
0x192E,	0x0002,
0x1930,	0x0534,
0x1932,	0x0000,
0x1934,	0x9AF8,
0x1936,	0x0002,
0x1A1C,	0x07B1,
0x1A1E,	0x0002,
0x1A20,	0x04B7,
0x1A22,	0x0002,
0x1A24,	0x0C7E,
0x1A26,	0x0000,
0x1A28,	0x057B,
0x1A2A,	0x0000,
0x1A2C,	0x1C43,
0x1A2E,	0x0002,
0x1A30,	0x0534,
0x1A32,	0x0000,
0x1A34,	0x9AF8,
0x1A36,	0x0002,
0x291C,	0x04DB,
0x291E,	0x0002,
0x2920,	0x00B8,
0x2922,	0x0000,
0x2924,	0x0702,
0x2926,	0x0000,
0x2928,	0x0076,
0x292A,	0x0000,
0x292C,	0x088C,
0x292E,	0x0000,
0x2930,	0x40AA,
0x2932,	0x0002,
0x2934,	0x7DD6,
0x2936,	0x0002,
0x2A1C,	0x032F,
0x2A1E,	0x0002,
0x2A20,	0x05D1,
0x2A22,	0x0000,
0x2A24,	0x0872,
0x2A26,	0x0000,
0x2A28,	0x0236,
0x2A2A,	0x0000,
0x2A2C,	0x0A26,
0x2A2E,	0x0000,
0x2A30,	0x2405,
0x2A32,	0x0002,
0x2A34,	0x5753,
0x2A36,	0x0002,
0x8ADC,	0x0200,
0x8ADE,	0x0205,
0x8AE0,	0x0206,
0x8AE2,	0x0205,
0x8AE4,	0x0205,
0x8AE6,	0x0206,
0x8AE8,	0x0207,
0x8AEA,	0x0208,
0x8AEC,	0x0207,
0x8AEE,	0x0209,
0x8AF0,	0x0209,
0x8AF2,	0x0209,
0x8AF4,	0x0209,
0x8AF6,	0x020A,
0x8AF8,	0x020A,
0x8AFA,	0x020B,
0x8AFC,	0x020B,
0x8AFE,	0x020B,
0x8B00,	0x020B,
0x8B02,	0x020B,
0x8B04,	0x020A,
0x8B06,	0x020B,
0x8B08,	0x020C,
0x8B0A,	0x020B,
0x8B0C,	0x020B,
0x8B0E,	0x020C,
0x8B10,	0x020C,
0x8B12,	0x020D,
0x8B14,	0x020D,
0x8B16,	0x020C,
0x8B18,	0x020D,
0x8B1A,	0x020D,
0x8B1C,	0x0200,
0x8B1E,	0x0205,
0x8B20,	0x0206,
0x8B22,	0x0205,
0x8B24,	0x0205,
0x8B26,	0x0206,
0x8B28,	0x0207,
0x8B2A,	0x0208,
0x8B2C,	0x0207,
0x8B2E,	0x0209,
0x8B30,	0x0209,
0x8B32,	0x0209,
0x8B34,	0x0209,
0x8B36,	0x020A,
0x8B38,	0x020A,
0x8B3A,	0x020B,
0x8B3C,	0x020B,
0x8B3E,	0x020B,
0x8B40,	0x020B,
0x8B42,	0x020B,
0x8B44,	0x020A,
0x8B46,	0x020B,
0x8B48,	0x020C,
0x8B4A,	0x020B,
0x8B4C,	0x020B,
0x8B4E,	0x020C,
0x8B50,	0x020C,
0x8B52,	0x020D,
0x8B54,	0x020D,
0x8B56,	0x020C,
0x8B58,	0x020D,
0x8B5A,	0x020D,
0x8B5C,	0x0200,
0x8B5E,	0x0204,
0x8B60,	0x0205,
0x8B62,	0x0204,
0x8B64,	0x0204,
0x8B66,	0x0206,
0x8B68,	0x0206,
0x8B6A,	0x0206,
0x8B6C,	0x0207,
0x8B6E,	0x0207,
0x8B70,	0x0208,
0x8B72,	0x0209,
0x8B74,	0x0208,
0x8B76,	0x0209,
0x8B78,	0x0209,
0x8B7A,	0x0209,
0x8B7C,	0x020A,
0x8B7E,	0x020B,
0x8B80,	0x020A,
0x8B82,	0x020B,
0x8B84,	0x020B,
0x8B86,	0x020B,
0x8B88,	0x020C,
0x8B8A,	0x020C,
0x8B8C,	0x020D,
0x8B8E,	0x020C,
0x8B90,	0x020D,
0x8B92,	0x020D,
0x8B94,	0x020D,
0x8B96,	0x020E,
0x8B98,	0x020D,
0x8B9A,	0x020E,
0x8B9C,	0x0200,
0x8B9E,	0x0205,
0x8BA0,	0x0206,
0x8BA2,	0x0205,
0x8BA4,	0x0206,
0x8BA6,	0x0206,
0x8BA8,	0x0208,
0x8BAA,	0x0208,
0x8BAC,	0x0208,
0x8BAE,	0x0209,
0x8BB0,	0x0209,
0x8BB2,	0x020A,
0x8BB4,	0x020A,
0x8BB6,	0x020B,
0x8BB8,	0x020B,
0x8BBA,	0x020C,
0x8BBC,	0x020B,
0x8BBE,	0x020C,
0x8BC0,	0x020C,
0x8BC2,	0x020C,
0x8BC4,	0x020C,
0x8BC6,	0x020E,
0x8BC8,	0x020D,
0x8BCA,	0x020E,
0x8BCC,	0x020F,
0x8BCE,	0x020F,
0x8BD0,	0x020F,
0x8BD2,	0x020F,
0x8BD4,	0x0210,
0x8BD6,	0x0210,
0x8BD8,	0x0210,
0x8BDA,	0x0210,
};

//third app
static u16 addr_data_pair_custom5[] = {
0x0204, 0x4B08,
0x0206, 0x02A8,
0x020C, 0x30E0,
0x0210, 0x30F0,
0x0226, 0x0022,
0x023A, 0x1B62,
0x024C, 0x0090,
0x024E, 0x13E2,
0x0280, 0x002A,
0x0282, 0x0A0A,
0x0348, 0x0246,
0x034A, 0x0023,
0x034C, 0x0061,
0x034E, 0x0000,
0x035A, 0x0040,
0x0364, 0x0000,
0x0380, 0x0032,
0x0382, 0x00C8,
0x0390, 0x30F0,
0x0394, 0x30F0,
0x0398, 0x30F0,
0x039C, 0x0154,
0x03A0, 0x30F0,
0x0402, 0x750A,
0x0404, 0x1000,
0x0406, 0x0404,
0x0408, 0x0404,
0x040A, 0xB1E4,
0x0414, 0x0800,
0x0416, 0x0006,
0x0418, 0x00D4,
0x042E, 0x2100,
0x0430, 0x0606,
0x0446, 0x08FA,
0x0448, 0x1032,
0x0452, 0x0000,
0x0476, 0x0001,
0x050C, 0x30F0,
0x0510, 0x30E0,
0x0524, 0x30E0,
0x0538, 0x30E0,
0x054C, 0x30E0,
0x0D00, 0x0000,
0x0D2C, 0x4008,
0x0602, 0x3112,
0x0604, 0x804B,
0x0624, 0x7824,
0x063A, 0x0044,
0x063C, 0x0079,
0x06FA, 0x00CE,
0x3502, 0x01C5,
0x3600, 0x0201,
0x3604, 0x3120,
0x3606, 0x7564,
0x3608, 0x1302,
0x360A, 0x5746,
0x3630, 0x0156,
0x3634, 0x0066,
0x2804, 0x5C2E,
0x527C, 0x0180,
0x5298, 0x029E,
0x0F00, 0x0000,
0x0F04, 0x0006,
0x0F06, 0x0004,
0x0F08, 0x0011,
0x0F0A, 0x2233,
0x0F0C, 0x4455,
0x0F0E, 0x6677,
0x0B04, 0x1B38,
0x0B06, 0x0405,
0x0B1C, 0x19D0,
0x0B1E, 0x1360,
0x0B20, 0x0668,
0x0B22, 0x04D0,
0x0B30, 0x0000,
0x0B34, 0x0002,
0x1500, 0x4420,
0x1506, 0x0000,
0x1508, 0x0050,
0x150A, 0x0118,
0x150C, 0x4100,
0x1520, 0x0200,
0x0A08, 0x988F,
0x0A10, 0x3040,
0x0A12, 0x0001,
0x0C00, 0x0221,
0x0746, 0x0113,
0x0766, 0x0050,
0x0798, 0x0113,
0x07A0, 0x0050,
0x12A0, 0x0000,
0x1C00, 0x4040,
0x1C40, 0x0201,
0x1000, 0x03C0,
0x1002, 0xC311,
0x1004, 0x2BB0,
0x1020, 0xC108,
0x1022, 0x0925,
0x1024, 0x010A,
0x1026, 0x0B0D,
0x1028, 0x120B,
0x102A, 0x0D0A,
0x102C, 0x0017,
0x102E, 0x0808,
0x1062, 0x0006,
0x10C6, 0x8200,
0x10E0, 0x8411,
0x10E2, 0x0000,
0x10E4, 0x1800,
0x10E6, 0x0300,
0x10E8, 0x0000,
0x10EA, 0x0029,
0x10EC, 0x0008,
0x10EE, 0x001C,
0x10F0, 0x0100,
0x10F2, 0x0000,
0x10F4, 0x0000,
0x0384, 0x0200,
0x8BDC, 0x01B4,
0x8BDE, 0x01CB,
0x8BE0, 0x01E2,
0x8BE2, 0x01FC,
0x8BE4, 0x0217,
0x8BE6, 0x0233,
0x8BE8, 0x0318,
0x8BEA, 0x0318,
0x8BEC, 0x0320,
0x8BEE, 0x01C0,
0x8BF0, 0x07C0,
0x8BF2, 0x0800,
0x8BF4, 0x0099,
0x8BF6, 0x00AA,
0x8BF8, 0x0040,
0x8BFA, 0x0078,
0x8BFC, 0xFE36,
0x8BFE, 0x0000,
0x8C00, 0x0004,
0x8C02, 0x161F,
0x8C04, 0x339F,
0x8C06, 0x5C2E,
0x8C08, 0x6E9E,
0x8C0A, 0x937E,
0x8C0C, 0x0800,
0x8C0E, 0x0800,
0x8C10, 0x0800,
0x8C12, 0x0800,
0x8C14, 0x0800,
0x8C16, 0x0800,
0x8C18, 0x0000,
0x8C1A, 0x0000,
0x8C1C, 0x0000,
0x8C1E, 0x0000,
0x8C20, 0x0000,
0x8C22, 0x0000,
0x8C24, 0x0000,
0x8C26, 0x0010,
0x8C28, 0x0030,
0x8C2A, 0x0070,
0x8C2C, 0x00B0,
0x8C2E, 0x00F0,
0x8C30, 0x0800,
0x8C32, 0x0800,
0x8C34, 0x0800,
0x8C36, 0x0800,
0x8C38, 0x0800,
0x8C3A, 0x0800,
0x8C3C, 0xFFE2,
0x8C3E, 0xFF4B,
0x8C40, 0xFF5A,
0x8C42, 0xFED4,
0x8C44, 0xFE80,
0x8C46, 0xFDB4,
0x8C48, 0x01B4,
0x8C4A, 0x01CB,
0x8C4C, 0x01E2,
0x8C4E, 0x01FC,
0x8C50, 0x0217,
0x8C52, 0x0233,
0x8C54, 0x0318,
0x8C56, 0x0320,
0x8C58, 0x0320,
0x8C5A, 0x01C0,
0x8C5C, 0x0780,
0x8C5E, 0x0800,
0x8C60, 0x00F9,
0x8C62, 0xFFE1,
0x8C64, 0x0046,
0x8C66, 0x0053,
0x8C68, 0xFE1B,
0x8C6A, 0x0000,
0x8C6C, 0x0004,
0x8C6E, 0x161F,
0x8C70, 0x339F,
0x8C72, 0x5C2E,
0x8C74, 0x6E9E,
0x8C76, 0x937E,
0x8C78, 0x0800,
0x8C7A, 0x0800,
0x8C7C, 0x0800,
0x8C7E, 0x0800,
0x8C80, 0x0800,
0x8C82, 0x0800,
0x8C84, 0x0000,
0x8C86, 0x0000,
0x8C88, 0x0000,
0x8C8A, 0x0000,
0x8C8C, 0x0000,
0x8C8E, 0x0000,
0x8C90, 0x0000,
0x8C92, 0x0010,
0x8C94, 0x0030,
0x8C96, 0x0070,
0x8C98, 0x00B0,
0x8C9A, 0x00F0,
0x8C9C, 0x0800,
0x8C9E, 0x0800,
0x8CA0, 0x0800,
0x8CA2, 0x0800,
0x8CA4, 0x0800,
0x8CA6, 0x0800,
0x8CA8, 0xFFE5,
0x8CAA, 0xFF55,
0x8CAC, 0xFF68,
0x8CAE, 0xFECB,
0x8CB0, 0xFE72,
0x8CB2, 0xFDEC,
0x8CB4, 0x01B4,
0x8CB6, 0x01CB,
0x8CB8, 0x01E2,
0x8CBA, 0x01FC,
0x8CBC, 0x0217,
0x8CBE, 0x0233,
0x8CC0, 0x0318,
0x8CC2, 0x0318,
0x8CC4, 0x031C,
0x8CC6, 0x01E0,
0x8CC8, 0x07F0,
0x8CCA, 0x0800,
0x8CCC, 0x002F,
0x8CCE, 0x000F,
0x8CD0, 0x004A,
0x8CD2, 0x007C,
0x8CD4, 0xFE18,
0x8CD6, 0x0000,
0x8CD8, 0x0004,
0x8CDA, 0x161F,
0x8CDC, 0x339F,
0x8CDE, 0x5C2E,
0x8CE0, 0x6E9E,
0x8CE2, 0x937E,
0x8CE4, 0x0800,
0x8CE6, 0x0800,
0x8CE8, 0x0800,
0x8CEA, 0x0800,
0x8CEC, 0x0800,
0x8CEE, 0x0800,
0x8CF0, 0x0000,
0x8CF2, 0x0000,
0x8CF4, 0x0000,
0x8CF6, 0x0000,
0x8CF8, 0x0000,
0x8CFA, 0x0000,
0x8CFC, 0x0000,
0x8CFE, 0x0010,
0x8D00, 0x0030,
0x8D02, 0x0070,
0x8D04, 0x00B0,
0x8D06, 0x00F0,
0x8D08, 0x0800,
0x8D0A, 0x0800,
0x8D0C, 0x0800,
0x8D0E, 0x0800,
0x8D10, 0x0800,
0x8D12, 0x0800,
0x8D14, 0xFFE5,
0x8D16, 0xFF63,
0x8D18, 0xFF81,
0x8D1A, 0xFF0F,
0x8D1C, 0xFE8A,
0x8D1E, 0xFE1B,
0x8D20, 0x01B4,
0x8D22, 0x01CB,
0x8D24, 0x01E2,
0x8D26, 0x01FC,
0x8D28, 0x0217,
0x8D2A, 0x0233,
0x8D2C, 0x0318,
0x8D2E, 0x031C,
0x8D30, 0x0330,
0x8D32, 0x01E0,
0x8D34, 0x0780,
0x8D36, 0x0800,
0x8D38, 0x00B2,
0x8D3A, 0x001F,
0x8D3C, 0xFFF6,
0x8D3E, 0x0097,
0x8D40, 0xFE2F,
0x8D42, 0x0000,
0x8D44, 0x0004,
0x8D46, 0x161F,
0x8D48, 0x339F,
0x8D4A, 0x5C2E,
0x8D4C, 0x6E9E,
0x8D4E, 0x937E,
0x8D50, 0x0800,
0x8D52, 0x0800,
0x8D54, 0x0800,
0x8D56, 0x0800,
0x8D58, 0x0800,
0x8D5A, 0x0800,
0x8D5C, 0x0000,
0x8D5E, 0x0000,
0x8D60, 0x0000,
0x8D62, 0x0000,
0x8D64, 0x0000,
0x8D66, 0x0000,
0x8D68, 0x0000,
0x8D6A, 0x0010,
0x8D6C, 0x0030,
0x8D6E, 0x0070,
0x8D70, 0x00B0,
0x8D72, 0x00F0,
0x8D74, 0x0800,
0x8D76, 0x0800,
0x8D78, 0x0800,
0x8D7A, 0x0800,
0x8D7C, 0x0800,
0x8D7E, 0x0800,
0x8D80, 0xFFE4,
0x8D82, 0xFF57,
0x8D84, 0xFF84,
0x8D86, 0xFEEF,
0x8D88, 0xFE9B,
0x8D8A, 0xFDFF,
0x8D8C, 0x0800,
0x8D8E, 0x0000,
0x8D90, 0x0800,
0x8D92, 0x0000,
0x8D94, 0x0800,
0x8D96, 0x0000,
0x8D98, 0x0800,
0x8D9A, 0x0000,
0x8D9C, 0x0000,
0x8D9E, 0x0000,
0x8DA0, 0x0000,
0x8DA2, 0x0000,
0x8DA4, 0x0000,
0x8DA6, 0x0000,
0x8DA8, 0x0000,
0x8DAA, 0x0000,
0x2B00, 0x0043,
0x2B02, 0x0047,
0x2B04, 0x004B,
0x2B06, 0x006D,
0x2B08, 0x00E9,
0x2B0A, 0x0109,
0x2B0C, 0x0209,
0x2B0E, 0x07FF,
0x2B10, 0x0043,
0x2B12, 0x0047,
0x2B14, 0x004B,
0x2B16, 0x006D,
0x2B18, 0x00E9,
0x2B1A, 0x0109,
0x2B1C, 0x0209,
0x2B1E, 0x07FF,
0x2B20, 0x0043,
0x2B22, 0x0048,
0x2B24, 0x004B,
0x2B26, 0x0063,
0x2B28, 0x00CA,
0x2B2A, 0x01CA,
0x2B2C, 0x01E4,
0x2B2E, 0x07FF,
0x2B30, 0x0043,
0x2B32, 0x0048,
0x2B34, 0x004D,
0x2B36, 0x0063,
0x2B38, 0x00C0,
0x2B3A, 0x01A9,
0x2B3C, 0x01E1,
0x2B3E, 0x07FF,
0x1900, 0x01D5,
0x1902, 0x0000,
0x1904, 0x0166,
0x1906, 0x0000,
0x1908, 0x2037,
0x190A, 0x0000,
0x190C, 0x200F,
0x190E, 0x0000,
0x1910, 0x0024,
0x1912, 0x0000,
0x1914, 0x2006,
0x1916, 0x0000,
0x1918, 0x0053,
0x191A, 0x0000,
0x1A00, 0x01D5,
0x1A02, 0x0000,
0x1A04, 0x0166,
0x1A06, 0x0000,
0x1A08, 0x2037,
0x1A0A, 0x0000,
0x1A0C, 0x200F,
0x1A0E, 0x0000,
0x1A10, 0x0024,
0x1A12, 0x0000,
0x1A14, 0x2006,
0x1A16, 0x0000,
0x1A18, 0x0053,
0x1A1A, 0x0000,
0x2900, 0x0118,
0x2902, 0x0000,
0x2904, 0x0061,
0x2906, 0x0000,
0x2908, 0x2030,
0x290A, 0x0000,
0x290C, 0x2000,
0x290E, 0x0000,
0x2910, 0x200F,
0x2912, 0x0000,
0x2914, 0x001F,
0x2916, 0x0000,
0x2918, 0x0045,
0x291A, 0x0000,
0x2A00, 0x0122,
0x2A02, 0x0000,
0x2A04, 0x2000,
0x2A06, 0x0000,
0x2A08, 0x2034,
0x2A0A, 0x0000,
0x2A0C, 0x2007,
0x2A0E, 0x0000,
0x2A10, 0x2017,
0x2A12, 0x0000,
0x2A14, 0x0009,
0x2A16, 0x0000,
0x2A18, 0x0028,
0x2A1A, 0x0000,
0x191C, 0x07B1,
0x191E, 0x0002,
0x1920, 0x04B7,
0x1922, 0x0002,
0x1924, 0x0C7E,
0x1926, 0x0000,
0x1928, 0x057B,
0x192A, 0x0000,
0x192C, 0x1C43,
0x192E, 0x0002,
0x1930, 0x0534,
0x1932, 0x0000,
0x1934, 0x9AF8,
0x1936, 0x0002,
0x1A1C, 0x07B1,
0x1A1E, 0x0002,
0x1A20, 0x04B7,
0x1A22, 0x0002,
0x1A24, 0x0C7E,
0x1A26, 0x0000,
0x1A28, 0x057B,
0x1A2A, 0x0000,
0x1A2C, 0x1C43,
0x1A2E, 0x0002,
0x1A30, 0x0534,
0x1A32, 0x0000,
0x1A34, 0x9AF8,
0x1A36, 0x0002,
0x291C, 0x04DB,
0x291E, 0x0002,
0x2920, 0x00B8,
0x2922, 0x0000,
0x2924, 0x0702,
0x2926, 0x0000,
0x2928, 0x0076,
0x292A, 0x0000,
0x292C, 0x088C,
0x292E, 0x0000,
0x2930, 0x40AA,
0x2932, 0x0002,
0x2934, 0x7DD6,
0x2936, 0x0002,
0x2A1C, 0x032F,
0x2A1E, 0x0002,
0x2A20, 0x05D1,
0x2A22, 0x0000,
0x2A24, 0x0872,
0x2A26, 0x0000,
0x2A28, 0x0236,
0x2A2A, 0x0000,
0x2A2C, 0x0A26,
0x2A2E, 0x0000,
0x2A30, 0x2405,
0x2A32, 0x0002,
0x2A34, 0x5753,
0x2A36, 0x0002,
0x8ADC, 0x0200,
0x8ADE, 0x0205,
0x8AE0, 0x0206,
0x8AE2, 0x0205,
0x8AE4, 0x0205,
0x8AE6, 0x0206,
0x8AE8, 0x0207,
0x8AEA, 0x0208,
0x8AEC, 0x0207,
0x8AEE, 0x0209,
0x8AF0, 0x0209,
0x8AF2, 0x0209,
0x8AF4, 0x0209,
0x8AF6, 0x020A,
0x8AF8, 0x020A,
0x8AFA, 0x020B,
0x8AFC, 0x020B,
0x8AFE, 0x020B,
0x8B00, 0x020B,
0x8B02, 0x020B,
0x8B04, 0x020A,
0x8B06, 0x020B,
0x8B08, 0x020C,
0x8B0A, 0x020B,
0x8B0C, 0x020B,
0x8B0E, 0x020C,
0x8B10, 0x020C,
0x8B12, 0x020D,
0x8B14, 0x020D,
0x8B16, 0x020C,
0x8B18, 0x020D,
0x8B1A, 0x020D,
0x8B1C, 0x0200,
0x8B1E, 0x0205,
0x8B20, 0x0206,
0x8B22, 0x0205,
0x8B24, 0x0205,
0x8B26, 0x0206,
0x8B28, 0x0207,
0x8B2A, 0x0208,
0x8B2C, 0x0207,
0x8B2E, 0x0209,
0x8B30, 0x0209,
0x8B32, 0x0209,
0x8B34, 0x0209,
0x8B36, 0x020A,
0x8B38, 0x020A,
0x8B3A, 0x020B,
0x8B3C, 0x020B,
0x8B3E, 0x020B,
0x8B40, 0x020B,
0x8B42, 0x020B,
0x8B44, 0x020A,
0x8B46, 0x020B,
0x8B48, 0x020C,
0x8B4A, 0x020B,
0x8B4C, 0x020B,
0x8B4E, 0x020C,
0x8B50, 0x020C,
0x8B52, 0x020D,
0x8B54, 0x020D,
0x8B56, 0x020C,
0x8B58, 0x020D,
0x8B5A, 0x020D,
0x8B5C, 0x0200,
0x8B5E, 0x0204,
0x8B60, 0x0205,
0x8B62, 0x0204,
0x8B64, 0x0204,
0x8B66, 0x0206,
0x8B68, 0x0206,
0x8B6A, 0x0206,
0x8B6C, 0x0207,
0x8B6E, 0x0207,
0x8B70, 0x0208,
0x8B72, 0x0209,
0x8B74, 0x0208,
0x8B76, 0x0209,
0x8B78, 0x0209,
0x8B7A, 0x0209,
0x8B7C, 0x020A,
0x8B7E, 0x020B,
0x8B80, 0x020A,
0x8B82, 0x020B,
0x8B84, 0x020B,
0x8B86, 0x020B,
0x8B88, 0x020C,
0x8B8A, 0x020C,
0x8B8C, 0x020D,
0x8B8E, 0x020C,
0x8B90, 0x020D,
0x8B92, 0x020D,
0x8B94, 0x020D,
0x8B96, 0x020E,
0x8B98, 0x020D,
0x8B9A, 0x020E,
0x8B9C, 0x0200,
0x8B9E, 0x0205,
0x8BA0, 0x0206,
0x8BA2, 0x0205,
0x8BA4, 0x0206,
0x8BA6, 0x0206,
0x8BA8, 0x0208,
0x8BAA, 0x0208,
0x8BAC, 0x0208,
0x8BAE, 0x0209,
0x8BB0, 0x0209,
0x8BB2, 0x020A,
0x8BB4, 0x020A,
0x8BB6, 0x020B,
0x8BB8, 0x020B,
0x8BBA, 0x020C,
0x8BBC, 0x020B,
0x8BBE, 0x020C,
0x8BC0, 0x020C,
0x8BC2, 0x020C,
0x8BC4, 0x020C,
0x8BC6, 0x020E,
0x8BC8, 0x020D,
0x8BCA, 0x020E,
0x8BCC, 0x020F,
0x8BCE, 0x020F,
0x8BD0, 0x020F,
0x8BD2, 0x020F,
0x8BD4, 0x0210,
0x8BD6, 0x0210,
0x8BD8, 0x0210,
0x8BDA, 0x0210,
};

//video iDCG
static u16 addr_data_pair_custom6[] = {};

//200m
static u16 addr_data_pair_custom7[] = {};

//LN2 seamless
static u16 hi3231qsub1_seamless_custom2[] = {};

//2X seamless
static u16 hi3231qsub1_seamless_custom3[] = {};

//4X seamless
static u16 hi3231qsub1_seamless_custom4[] = {};

//capture iDCG seamless
static u16 hi3231qsub1_seamless_custom5[] = {};

#endif
