/* SPDX-License-Identifier: GPL-2.0 */
/*
 * Copyright (c) 2019 MediaTek Inc.
 */
/*****************************************************************************
 *
 * Filename:
 * ---------
 *	 hi5022qwide_Sensor_setting.h
 *
 * Project:
 * --------
 * Description:
 * ------------
 *	 CMOS sensor header file
 *
 ****************************************************************************/
#ifndef _HI5022QWIDE_SENSOR_SETTING_H
#define _HI5022QWIDE_SENSOR_SETTING_H

#include "kd_camera_typedef.h"
/*
version:
20240707: copy AE10 from pre to custom5
*/
static u16 sensor_init_addr_data[] = {
0x0790,0x0100,
0xA000,0x67A9,
0xA002,0x8223,
0xA004,0xC807,
0xA006,0x67A9,
0xA008,0x82A3,
0xA00A,0xC807,
0xA00C,0xA7B7,
0xA00E,0x0000,
0xA010,0x8793,
0xA012,0x2E27,
0xA014,0xC97C,
0xA016,0xA7B7,
0xA018,0x0000,
0xA01A,0x8793,
0xA01C,0x09A7,
0xA01E,0x2823,
0xA020,0x0AF5,
0xA022,0xA7B7,
0xA024,0x0000,
0xA026,0x8793,
0xA028,0x2347,
0xA02A,0x2A23,
0xA02C,0x08F5,
0xA02E,0xA7B7,
0xA030,0x0000,
0xA032,0x8793,
0xA034,0x7B07,
0xA036,0x2423,
0xA038,0x0AF5,
0xA03A,0xB7B7,
0xA03C,0x0000,
0xA03E,0x8793,
0xA040,0x9F07,
0xA042,0x2623,
0xA044,0x1EF5,
0xA046,0xA7B7,
0xA048,0x0000,
0xA04A,0x8793,
0xA04C,0x3647,
0xA04E,0xD93C,
0xA050,0xA7B7,
0xA052,0x0000,
0xA054,0x8793,
0xA056,0x4127,
0xA058,0xCD5C,
0xA05A,0xA7B7,
0xA05C,0x0000,
0xA05E,0x8793,
0xA060,0x6AA7,
0xA062,0x2623,
0xA064,0x2EF5,
0xA066,0xA7B7,
0xA068,0x0000,
0xA06A,0x8793,
0xA06C,0x4347,
0xA06E,0xD11C,
0xA070,0xA7B7,
0xA072,0x0000,
0xA074,0x8793,
0xA076,0x5007,
0xA078,0xD17C,
0xA07A,0xA7B7,
0xA07C,0x0000,
0xA07E,0x8793,
0xA080,0x5F07,
0xA082,0xD13C,
0xA084,0x67A9,
0xA086,0x8793,
0xA088,0xC6C7,
0xA08A,0x2223,
0xA08C,0x34F5,
0xA08E,0x67A9,
0xA090,0x8793,
0xA092,0xC607,
0xA094,0x2423,
0xA096,0x36F5,
0xA098,0x8082,
0xA09A,0x1101,
0xA09C,0xC05A,
0xA09E,0x6B31,
0xA0A0,0x0B13,
0xA0A2,0x000B,
0xA0A4,0x6785,
0xA0A6,0x97DA,
0xA0A8,0xCC22,
0xA0AA,0x2703,
0xA0AC,0x00CB,
0xA0AE,0x842A,
0xA0B0,0xA503,
0xA0B2,0xA2C7,
0xA0B4,0xCA26,
0xA0B6,0xC84A,
0xA0B8,0xC452,
0xA0BA,0xC256,
0xA0BC,0x0937,
0xA0BE,0x1002,
0xA0C0,0xCE06,
0xA0C2,0xC64E,
0xA0C4,0x2A03,
0xA0C6,0x4309,
0xA0C8,0x2A83,
0xA0CA,0x4309,
0xA0CC,0x9702,
0xA0CE,0x4783,
0xA0D0,0x0004,
0xA0D2,0x00A3,
0xA0D4,0x0005,
0xA0D6,0x5A13,
0xA0D8,0x00CA,
0xA0DA,0x0023,
0xA0DC,0x00F5,
0xA0DE,0x4683,
0xA0E0,0x0034,
0xA0E2,0x01A3,
0xA0E4,0x0005,
0xA0E6,0xDA93,
0xA0E8,0x008A,
0xA0EA,0x0123,
0xA0EC,0x00D5,
0xA0EE,0x5683,
0xA0F0,0x0004,
0xA0F2,0x4705,
0xA0F4,0x7A13,
0xA0F6,0x00FA,
0xA0F8,0x1223,
0xA0FA,0x00D5,
0xA0FC,0xFA93,
0xA0FE,0x00FA,
0xA100,0x84AA,
0xA102,0x7C63,
0xA104,0x0CF7,
0xA106,0x2783,
0xA108,0x5009,
0xA10A,0x83A5,
0xA10C,0x8B85,
0xA10E,0xE7F9,
0xA110,0x0993,
0xA112,0x0085,
0xA114,0x0471,
0xA116,0x4901,
0xA118,0x2783,
0xA11A,0x0ACB,
0xA11C,0x85A2,
0xA11E,0x854E,
0xA120,0x9782,
0xA122,0xC783,
0xA124,0x0004,
0xA126,0x0905,
0xA128,0x09D1,
0xA12A,0x0451,
0xA12C,0x46E3,
0xA12E,0xFEF9,
0xA130,0x0737,
0xA132,0x1002,
0xA134,0x0713,
0xA136,0x3007,
0xA138,0x4778,
0xA13A,0x8311,
0xA13C,0x8B05,
0xA13E,0xC71D,
0xA140,0xC795,
0xA142,0x8713,
0xA144,0x00C4,
0xA146,0x4581,
0xA148,0x4350,
0xA14A,0x4314,
0xA14C,0x0751,
0xA14E,0x8633,
0xA150,0x02CA,
0xA152,0x0585,
0xA154,0x86B3,
0xA156,0x02DA,
0xA158,0x5633,
0xA15A,0x0346,
0xA15C,0xD6B3,
0xA15E,0x0346,
0xA160,0x2823,
0xA162,0xFEC7,
0xA164,0x2623,
0xA166,0xFED7,
0xA168,0x90E3,
0xA16A,0xFEF5,
0xA16C,0x06B7,
0xA16E,0x1002,
0xA170,0xC703,
0xA172,0x5046,
0xA174,0xC603,
0xA176,0x5056,
0xA178,0xA783,
0xA17A,0x5006,
0xA17C,0x7713,
0xA17E,0x0FF7,
0xA180,0x7613,
0xA182,0x0FF6,
0xA184,0x83A5,
0xA186,0x8B85,
0xA188,0xC799,
0xA18A,0xA783,
0xA18C,0x5006,
0xA18E,0x9693,
0xA190,0x00E7,
0xA192,0xCE63,
0xA194,0x0606,
0xA196,0x07B7,
0xA198,0x1002,
0xA19A,0x8793,
0xA19C,0x3007,
0xA19E,0x47FC,
0xA1A0,0x8391,
0xA1A2,0x8B85,
0xA1A4,0xC38D,
0xA1A6,0x67BD,
0xA1A8,0x8793,
0xA1AA,0x4007,
0xA1AC,0xD783,
0xA1AE,0x0287,
0xA1B0,0x8AB3,
0xA1B2,0x02FA,
0xA1B4,0x07B7,
0xA1B6,0x1000,
0xA1B8,0xCA33,
0xA1BA,0x034A,
0xA1BC,0x0A42,
0xA1BE,0x5A13,
0xA1C0,0x010A,
0xA1C2,0x9023,
0xA1C4,0x3B47,
0xA1C6,0x40F2,
0xA1C8,0x4462,
0xA1CA,0x44D2,
0xA1CC,0x4942,
0xA1CE,0x49B2,
0xA1D0,0x4A22,
0xA1D2,0x4A92,
0xA1D4,0x4B02,
0xA1D6,0x6105,
0xA1D8,0x8082,
0xA1DA,0xCBB1,
0xA1DC,0x8993,
0xA1DE,0x0084,
0xA1E0,0x0421,
0xA1E2,0x4901,
0xA1E4,0x2783,
0xA1E6,0x0ACB,
0xA1E8,0x85A2,
0xA1EA,0x854E,
0xA1EC,0x9782,
0xA1EE,0xC783,
0xA1F0,0x0004,
0xA1F2,0x0905,
0xA1F4,0x09D1,
0xA1F6,0x0451,
0xA1F8,0x46E3,
0xA1FA,0xFEF9,
0xA1FC,0x0737,
0xA1FE,0x1002,
0xA200,0x0713,
0xA202,0x3007,
0xA204,0x4778,
0xA206,0x8311,
0xA208,0x8B05,
0xA20A,0xD32D,
0xA20C,0xBF15,
0xA20E,0xC783,
0xA210,0x0004,
0xA212,0x4685,
0xA214,0xD1E3,
0xA216,0xF8F6,
0xA218,0x4894,
0xA21A,0x4589,
0xA21C,0xD733,
0xA21E,0x00E6,
0xA220,0xD0D8,
0xA222,0x8AE3,
0xA224,0xF6B7,
0xA226,0xD633,
0xA228,0x00C6,
0xA22A,0xDC90,
0xA22C,0xB7AD,
0xA22E,0x2783,
0xA230,0x34C9,
0xA232,0xBF2D,
0xA234,0x1101,
0xA236,0xC64E,
0xA238,0x69B1,
0xA23A,0x8993,
0xA23C,0x0009,
0xA23E,0x6785,
0xA240,0x97CE,
0xA242,0xC256,
0xA244,0xA703,
0xA246,0x00C9,
0xA248,0x8AAA,
0xA24A,0xA503,
0xA24C,0xA2C7,
0xA24E,0xCE06,
0xA250,0xCC22,
0xA252,0xCA26,
0xA254,0xC84A,
0xA256,0xC452,
0xA258,0x0A37,
0xA25A,0x1002,
0xA25C,0x2483,
0xA25E,0x430A,
0xA260,0x2403,
0xA262,0x430A,
0xA264,0x9702,
0xA266,0x4785,
0xA268,0xC11C,
0xA26A,0xD703,
0xA26C,0x000A,
0xA26E,0xA783,
0xA270,0x0AC9,
0xA272,0x892A,
0xA274,0x1223,
0xA276,0x00E5,
0xA278,0x8593,
0xA27A,0x008A,
0xA27C,0x0521,
0xA27E,0x9782,
0xA280,0x2783,
0xA282,0x34CA,
0xA284,0x8391,
0xA286,0x8B85,
0xA288,0xC7A1,
0xA28A,0x66BD,
0xA28C,0x8693,
0xA28E,0x4006,
0xA290,0xD683,
0xA292,0x0286,
0xA294,0x2703,
0xA296,0x0109,
0xA298,0x2783,
0xA29A,0x00C9,
0xA29C,0x8021,
0xA29E,0x883D,
0xA2A0,0x0733,
0xA2A2,0x02E4,
0xA2A4,0x80B1,
0xA2A6,0x88BD,
0xA2A8,0x07B3,
0xA2AA,0x02F4,
0xA2AC,0x0433,
0xA2AE,0x02D4,
0xA2B0,0x4433,
0xA2B2,0x0294,
0xA2B4,0xD7B3,
0xA2B6,0x0297,
0xA2B8,0x0442,
0xA2BA,0x8041,
0xA2BC,0x5733,
0xA2BE,0x0297,
0xA2C0,0x2623,
0xA2C2,0x00F9,
0xA2C4,0x07B7,
0xA2C6,0x1000,
0xA2C8,0x2823,
0xA2CA,0x00E9,
0xA2CC,0x9023,
0xA2CE,0x3A87,
0xA2D0,0x40F2,
0xA2D2,0x4462,
0xA2D4,0x44D2,
0xA2D6,0x4942,
0xA2D8,0x49B2,
0xA2DA,0x4A22,
0xA2DC,0x4A92,
0xA2DE,0x6105,
0xA2E0,0x8082,
0xA2E2,0x1141,
0xA2E4,0xC422,
0xA2E6,0x6431,
0xA2E8,0x0413,
0xA2EA,0x0004,
0xA2EC,0x6785,
0xA2EE,0x97A2,
0xA2F0,0xA703,
0xA2F2,0xA347,
0xA2F4,0x2783,
0xA2F6,0x3284,
0xA2F8,0xC226,
0xA2FA,0x4318,
0xA2FC,0xA783,
0xA2FE,0x0807,
0xA300,0xC606,
0xA302,0x5483,
0xA304,0x0027,
0xA306,0x9782,
0xA308,0x0737,
0xA30A,0x1002,
0xA30C,0x2783,
0xA30E,0x2807,
0xA310,0x0693,
0xA312,0x02F0,
0xA314,0x8395,
0xA316,0x8B9D,
0xA318,0xE163,
0xA31A,0x0496,
0xA31C,0x0713,
0xA31E,0x3007,
0xA320,0x2703,
0xA322,0x0AC7,
0xA324,0x8B05,
0xA326,0xE311,
0xA328,0x078D,
0xA32A,0x0737,
0xA32C,0x1002,
0xA32E,0x0713,
0xA330,0x3007,
0xA332,0x2703,
0xA334,0x0AC7,
0xA336,0x8B05,
0xA338,0xC701,
0xA33A,0x078D,
0xA33C,0xF793,
0xA33E,0x0FF7,
0xA340,0x2703,
0xA342,0x3444,
0xA344,0x078A,
0xA346,0x2303,
0xA348,0x1604,
0xA34A,0x97BA,
0xA34C,0x4422,
0xA34E,0x40B2,
0xA350,0x4492,
0xA352,0x4388,
0xA354,0x4585,
0xA356,0x0141,
0xA358,0x8302,
0xA35A,0x0713,
0xA35C,0x0EF0,
0xA35E,0x61E3,
0xA360,0xFE97,
0xA362,0xB7E1,
0xA364,0x7179,
0xA366,0x67A5,
0xA368,0x4705,
0xA36A,0x9423,
0xA36C,0x58E7,
0xA36E,0xD226,
0xA370,0xD04A,
0xA372,0xCE4E,
0xA374,0xCC52,
0xA376,0xCA56,
0xA378,0xC85A,
0xA37A,0xC65E,
0xA37C,0xD606,
0xA37E,0xD422,
0xA380,0x17B7,
0xA382,0x1000,
0xA384,0xC683,
0xA386,0xB037,
0xA388,0x6725,
0xA38A,0x57B7,
0xA38C,0x1001,
0xA38E,0x0E23,
0xA390,0x2CD7,
0xA392,0x567D,
0xA394,0xC790,
0xA396,0x56FD,
0xA398,0xC7D4,
0xA39A,0x470D,
0xA39C,0x6BB1,
0xA39E,0x2A37,
0xA3A0,0x1002,
0xA3A2,0x698D,
0xA3A4,0x8223,
0xA3A6,0x28E7,
0xA3A8,0x4B41,
0xA3AA,0x8B93,
0xA3AC,0x000B,
0xA3AE,0x6AF9,
0xA3B0,0x64BD,
0xA3B2,0x2937,
0xA3B4,0x1001,
0xA3B6,0x0A13,
0xA3B8,0x020A,
0xA3BA,0x8993,
0xA3BC,0x1A09,
0xA3BE,0x4401,
0xA3C0,0xA783,
0xA3C2,0x160B,
0xA3C4,0x4581,
0xA3C6,0x9823,
0xA3C8,0x2284,
0xA3CA,0x8513,
0xA3CC,0x098A,
0xA3CE,0x9782,
0xA3D0,0x4783,
0xA3D2,0x0049,
0xA3D4,0xE793,
0xA3D6,0x0017,
0xA3D8,0x0223,
0xA3DA,0x00F9,
0xA3DC,0xA423,
0xA3DE,0x0204,
0xA3E0,0xA023,
0xA3E2,0x0144,
0xA3E4,0xA423,
0xA3E6,0x0004,
0xA3E8,0x87BE,
0xA3EA,0x0413,
0xA3EC,0x0204,
0xA3EE,0x0442,
0xA3F0,0x8041,
0xA3F2,0x17E3,
0xA3F4,0xFD34,
0xA3F6,0x1B7D,
0xA3F8,0x13E3,
0xA3FA,0xFC0B,
0xA3FC,0x50B2,
0xA3FE,0x5422,
0xA400,0x5492,
0xA402,0x5902,
0xA404,0x49F2,
0xA406,0x4A62,
0xA408,0x4AD2,
0xA40A,0x4B42,
0xA40C,0x4BB2,
0xA40E,0x6145,
0xA410,0x8082,
0xA412,0x67A5,
0xA414,0xD783,
0xA416,0x5887,
0xA418,0xCB81,
0xA41A,0x67A5,
0xA41C,0xC703,
0xA41E,0x2DC7,
0xA420,0x17B7,
0xA422,0x1000,
0xA424,0x81A3,
0xA426,0xB0E7,
0xA428,0x67B1,
0xA42A,0xA783,
0xA42C,0x3287,
0xA42E,0xA303,
0xA430,0x0487,
0xA432,0x8302,
0xA434,0x1141,
0xA436,0xC422,
0xA438,0x6431,
0xA43A,0x0413,
0xA43C,0x0004,
0xA43E,0x541C,
0xA440,0xC606,
0xA442,0xC226,
0xA444,0xC04A,
0xA446,0x9782,
0xA448,0x2783,
0xA44A,0x2344,
0xA44C,0x4501,
0xA44E,0x64BD,
0xA450,0x9782,
0xA452,0x2783,
0xA454,0x2344,
0xA456,0x4505,
0xA458,0x4905,
0xA45A,0x9782,
0xA45C,0x2783,
0xA45E,0x3284,
0xA460,0xA783,
0xA462,0x1147,
0xA464,0x9782,
0xA466,0x47A9,
0xA468,0xD49C,
0xA46A,0x27B7,
0xA46C,0x1002,
0xA46E,0x8793,
0xA470,0x21C7,
0xA472,0xC09C,
0xA474,0xA423,
0xA476,0x0124,
0xA478,0x87BE,
0xA47A,0x5637,
0xA47C,0x1001,
0xA47E,0x4218,
0xA480,0x76E1,
0xA482,0x425C,
0xA484,0x16FD,
0xA486,0x75C1,
0xA488,0x8EF9,
0xA48A,0x15FD,
0xA48C,0xF733,
0xA48E,0x00B6,
0xA490,0x05B7,
0xA492,0xFFE0,
0xA494,0xF693,
0xA496,0xFCF7,
0xA498,0x15FD,
0xA49A,0xF7B3,
0xA49C,0x00B6,
0xA49E,0xC218,
0xA4A0,0xC25C,
0xA4A2,0x46A5,
0xA4A4,0xCC94,
0xA4A6,0x87BE,
0xA4A8,0x66A1,
0xA4AA,0x8ED9,
0xA4AC,0x65C1,
0xA4AE,0xE733,
0xA4B0,0x00B6,
0xA4B2,0xE693,
0xA4B4,0x0307,
0xA4B6,0x05B7,
0xA4B8,0x0020,
0xA4BA,0xC218,
0xA4BC,0xE7B3,
0xA4BE,0x00B6,
0xA4C0,0xC25C,
0xA4C2,0x477D,
0xA4C4,0x2783,
0xA4C6,0x2284,
0xA4C8,0x0023,
0xA4CA,0x28E6,
0xA4CC,0x4709,
0xA4CE,0x0223,
0xA4D0,0x28E6,
0xA4D2,0x9782,
0xA4D4,0x2783,
0xA4D6,0x22C4,
0xA4D8,0x9782,
0xA4DA,0x0793,
0xA4DC,0x03B0,
0xA4DE,0xCC9C,
0xA4E0,0x87BE,
0xA4E2,0x8793,
0xA4E4,0x4004,
0xA4E6,0x88A3,
0xA4E8,0x0727,
0xA4EA,0x4775,
0xA4EC,0xCC98,
0xA4EE,0x87BE,
0xA4F0,0x40B2,
0xA4F2,0x4422,
0xA4F4,0x9723,
0xA4F6,0x0727,
0xA4F8,0x4492,
0xA4FA,0x4902,
0xA4FC,0x0141,
0xA4FE,0x8082,
0xA500,0x1101,
0xA502,0xCC22,
0xA504,0x6431,
0xA506,0x0413,
0xA508,0x0004,
0xA50A,0x543C,
0xA50C,0xCA26,
0xA50E,0xC84A,
0xA510,0xC64E,
0xA512,0xC452,
0xA514,0xCE06,
0xA516,0x8A2E,
0xA518,0x4581,
0xA51A,0x84B2,
0xA51C,0x89BA,
0xA51E,0x8936,
0xA520,0x9782,
0xA522,0x5703,
0xA524,0x3344,
0xA526,0x5783,
0xA528,0x3324,
0xA52A,0x0633,
0xA52C,0x409A,
0xA52E,0x8E19,
0xA530,0xF363,
0xA532,0x00A7,
0xA534,0x87AA,
0xA536,0xF363,
0xA538,0x00C7,
0xA53A,0x863E,
0xA53C,0x4783,
0xA53E,0x33E4,
0xA540,0x0633,
0xA542,0x40CA,
0xA544,0x4701,
0xA546,0xEF81,
0xA548,0x0793,
0xA54A,0x00A9,
0xA54C,0x9693,
0xA54E,0x0037,
0xA550,0x67BD,
0xA552,0x8793,
0xA554,0x6007,
0xA556,0x97B6,
0xA558,0x479C,
0xA55A,0x6263,
0xA55C,0x08F6,
0xA55E,0x944A,
0xA560,0x07B7,
0xA562,0x1002,
0xA564,0x0623,
0xA566,0x32E4,
0xA568,0x8793,
0xA56A,0x3007,
0xA56C,0x43BC,
0xA56E,0x8B85,
0xA570,0x8763,
0xA572,0x04E7,
0xA574,0x673D,
0xA576,0x1593,
0xA578,0x0039,
0xA57A,0x0713,
0xA57C,0x6007,
0xA57E,0x972E,
0xA580,0x5783,
0xA582,0x0447,
0xA584,0x66C1,
0xA586,0x16F9,
0xA588,0x8963,
0xA58A,0x00F6,
0xA58C,0x5683,
0xA58E,0x0447,
0xA590,0x96CE,
0xA592,0x06C2,
0xA594,0x82C1,
0xA596,0x1223,
0xA598,0x04D7,
0xA59A,0x67BD,
0xA59C,0x8793,
0xA59E,0x6007,
0xA5A0,0x97AE,
0xA5A2,0xD683,
0xA5A4,0x0467,
0xA5A6,0x6741,
0xA5A8,0x1779,
0xA5AA,0x0A63,
0xA5AC,0x00D7,
0xA5AE,0xD703,
0xA5B0,0x0467,
0xA5B2,0x99BA,
0xA5B4,0x09C2,
0xA5B6,0xD993,
0xA5B8,0x0109,
0xA5BA,0x9323,
0xA5BC,0x0537,
0xA5BE,0x0693,
0xA5C0,0x0089,
0xA5C2,0x67BD,
0xA5C4,0x40F2,
0xA5C6,0x4462,
0xA5C8,0x068E,
0xA5CA,0x8793,
0xA5CC,0x6007,
0xA5CE,0x96BE,
0xA5D0,0xC290,
0xA5D2,0x44D2,
0xA5D4,0x4942,
0xA5D6,0x49B2,
0xA5D8,0x4A22,
0xA5DA,0x6105,
0xA5DC,0x8082,
0xA5DE,0x07B3,
0xA5E0,0x0124,
0xA5E2,0xC703,
0xA5E4,0x32C7,
0xA5E6,0x3713,
0xA5E8,0x0017,
0xA5EA,0x7713,
0xA5EC,0x0FF7,
0xA5EE,0xBF85,
0xA5F0,0x1141,
0xA5F2,0xC422,
0xA5F4,0x6431,
0xA5F6,0x0413,
0xA5F8,0x0004,
0xA5FA,0x2783,
0xA5FC,0x3284,
0xA5FE,0xC606,
0xA600,0xA783,
0xA602,0x08C7,
0xA604,0x9782,
0xA606,0x67BD,
0xA608,0xA683,
0xA60A,0x2047,
0xA60C,0xA603,
0xA60E,0x2047,
0xA610,0xA703,
0xA612,0x2087,
0xA614,0x6563,
0xA616,0x00C7,
0xA618,0x8793,
0xA61A,0x2047,
0xA61C,0x43D0,
0xA61E,0x67BD,
0xA620,0xA703,
0xA622,0x20C7,
0xA624,0x8793,
0xA626,0x2047,
0xA628,0x7F63,
0xA62A,0x06C7,
0xA62C,0x66BD,
0xA62E,0xC503,
0xA630,0x44D6,
0xA632,0x2583,
0xA634,0x3984,
0xA636,0xA783,
0xA638,0x4206,
0xA63A,0x08B7,
0xA63C,0x1002,
0xA63E,0xD533,
0xA640,0x02A5,
0xA642,0xD303,
0xA644,0x35A8,
0xA646,0xA803,
0xA648,0x4206,
0xA64A,0x17F1,
0xA64C,0x2737,
0xA64E,0x1000,
0xA650,0x87B3,
0xA652,0x4067,
0xA654,0x0842,
0xA656,0x0713,
0xA658,0x7007,
0xA65A,0x5813,
0xA65C,0x0108,
0xA65E,0x05C2,
0xA660,0x1723,
0xA662,0x1107,
0xA664,0x81C1,
0xA666,0x1823,
0xA668,0x10B7,
0xA66A,0x1593,
0xA66C,0x0106,
0xA66E,0x81C1,
0xA670,0x8693,
0xA672,0x4006,
0xA674,0x8F89,
0xA676,0x9513,
0xA678,0x0107,
0xA67A,0x8141,
0xA67C,0x1923,
0xA67E,0x10A7,
0xA680,0x1A23,
0xA682,0x10B7,
0xA684,0xA703,
0xA686,0x5008,
0xA688,0x8325,
0xA68A,0x8B05,
0xA68C,0xCB09,
0xA68E,0xF863,
0xA690,0x00C7,
0xA692,0x5298,
0xA694,0x0709,
0xA696,0x07B3,
0xA698,0x40F7,
0xA69A,0x963E,
0xA69C,0xD290,
0xA69E,0x40B2,
0xA6A0,0x4422,
0xA6A2,0x0141,
0xA6A4,0x8082,
0xA6A6,0x4790,
0xA6A8,0xB751,
0xA6AA,0x1141,
0xA6AC,0xC606,
0xA6AE,0x10EF,
0xA6B0,0x3891,
0xA6B2,0x67B1,
0xA6B4,0xC783,
0xA6B6,0x3857,
0xA6B8,0xCB91,
0xA6BA,0x37B7,
0xA6BC,0x1002,
0xA6BE,0x8793,
0xA6C0,0x6007,
0xA6C2,0x4B9C,
0xA6C4,0x4711,
0xA6C6,0x8B9D,
0xA6C8,0x8563,
0xA6CA,0x00E7,
0xA6CC,0x40B2,
0xA6CE,0x0141,
0xA6D0,0x8082,
0xA6D2,0x3737,
0xA6D4,0x1001,
0xA6D6,0x2683,
0xA6D8,0x7307,
0xA6DA,0x0793,
0xA6DC,0x7007,
0xA6DE,0x40B2,
0xA6E0,0x2023,
0xA6E2,0x70D7,
0xA6E4,0x2703,
0xA6E6,0x7387,
0xA6E8,0xC798,
0xA6EA,0x5398,
0xA6EC,0xCB98,
0xA6EE,0x5798,
0xA6F0,0xCF98,
0xA6F2,0xA703,
0xA6F4,0x0B07,
0xA6F6,0xA023,
0xA6F8,0x08E7,
0xA6FA,0xA703,
0xA6FC,0x0B87,
0xA6FE,0xA423,
0xA700,0x08E7,
0xA702,0xA703,
0xA704,0x0A07,
0xA706,0xA823,
0xA708,0x08E7,
0xA70A,0xA703,
0xA70C,0x0A87,
0xA70E,0xAC23,
0xA710,0x08E7,
0xA712,0x0141,
0xA714,0x8082,
0xA716,0x1141,
0xA718,0xC04A,
0xA71A,0x6929,
0xA71C,0x4783,
0xA71E,0xC849,
0xA720,0xC422,
0xA722,0xC606,
0xA724,0x6431,
0xA726,0xC226,
0xA728,0x0413,
0xA72A,0x0004,
0xA72C,0xEB89,
0xA72E,0x6485,
0xA730,0x94A2,
0xA732,0x2783,
0xA734,0x0C44,
0xA736,0xA503,
0xA738,0xA484,
0xA73A,0x9782,
0xA73C,0xE50D,
0xA73E,0x0223,
0xA740,0xC809,
0xA742,0x2783,
0xA744,0x0D04,
0xA746,0xCB91,
0xA748,0x6785,
0xA74A,0x943E,
0xA74C,0x2783,
0xA74E,0xA4C4,
0xA750,0xC703,
0xA752,0x0097,
0xA754,0x67A9,
0xA756,0x82A3,
0xA758,0xC8E7,
0xA75A,0x40B2,
0xA75C,0x4422,
0xA75E,0x4492,
0xA760,0x4902,
0xA762,0x0141,
0xA764,0x8082,
0xA766,0x07B7,
0xA768,0x1002,
0xA76A,0x8793,
0xA76C,0x3007,
0xA76E,0x47BC,
0xA770,0x83A5,
0xA772,0x8B85,
0xA774,0xF7E9,
0xA776,0xA703,
0xA778,0xA484,
0xA77A,0x4783,
0xA77C,0x0057,
0xA77E,0x8B89,
0xA780,0xFFDD,
0xA782,0x66A9,
0xA784,0xC683,
0xA786,0xC856,
0xA788,0xFADD,
0xA78A,0xA603,
0xA78C,0xA4C4,
0xA78E,0x4685,
0xA790,0x4603,
0xA792,0x0006,
0xA794,0x0563,
0xA796,0x00D6,
0xA798,0x0223,
0xA79A,0xC8F9,
0xA79C,0xB75D,
0xA79E,0x4783,
0xA7A0,0x0007,
0xA7A2,0xB793,
0xA7A4,0x0027,
0xA7A6,0xC793,
0xA7A8,0x0017,
0xA7AA,0xF793,
0xA7AC,0x0FF7,
0xA7AE,0xB7ED,
0xA7B0,0x1141,
0xA7B2,0xC422,
0xA7B4,0x6431,
0xA7B6,0x0413,
0xA7B8,0x0004,
0xA7BA,0x2783,
0xA7BC,0x3284,
0xA7BE,0xC606,
0xA7C0,0xA783,
0xA7C2,0x0D47,
0xA7C4,0x9782,
0xA7C6,0x6785,
0xA7C8,0x943E,
0xA7CA,0x2703,
0xA7CC,0xA4C4,
0xA7CE,0x67B5,
0xA7D0,0xA823,
0xA7D2,0xC4E7,
0xA7D4,0x17B7,
0xA7D6,0x1002,
0xA7D8,0xA783,
0xA7DA,0x0847,
0xA7DC,0x9713,
0xA7DE,0x00F7,
0xA7E0,0x5F63,
0xA7E2,0x0207,
0xA7E4,0x2783,
0xA7E6,0xA484,
0xA7E8,0xC783,
0xA7EA,0x0057,
0xA7EC,0x8B89,
0xA7EE,0xEB85,
0xA7F0,0x2783,
0xA7F2,0xA344,
0xA7F4,0x16B7,
0xA7F6,0x1000,
0xA7F8,0xD703,
0xA7FA,0x0866,
0xA7FC,0x439C,
0xA7FE,0x7713,
0xA800,0xFC17,
0xA802,0xC783,
0xA804,0x0017,
0xA806,0x8BFD,
0xA808,0x0786,
0xA80A,0x8F5D,
0xA80C,0x9323,
0xA80E,0x08E6,
0xA810,0xD703,
0xA812,0x08A6,
0xA814,0x7713,
0xA816,0xFC17,
0xA818,0x8FD9,
0xA81A,0x9523,
0xA81C,0x08F6,
0xA81E,0x4422,
0xA820,0x40B2,
0xA822,0x0141,
0xA824,0xBDCD,
0xA826,0x16B7,
0xA828,0x1002,
0xA82A,0xC703,
0xA82C,0x79B6,
0xA82E,0x27B7,
0xA830,0x1000,
0xA832,0x8793,
0xA834,0x7007,
0xA836,0x7713,
0xA838,0x0FF7,
0xA83A,0x8323,
0xA83C,0x10E7,
0xA83E,0xD703,
0xA840,0x7066,
0xA842,0x0742,
0xA844,0x8341,
0xA846,0x9423,
0xA848,0x10E7,
0xA84A,0x8082,
0xA84C,0x1141,
0xA84E,0xC422,
0xA850,0x6431,
0xA852,0x0413,
0xA854,0x0004,
0xA856,0x6685,
0xA858,0x07B3,
0xA85A,0x00D4,
0xA85C,0xA783,
0xA85E,0xA347,
0xA860,0xC226,
0xA862,0xC606,
0xA864,0x4384,
0xA866,0x07B7,
0xA868,0x1002,
0xA86A,0xA603,
0xA86C,0x2047,
0xA86E,0xD703,
0xA870,0x0024,
0xA872,0xD783,
0xA874,0x00C4,
0xA876,0xD583,
0xA878,0x00E4,
0xA87A,0x0716,
0xA87C,0x0713,
0xA87E,0x2007,
0xA880,0x97AE,
0xA882,0x0742,
0xA884,0x8341,
0xA886,0x8785,
0xA888,0x87B3,
0xA88A,0x02E7,
0xA88C,0x1713,
0xA88E,0x0146,
0xA890,0x87A5,
0xA892,0x07C2,
0xA894,0x83C1,
0xA896,0x5163,
0xA898,0x0207,
0xA89A,0x0713,
0xA89C,0x2000,
0xA89E,0x6963,
0xA8A0,0x0EF7,
0xA8A2,0x37B7,
0xA8A4,0x1002,
0xA8A6,0xD783,
0xA8A8,0x8087,
0xA8AA,0x1737,
0xA8AC,0x1000,
0xA8AE,0x07C2,
0xA8B0,0x83C1,
0xA8B2,0x1323,
0xA8B4,0x70F7,
0xA8B6,0xA01D,
0xA8B8,0x8693,
0xA8BA,0x8006,
0xA8BC,0xF163,
0xA8BE,0x0AF6,
0xA8C0,0x27B7,
0xA8C2,0x1002,
0xA8C4,0x8793,
0xA8C6,0x7007,
0xA8C8,0xC783,
0xA8CA,0x1067,
0xA8CC,0x1737,
0xA8CE,0x1000,
0xA8D0,0xF793,
0xA8D2,0x0FF7,
0xA8D4,0x0DA3,
0xA8D6,0x78F7,
0xA8D8,0x1323,
0xA8DA,0x7007,
0xA8DC,0x47B7,
0xA8DE,0x1002,
0xA8E0,0xA803,
0xA8E2,0x0B07,
0xA8E4,0xA883,
0xA8E6,0x0B47,
0xA8E8,0xA303,
0xA8EA,0x0C87,
0xA8EC,0xA383,
0xA8EE,0x0CC7,
0xA8F0,0xA603,
0xA8F2,0xD847,
0xA8F4,0x07B3,
0xA8F6,0x0068,
0xA8F8,0xB5B3,
0xA8FA,0x0107,
0xA8FC,0x8733,
0xA8FE,0x0078,
0xA900,0x95BA,
0xA902,0x2803,
0xA904,0x3204,
0xA906,0x8389,
0xA908,0x9513,
0xA90A,0x01E5,
0xA90C,0x4729,
0xA90E,0x4691,
0xA910,0x8D5D,
0xA912,0x8189,
0xA914,0x9802,
0xA916,0x07B7,
0xA918,0x1002,
0xA91A,0x8793,
0xA91C,0x3007,
0xA91E,0x47B8,
0xA920,0x8129,
0xA922,0x0542,
0xA924,0x8141,
0xA926,0x1423,
0xA928,0x3AA4,
0xA92A,0x1693,
0xA92C,0x00E7,
0xA92E,0xD463,
0xA930,0x0806,
0xA932,0xD683,
0xA934,0x0024,
0xA936,0x0713,
0xA938,0x0EF0,
0xA93A,0x7063,
0xA93C,0x06D7,
0xA93E,0x4709,
0xA940,0x6D63,
0xA942,0x04A7,
0xA944,0xA783,
0xA946,0x0AC7,
0xA948,0x8B85,
0xA94A,0xCBA1,
0xA94C,0x1737,
0xA94E,0x1000,
0xA950,0x5783,
0xA952,0x2007,
0xA954,0x6691,
0xA956,0x8FD5,
0xA958,0x1023,
0xA95A,0x20F7,
0xA95C,0xA881,
0xA95E,0x0713,
0xA960,0x2000,
0xA962,0x6D63,
0xA964,0x06F7,
0xA966,0x27B7,
0xA968,0x1002,
0xA96A,0x8793,
0xA96C,0x7007,
0xA96E,0xC783,
0xA970,0x1067,
0xA972,0x1737,
0xA974,0x1000,
0xA976,0xF793,
0xA978,0x0FF7,
0xA97A,0x0DA3,
0xA97C,0x78F7,
0xA97E,0x37B7,
0xA980,0x1002,
0xA982,0xD783,
0xA984,0x8087,
0xA986,0x07C2,
0xA988,0x83C1,
0xA98A,0x1323,
0xA98C,0x70F7,
0xA98E,0xB7B9,
0xA990,0x17B7,
0xA992,0x1000,
0xA994,0x9323,
0xA996,0x7007,
0xA998,0xB791,
0xA99A,0x16B7,
0xA99C,0x1000,
0xA99E,0xD783,
0xA9A0,0x2006,
0xA9A2,0x7771,
0xA9A4,0x177D,
0xA9A6,0x8FF9,
0xA9A8,0x9023,
0xA9AA,0x20F6,
0xA9AC,0x40B2,
0xA9AE,0x4422,
0xA9B0,0x4492,
0xA9B2,0x0141,
0xA9B4,0x8082,
0xA9B6,0x47BC,
0xA9B8,0x1637,
0xA9BA,0x1000,
0xA9BC,0x5703,
0xA9BE,0x2006,
0xA9C0,0x83D1,
0xA9C2,0x76F1,
0xA9C4,0x8B85,
0xA9C6,0x16FD,
0xA9C8,0x07BA,
0xA9CA,0x8F75,
0xA9CC,0x8FD9,
0xA9CE,0x1023,
0xA9D0,0x20F6,
0xA9D2,0x40B2,
0xA9D4,0x4422,
0xA9D6,0x4492,
0xA9D8,0x0141,
0xA9DA,0x8082,
0xA9DC,0x27B7,
0xA9DE,0x1002,
0xA9E0,0x8793,
0xA9E2,0x7007,
0xA9E4,0xC783,
0xA9E6,0x1067,
0xA9E8,0x1737,
0xA9EA,0x1000,
0xA9EC,0x0795,
0xA9EE,0xB761,
0xA9F0,0x7179,
0xA9F2,0xD422,
0xA9F4,0x6431,
0xA9F6,0x0413,
0xA9F8,0x0004,
0xA9FA,0x2783,
0xA9FC,0x0B44,
0xA9FE,0xD606,
0xAA00,0xD226,
0xAA02,0xD04A,
0xAA04,0xCE4E,
0xAA06,0xCC52,
0xAA08,0xCA56,
0xAA0A,0xC85A,
0xAA0C,0xC65E,
0xAA0E,0x9782,
0xAA10,0x2783,
0xAA12,0x2344,
0xAA14,0x69A9,
0xAA16,0x1BB7,
0xAA18,0x1002,
0xAA1A,0x9782,
0xAA1C,0x20EF,
0xAA1E,0x5A31,
0xAA20,0x2783,
0xAA22,0x1844,
0xAA24,0x0B37,
0xAA26,0x1002,
0xAA28,0x5937,
0xAA2A,0x1002,
0xAA2C,0x9782,
0xAA2E,0x16B7,
0xAA30,0x1002,
0xAA32,0xC703,
0xAA34,0x79B6,
0xAA36,0x27B7,
0xAA38,0x1000,
0xAA3A,0x8793,
0xAA3C,0x7007,
0xAA3E,0x7713,
0xAA40,0x0FF7,
0xAA42,0x8323,
0xAA44,0x10E7,
0xAA46,0xD703,
0xAA48,0x7066,
0xAA4A,0x2683,
0xAA4C,0x09C4,
0xAA4E,0x5AB7,
0xAA50,0x1000,
0xAA52,0x0742,
0xAA54,0x8341,
0xAA56,0x9423,
0xAA58,0x10E7,
0xAA5A,0x9682,
0xAA5C,0x2783,
0xAA5E,0x2144,
0xAA60,0x64BD,
0xAA62,0x4A05,
0xAA64,0x9782,
0xAA66,0x2783,
0xAA68,0x0A84,
0xAA6A,0x9782,
0xAA6C,0x20EF,
0xAA6E,0x3C11,
0xAA70,0x487C,
0xAA72,0x9782,
0xAA74,0x2783,
0xAA76,0x1F04,
0xAA78,0x9782,
0xAA7A,0x2783,
0xAA7C,0x2004,
0xAA7E,0x9782,
0xAA80,0x2783,
0xAA82,0x09C4,
0xAA84,0x9782,
0xAA86,0x2783,
0xAA88,0x2184,
0xAA8A,0x9782,
0xAA8C,0xD783,
0xAA8E,0xA00B,
0xAA90,0x2703,
0xAA92,0x34CB,
0xAA94,0x07C2,
0xAA96,0x83C1,
0xAA98,0x07C1,
0xAA9A,0x9693,
0xAA9C,0x0107,
0xAA9E,0x5793,
0xAAA0,0x0017,
0xAAA2,0x8B85,
0xAAA4,0x82C1,
0xAAA6,0xC3B5,
0xAAA8,0x4503,
0xAAAA,0x2729,
0xAAAC,0x4703,
0xAAAE,0x34EB,
0xAAB0,0x4803,
0xAAB2,0x2729,
0xAAB4,0x4583,
0xAAB6,0x2739,
0xAAB8,0x4783,
0xAABA,0x34FB,
0xAABC,0x4603,
0xAABE,0x2739,
0xAAC0,0x0713,
0xAAC2,0xFC07,
0xAAC4,0x0733,
0xAAC6,0x4107,
0xAAC8,0x8793,
0xAACA,0xFC07,
0xAACC,0x8F91,
0xAACE,0x0712,
0xAAD0,0x4733,
0xAAD2,0x02D7,
0xAAD4,0x0792,
0xAAD6,0xC7B3,
0xAAD8,0x02D7,
0xAADA,0x972A,
0xAADC,0x7713,
0xAADE,0x0FF7,
0xAAE0,0x1613,
0xAAE2,0x0187,
0xAAE4,0x8661,
0xAAE6,0x97AE,
0xAAE8,0xF793,
0xAAEA,0x0FF7,
0xAAEC,0x9693,
0xAAEE,0x0187,
0xAAF0,0x86E1,
0xAAF2,0x4963,
0xAAF4,0x0C06,
0xAAF6,0xD663,
0xAAF8,0x0006,
0xAAFA,0x8793,
0xAAFC,0x0407,
0xAAFE,0xF793,
0xAB00,0x0FF7,
0xAB02,0x8823,
0xAB04,0x26EA,
0xAB06,0x88A3,
0xAB08,0x26FA,
0xAB0A,0x3389,
0xAB0C,0xC783,
0xAB0E,0xC849,
0xAB10,0xE385,
0xAB12,0x2783,
0xAB14,0x1FC4,
0xAB16,0x9782,
0xAB18,0x2783,
0xAB1A,0x2104,
0xAB1C,0x9782,
0xAB1E,0x2783,
0xAB20,0x1F84,
0xAB22,0x9782,
0xAB24,0x2783,
0xAB26,0x0F44,
0xAB28,0x9782,
0xAB2A,0xC783,
0xAB2C,0xC849,
0xAB2E,0xC39D,
0xAB30,0x2783,
0xAB32,0x1F44,
0xAB34,0x9782,
0xAB36,0x86A3,
0xAB38,0x4344,
0xAB3A,0x8023,
0xAB3C,0x6144,
0xAB3E,0xC703,
0xAB40,0x60E4,
0xAB42,0x6713,
0xAB44,0x0027,
0xAB46,0x8723,
0xAB48,0x60E4,
0xAB4A,0xC703,
0xAB4C,0x60E4,
0xAB4E,0x9B75,
0xAB50,0x8723,
0xAB52,0x60E4,
0xAB54,0x2783,
0xAB56,0x21C4,
0xAB58,0x9782,
0xAB5A,0xD105,
0xAB5C,0x67BD,
0xAB5E,0x8023,
0xAB60,0x6007,
0xAB62,0x4705,
0xAB64,0x87A3,
0xAB66,0x60E7,
0xAB68,0x8023,
0xAB6A,0x2007,
0xAB6C,0x8923,
0xAB6E,0x42E7,
0xAB70,0xC703,
0xAB72,0x44C7,
0xAB74,0x8793,
0xAB76,0x4007,
0xAB78,0xC783,
0xAB7A,0x04D7,
0xAB7C,0x87B3,
0xAB7E,0x02E7,
0xAB80,0xC38D,
0xAB82,0x4681,
0xAB84,0x673D,
0xAB86,0x4505,
0xAB88,0xDF08,
0xAB8A,0x2023,
0xAB8C,0x0207,
0xAB8E,0x87BE,
0xAB90,0x4583,
0xAB92,0x44C7,
0xAB94,0x4783,
0xAB96,0x44D7,
0xAB98,0x0685,
0xAB9A,0x87B3,
0xAB9C,0x02B7,
0xAB9E,0xC5E3,
0xABA0,0xFEF6,
0xABA2,0x67BD,
0xABA4,0x86A3,
0xABA6,0x4207,
0xABA8,0x4705,
0xABAA,0x8723,
0xABAC,0x42E7,
0xABAE,0x50B2,
0xABB0,0x5422,
0xABB2,0x5492,
0xABB4,0x5902,
0xABB6,0x49F2,
0xABB8,0x4A62,
0xABBA,0x4AD2,
0xABBC,0x4B42,
0xABBE,0x4BB2,
0xABC0,0x6145,
0xABC2,0x8082,
0xABC4,0x0713,
0xABC6,0x0407,
0xABC8,0x7713,
0xABCA,0x0FF7,
0xABCC,0xB72D,
0xABD0,0xABDC,
0xABD2,0x0000,
0xABD4,0x1862,
0xABD6,0x196A,
0xABD8,0x03FF,
0xABDA,0x0000,
0xABDC,0x00C4,
0xABDE,0x00C4,
0xABE0,0x0047,
0xABE2,0x0085,
0xABE4,0x0044,
0xABE6,0x0040,
0xABE8,0x0108,
0xABEA,0x0040,
0xABEC,0x4344,
0xABEE,0x00C4,
0xABF0,0x0047,
0xABF2,0x0085,
0xABF4,0x0044,
0xABF6,0x0040,
0xABF8,0x0390,
0xABFA,0x0040,
0xABFC,0xFFFF,
0xABFE,0x0000,
0xAC00,0xAC0C,
0xAC02,0x0000,
0xAC04,0xACE8,
0xAC06,0x0000,
0xAC08,0x0001,
0xAC0A,0x0000,
0xAC0C,0x0002,
0xAC0E,0x0056,
0xAC10,0xAC3C,
0xAC12,0x0000,
0xAC14,0xAC20,
0xAC16,0x0000,
0xAC18,0xADA0,
0xAC1A,0x0000,
0xAC1C,0x0001,
0xAC1E,0x0000,
0xAC20,0x0002,
0xAC22,0x0057,
0xAC24,0xACF0,
0xAC26,0x0000,
0xAC28,0xAC34,
0xAC2A,0x0000,
0xAC2C,0xAE4C,
0xAC2E,0x0000,
0xAC30,0x0001,
0xAC32,0x0000,
0xAC34,0x0002,
0xAC36,0x0051,
0xAC38,0xADA8,
0xAC3A,0x0000,
0xAC3C,0x0005,
0xAC3E,0x0004,
0xAC40,0x205C,
0xAC42,0x03CD,
0xAC44,0x0189,
0xAC46,0x0003,
0xAC48,0x0003,
0xAC4A,0xD1F0,
0xAC4C,0x0C3F,
0xAC4E,0x0172,
0xAC50,0x00C0,
0xAC52,0x0007,
0xAC54,0x5E01,
0xAC56,0x3FA2,
0xAC58,0x7B4C,
0xAC5A,0x20BF,
0xAC5C,0x0A1B,
0xAC5E,0x005C,
0xAC60,0x7007,
0xAC62,0xD170,
0xAC64,0x4C3C,
0xAC66,0x011B,
0xAC68,0x0080,
0xAC6A,0x0722,
0xAC6C,0x0040,
0xAC6E,0x059E,
0xAC70,0x0A6A,
0xAC72,0x00EA,
0xAC74,0x7002,
0xAC76,0x1B29,
0xAC78,0x00EC,
0xAC7A,0x0066,
0xAC7C,0x7000,
0xAC7E,0x1B23,
0xAC80,0x5E61,
0xAC82,0x30A2,
0xAC84,0x83CC,
0xAC86,0x7026,
0xAC88,0x2F7C,
0xAC8A,0x7000,
0xAC8C,0xD1F3,
0xAC8E,0x8C3C,
0xAC90,0x0583,
0xAC92,0x0080,
0xAC94,0xD1B2,
0xAC96,0x8C3C,
0xAC98,0x0193,
0xAC9A,0x0080,
0xAC9C,0x2157,
0xAC9E,0x024A,
0xACA0,0x004B,
0xACA2,0x024C,
0xACA4,0x2153,
0xACA6,0x06C4,
0xACA8,0x014A,
0xACAA,0x2154,
0xACAC,0x0046,
0xACAE,0x0007,
0xACB0,0x0243,
0xACB2,0x0003,
0xACB4,0x7017,
0xACB6,0x0FEA,
0xACB8,0x00EA,
0xACBA,0x7002,
0xACBC,0x1B29,
0xACBE,0x00EC,
0xACC0,0x00EC,
0xACC2,0x0163,
0xACC4,0x5C81,
0xACC6,0x30A2,
0xACC8,0x838C,
0xACCA,0x707C,
0xACCC,0x2F7C,
0xACCE,0xD1A4,
0xACD0,0x8C0F,
0xACD2,0x24E1,
0xACD4,0x0040,
0xACD6,0x002C,
0xACD8,0xC7A0,
0xACDA,0x8C0F,
0xACDC,0x0071,
0xACDE,0x0040,
0xACE0,0x5001,
0xACE2,0x0F8F,
0xACE4,0x700C,
0xACE6,0x004A,
0xACE8,0xC380,
0xACEA,0x0607,
0xACEC,0x0038,
0xACEE,0x0020,
0xACF0,0x0005,
0xACF2,0x0004,
0xACF4,0x205C,
0xACF6,0x03CD,
0xACF8,0x0189,
0xACFA,0x0003,
0xACFC,0x0003,
0xACFE,0xD1F0,
0xAD00,0x0C3F,
0xAD02,0x0172,
0xAD04,0x00C0,
0xAD06,0x0007,
0xAD08,0x5E01,
0xAD0A,0x3FA2,
0xAD0C,0x7B4C,
0xAD0E,0x20BF,
0xAD10,0x0A1B,
0xAD12,0x005C,
0xAD14,0x7007,
0xAD16,0xD170,
0xAD18,0x4C3C,
0xAD1A,0x011B,
0xAD1C,0x0080,
0xAD1E,0x0722,
0xAD20,0x0040,
0xAD22,0x059E,
0xAD24,0x7031,
0xAD26,0x0FEA,
0xAD28,0x00EA,
0xAD2A,0x7002,
0xAD2C,0x1B29,
0xAD2E,0x00EC,
0xAD30,0x0066,
0xAD32,0x7000,
0xAD34,0x1B23,
0xAD36,0x5E61,
0xAD38,0x30A2,
0xAD3A,0x83CC,
0xAD3C,0x7033,
0xAD3E,0x2F7C,
0xAD40,0x7000,
0xAD42,0xD1F3,
0xAD44,0x8C3C,
0xAD46,0x0583,
0xAD48,0x0080,
0xAD4A,0xD1B2,
0xAD4C,0x8C3C,
0xAD4E,0x0193,
0xAD50,0x0080,
0xAD52,0x2157,
0xAD54,0x024A,
0xAD56,0x004B,
0xAD58,0x024C,
0xAD5A,0x2153,
0xAD5C,0x06C4,
0xAD5E,0x014A,
0xAD60,0x0003,
0xAD62,0x5440,
0xAD64,0x3CA3,
0xAD66,0x938C,
0xAD68,0x0046,
0xAD6A,0x0007,
0xAD6C,0x705D,
0xAD6E,0x0FEA,
0xAD70,0x00EA,
0xAD72,0x7002,
0xAD74,0x1B29,
0xAD76,0x00EC,
0xAD78,0x00EC,
0xAD7A,0x0423,
0xAD7C,0x5C81,
0xAD7E,0x30A2,
0xAD80,0x838C,
0xAD82,0x7089,
0xAD84,0x2F7C,
0xAD86,0xD1A4,
0xAD88,0x8C0F,
0xAD8A,0x24E0,
0xAD8C,0x0040,
0xAD8E,0x002C,
0xAD90,0xC7A0,
0xAD92,0x8C0F,
0xAD94,0x0070,
0xAD96,0x0040,
0xAD98,0x7000,
0xAD9A,0x1785,
0xAD9C,0x004A,
0xAD9E,0x0000,
0xADA0,0xC380,
0xADA2,0x0607,
0xADA4,0x0038,
0xADA6,0x0020,
0xADA8,0x0005,
0xADAA,0x0004,
0xADAC,0x205C,
0xADAE,0x03CD,
0xADB0,0x0189,
0xADB2,0x0003,
0xADB4,0x0003,
0xADB6,0xD1F0,
0xADB8,0x0C3F,
0xADBA,0x0172,
0xADBC,0x00C0,
0xADBE,0x0007,
0xADC0,0x5E01,
0xADC2,0x3FA2,
0xADC4,0x7B4C,
0xADC6,0x20BF,
0xADC8,0x0A1B,
0xADCA,0x005C,
0xADCC,0x7007,
0xADCE,0xD170,
0xADD0,0x4C3C,
0xADD2,0x011B,
0xADD4,0x0080,
0xADD6,0x0722,
0xADD8,0x0040,
0xADDA,0x059E,
0xADDC,0x0A6A,
0xADDE,0x00EA,
0xADE0,0x7002,
0xADE2,0x1B29,
0xADE4,0x00EC,
0xADE6,0x0066,
0xADE8,0x7000,
0xADEA,0x1B23,
0xADEC,0x5E61,
0xADEE,0x30A2,
0xADF0,0x83CC,
0xADF2,0x7033,
0xADF4,0x2F7C,
0xADF6,0x7000,
0xADF8,0xD1F3,
0xADFA,0x8C3C,
0xADFC,0x0583,
0xADFE,0x0080,
0xAE00,0xD1B2,
0xAE02,0x8C3C,
0xAE04,0x0193,
0xAE06,0x0080,
0xAE08,0x2157,
0xAE0A,0x0A44,
0xAE0C,0x014A,
0xAE0E,0x004B,
0xAE10,0x0046,
0xAE12,0x0007,
0xAE14,0x0183,
0xAE16,0x0003,
0xAE18,0x7017,
0xAE1A,0x0FEA,
0xAE1C,0x00EA,
0xAE1E,0x7002,
0xAE20,0x1B29,
0xAE22,0x00EC,
0xAE24,0x00EC,
0xAE26,0x0423,
0xAE28,0x5C81,
0xAE2A,0x30A2,
0xAE2C,0x838C,
0xAE2E,0x7089,
0xAE30,0x2F7C,
0xAE32,0xD1A4,
0xAE34,0x8C0F,
0xAE36,0x24E0,
0xAE38,0x0040,
0xAE3A,0x002C,
0xAE3C,0xC7A0,
0xAE3E,0x8C0F,
0xAE40,0x0070,
0xAE42,0x0040,
0xAE44,0x7000,
0xAE46,0x1785,
0xAE48,0x004A,
0xAE4A,0x0000,
0xAE4C,0xC380,
0xAE4E,0x0607,
0xAE50,0x0038,
0xAE52,0x0020,
0x9588,0x0000,
0x9C60,0x7968,
0x9C62,0x0001,
0x9C64,0xDA04,
0x9C66,0x0001,
0x9C68,0xABD0,
0x9C6A,0x0000,
0x9C6C,0xDE6C,
0x9C6E,0x0001,
0x9C70,0xDE58,
0x9C72,0x0001,
0x9C74,0xDE44,
0x9C76,0x0001,
0x9C78,0xAC28,
0x9C7A,0x0000,
0x9C7C,0xAC14,
0x9C7E,0x0000,
0x9C80,0xAC00,
0x9C82,0x0000,

0x0238,0x1B60,
0x0318,0x005D,
0x034E,0xE0E0,
0x037C,0x0200,
0x037E,0x0200,
0x0384,0x00A0,
0x0386,0x0320,
0x0388,0x03FF,
0x038A,0x0200,
0x038C,0x0200,
0x03A6,0x0000,
0x03A8,0xFFFF,
0x0434,0x0C00,
0x0446,0x0C02,
0x046C,0x0001,
0x0504,0x0204,
0x060E,0x0000,
0x0622,0x07FF,
0x0632,0xFFFF,
0x0654,0x4002,
0x0658,0x001B,
0x065A,0x0049,
0x06A6,0x4700,
0x06D0,0x0300,
0x06D2,0x0100,
0x06D4,0x0000,
0x06DA,0x0002,
0x3600,0xFD8D,
0x3602,0x2001,
0x3604,0x0000,
0x3614,0x0000,
0x3616,0x0020,
0x3618,0x0000,
0x361A,0x0030,
0x361C,0x0000,
0x361E,0x0020,
0x3620,0x0000,
0x3622,0x0030,
0x3624,0x0000,
0x3626,0x0020,
0x3628,0x0000,
0x362A,0x0030,
0x362C,0x0000,
0x362E,0x0020,
0x3630,0x0000,
0x3632,0x0030,
0x3634,0x0600,
0x2700,0x06BD,
0x2702,0x0100,
0x2718,0x04B0,
0x271A,0x0578,
0x2800,0xC000,
0x5270,0xE0E0,
0x5272,0x6868,
0x0B2A,0xFFFF,
0x1792,0x0FFF,
0x1794,0x0FFF,
0x179A,0x3400,
0x1502,0x00B4,
0x1504,0x0000,
0x0A02,0x8500,
0x0A04,0xE407,
0x0A06,0xF507,
0x0A18,0x0210,
0x0A1A,0x0634,
0x0A24,0xC4E4,
0x0A28,0x64F5,
0x0726,0x0000,
0x0742,0x0100,
0x07A8,0x0001,
0x1206,0x1450,
0x120C,0x0032,
0x120E,0x145A,
0x122E,0x2828,
0x1230,0x2828,
0x1C06,0x0FFF,
0x1C08,0x0300,
0x1D1E,0x0001,
0x101C,0x4A01,
0x1030,0x1F01,
0x1038,0x0123,
0x1042,0x100C,
0x1048,0x0304,
0x104E,0x0006,
0x107A,0x0080,
0x1084,0x0080,
0x108A,0x1040,
0x108C,0x0006,
0x10F0,0x0100,
0x3A00,0x0022,
0x3A08,0x000C,
0x3A0A,0x0002,
0x027E,0x0100,
0x028C,0x0000,
};

static u16 addr_data_pair_preview[] = {
0x0204,0xC828,
0x0200,0x0300,
0x0202,0x0300,
0x0206,0x0304,
0x0226,0x004F,
0x023A,0x1B7F,
0x024C,0x0090,
0x024E,0x18AF,
0x0280,0x012B,
0x0282,0x0B0B,
0x0348,0x0046,
0x034A,0x8223,
0x034C,0xAABB,
0x0350,0x0001,
0x035A,0x0020,
0x03A0,0x0486,
0x03A4,0x094A,
0x03AC,0x5555,
0x0402,0x70AA,
0x0404,0x1200,
0x0406,0x0505,
0x0408,0x0505,
0x040A,0xB4E1,
0x0414,0x0000,
0x0416,0x000C,
0x0418,0x020E,
0x0430,0x2300,
0x0432,0x0606,
0x043A,0x0176,
0x043C,0x0176,
0x043E,0x00F0,
0x0440,0x00F0,
0x0442,0x02F0,
0x0444,0x02F0,
0x0448,0x08FE,
0x044A,0x1011,
0x0454,0x0400,
0x046A,0x85C4,
0x046E,0x0301,
0x0470,0x1219,
0x0476,0x2017,
0x047A,0x2017,
0x047C,0x0019,
0x047E,0x2018,
0x0480,0x0016,
0x0482,0x2015,
0x0484,0x00A2,
0x0486,0x18A1,
0x048E,0x189D,
0x0494,0x0002,
0x0496,0x0403,
0x0498,0x0002,
0x049A,0x0006,
0x04B0,0x0001,
0x0500,0x9801,
0x050C,0x0DF0,
0x0510,0x0DE5,
0x0524,0x06F2,
0x0538,0x0379,
0x0D00,0x0000,
0x0D2C,0x4004,
0x0600,0x1111,
0x0602,0x3112,
0x0604,0x8C4F,
0x0620,0x20FF,
0x0624,0x7824,
0x06F6,0xFF00,
0x3610,0x2D44,
0x3638,0x00AB,
0x363C,0x8001,
0x363E,0x0003,
0x2804,0x4E6D,
0x527C,0x0180,
0x5298,0x02F6,
0x1410,0x00C1,
0x0F00,0x0000,
0x0F04,0x0008,
0x0F06,0x0008,
0x0F08,0x0011,
0x0F0A,0x2233,
0x0F0C,0x4455,
0x0F0E,0x6677,
0x0B04,0x1F3A,
0x0B06,0x050D,
0x0B1C,0x2020,
0x0B1E,0x1820,
0x0B20,0x1000,
0x0B22,0x0C00,
0x0B30,0x0000,
0x0B34,0x0005,
0x1702,0x6414,
0x1706,0x0000,
0x170A,0x06B8,
0x170C,0x0C00,
0x1784,0x2D23,
0x1786,0x1900,
0x178C,0x030C,
0x178E,0x0A08,
0x179C,0x0401,
0x179E,0x0401,
0x150C,0x4100,
0x1520,0x810C,
0x0A08,0xA88C,
0x0A0A,0xA9AB,
0x0A0C,0xF051,
0x0A10,0x5050,
0x0A12,0x0001,
0x0C00,0x0021,
0x0736,0x00BA,
0x0738,0x0102,
0x073C,0x0501,
0x0746,0x00BB,
0x0748,0x0002,
0x074C,0x0000,
0x074E,0x0303,
0x0766,0x004C,
0x0768,0x0002,
0x076A,0x0700,
0x076C,0x0000,
0x1200,0x8903,
0x1202,0x007F,
0x1204,0x8000,
0x121A,0x4400,
0x12A0,0x0000,
0x12C8,0x0000,
0x1C00,0x0000,
0x1C0A,0x8200,
0x1C0C,0x0200,
0x1C0E,0x0200,
0x1C10,0x0200,
0x1C16,0x9FFF,
0x1C40,0x0000,
0x1D00,0x0409,
0x1D02,0x1D02,
0x1D04,0xE090,
0x1D06,0x18AF,
0x1D08,0x0004,
0x1D0A,0x0010,
0x1D0C,0x0008,
0x1D0E,0x1000,
0x1D10,0x00A0,
0x1D12,0x189F,
0x1600,0x709A,
0x1604,0x0E01,
0x161A,0x0008,
0x161C,0x1000,
0x161E,0x0008,
0x1620,0x0C00,
0x1622,0x0202,
0x1626,0x0800,
0x1630,0x8181,
0x1000,0x03C0,
0x1002,0xC311,
0x1004,0x2BAB,
0x1020,0xC106,
0x1022,0x071D,
0x1024,0x0507,
0x1026,0x090C,
0x1028,0x0F09,
0x102A,0x0B04,
0x102C,0x0010,
0x102E,0x0808,
0x104A,0x8020,
0x105A,0x0108,
0x105E,0x0400,
0x1060,0x0004,
0x1062,0x0008,
0x1082,0x0124,
0x1086,0x0041,
0x1088,0x1082,
0x10B4,0xC400,
0x10B8,0x0000,
0x10C8,0x0001,
0x10CA,0x0042,
0x10CE,0x0C00,
0x10EA,0x0015,
0x1E00,0x0000,
0x1E0A,0x1002,
0x1E10,0x0000,
0x1E2E,0x0202,
0x038C,0x01FF,
0x9A90,0x0186,
0x9A92,0x019B,
0x9A94,0x01B1,
0x9A96,0x01C8,
0x9A98,0x01E1,
0x9A9A,0x01FC,
0x9A9C,0x0308,
0x9A9E,0x0328,
0x9AA0,0x0358,
0x9AA2,0x0350,
0x9AA4,0x00CD,
0x9AA6,0x0780,
0x9AA8,0x036C,
0x9AAA,0x00D9,
0x9AAC,0xFFC0,
0x9AAE,0xFF7A,
0x9AB0,0x0101,
0x9AB2,0xFAF8,
0x9AB4,0x0004,
0x9AB6,0x12D2,
0x9AB8,0x2BEA,
0x9ABA,0x4E6B,
0x9ABC,0x5E1A,
0x9ABE,0x7D78,
0x9AC0,0x0B87,
0x9AC2,0x0756,
0x9AC4,0x0716,
0x9AC6,0x06E4,
0x9AC8,0x06DB,
0x9ACA,0x06CD,
0x9ACC,0x0000,
0x9ACE,0x013A,
0x9AD0,0x0144,
0x9AD2,0x013F,
0x9AD4,0x012C,
0x9AD6,0x012E,
0x9AD8,0x0000,
0x9ADA,0x0070,
0x9ADC,0x00F0,
0x9ADE,0x01F0,
0x9AE0,0x02F0,
0x9AE2,0x03F0,
0x9AE4,0x0800,
0x9AE6,0x0959,
0x9AE8,0x09A7,
0x9AEA,0x09BC,
0x9AEC,0x09C4,
0x9AEE,0x09BD,
0x9AF0,0x044E,
0x9AF2,0x03E9,
0x9AF4,0x03C1,
0x9AF6,0x03D7,
0x9AF8,0x03B8,
0x9AFA,0x0394,
0x9AFC,0x0186,
0x9AFE,0x019B,
0x9B00,0x01B1,
0x9B02,0x01C8,
0x9B04,0x01E1,
0x9B06,0x01FC,
0x9B08,0x0318,
0x9B0A,0x0338,
0x9B0C,0x0368,
0x9B0E,0x0364,
0x9B10,0x00CD,
0x9B12,0x0700,
0x9B14,0x01B9,
0x9B16,0x00F6,
0x9B18,0xFFE4,
0x9B1A,0xFFB2,
0x9B1C,0x0167,
0x9B1E,0xFBA7,
0x9B20,0x0004,
0x9B22,0x12D2,
0x9B24,0x2BEA,
0x9B26,0x4E6B,
0x9B28,0x5E1A,
0x9B2A,0x7D78,
0x9B2C,0x0B87,
0x9B2E,0x0756,
0x9B30,0x0716,
0x9B32,0x06E4,
0x9B34,0x06DB,
0x9B36,0x06CD,
0x9B38,0x0000,
0x9B3A,0x013A,
0x9B3C,0x0144,
0x9B3E,0x013F,
0x9B40,0x012C,
0x9B42,0x012E,
0x9B44,0x0000,
0x9B46,0x0070,
0x9B48,0x00F0,
0x9B4A,0x01F0,
0x9B4C,0x02F0,
0x9B4E,0x03F0,
0x9B50,0x0800,
0x9B52,0x0959,
0x9B54,0x09A7,
0x9B56,0x09BC,
0x9B58,0x09C4,
0x9B5A,0x09BD,
0x9B5C,0x043A,
0x9B5E,0x03AC,
0x9B60,0x0371,
0x9B62,0x036B,
0x9B64,0x034A,
0x9B66,0x02F7,
0x9B68,0x0186,
0x9B6A,0x019B,
0x9B6C,0x01B1,
0x9B6E,0x01C8,
0x9B70,0x01E1,
0x9B72,0x01FC,
0x9B74,0x0310,
0x9B76,0x0330,
0x9B78,0x0352,
0x9B7A,0x0328,
0x9B7C,0x00CD,
0x9B7E,0x0800,
0x9B80,0x0233,
0x9B82,0x00D3,
0x9B84,0x001D,
0x9B86,0x0005,
0x9B88,0x0118,
0x9B8A,0xFAC5,
0x9B8C,0x0004,
0x9B8E,0x12D2,
0x9B90,0x2BEA,
0x9B92,0x4E6B,
0x9B94,0x5E1A,
0x9B96,0x7D78,
0x9B98,0x0B87,
0x9B9A,0x0756,
0x9B9C,0x0716,
0x9B9E,0x06E4,
0x9BA0,0x06DB,
0x9BA2,0x06CD,
0x9BA4,0x0000,
0x9BA6,0x013A,
0x9BA8,0x0144,
0x9BAA,0x013F,
0x9BAC,0x012C,
0x9BAE,0x012E,
0x9BB0,0x0000,
0x9BB2,0x0070,
0x9BB4,0x00F0,
0x9BB6,0x01F0,
0x9BB8,0x02F0,
0x9BBA,0x03F0,
0x9BBC,0x0800,
0x9BBE,0x0959,
0x9BC0,0x09A7,
0x9BC2,0x09BC,
0x9BC4,0x09C4,
0x9BC6,0x09BD,
0x9BC8,0x041C,
0x9BCA,0x0387,
0x9BCC,0x0381,
0x9BCE,0x038C,
0x9BD0,0x03AA,
0x9BD2,0x039F,
0x9BD4,0x0186,
0x9BD6,0x019B,
0x9BD8,0x01B1,
0x9BDA,0x01C8,
0x9BDC,0x01E1,
0x9BDE,0x01FC,
0x9BE0,0x0314,
0x9BE2,0x0334,
0x9BE4,0x0360,
0x9BE6,0x034C,
0x9BE8,0x00CD,
0x9BEA,0x0800,
0x9BEC,0x0268,
0x9BEE,0x0153,
0x9BF0,0xFFF9,
0x9BF2,0xFFB7,
0x9BF4,0x011C,
0x9BF6,0xFAB6,
0x9BF8,0x0004,
0x9BFA,0x12D2,
0x9BFC,0x2BEA,
0x9BFE,0x4E6B,
0x9C00,0x5E1A,
0x9C02,0x7D78,
0x9C04,0x0B87,
0x9C06,0x0756,
0x9C08,0x0716,
0x9C0A,0x06E4,
0x9C0C,0x06DB,
0x9C0E,0x06CD,
0x9C10,0x0000,
0x9C12,0x013A,
0x9C14,0x0144,
0x9C16,0x013F,
0x9C18,0x012C,
0x9C1A,0x012E,
0x9C1C,0x0000,
0x9C1E,0x0070,
0x9C20,0x00F0,
0x9C22,0x01F0,
0x9C24,0x02F0,
0x9C26,0x03F0,
0x9C28,0x0800,
0x9C2A,0x0959,
0x9C2C,0x09A7,
0x9C2E,0x09BC,
0x9C30,0x09C4,
0x9C32,0x09BD,
0x9C34,0x0423,
0x9C36,0x039F,
0x9C38,0x039B,
0x9C3A,0x03C8,
0x9C3C,0x03F3,
0x9C3E,0x03E2,
0x9C40,0x0800,
0x9C42,0x0000,
0x9C44,0x0800,
0x9C46,0x0000,
0x9C48,0x0800,
0x9C4A,0x0000,
0x9C4C,0x0800,
0x9C4E,0x0000,
0x9C50,0x0000,
0x9C52,0x0000,
0x9C54,0x0000,
0x9C56,0x0000,
0x9C58,0x0000,
0x9C5A,0x0000,
0x9C5C,0x0000,
0x9C5E,0x0000,
0x2B00,0x0045,
0x2B02,0x0049,
0x2B04,0x005B,
0x2B06,0x0087,
0x2B08,0x00C7,
0x2B0A,0x00E9,
0x2B0C,0x0123,
0x2B0E,0x07FF,
0x2B10,0x0045,
0x2B12,0x0049,
0x2B14,0x005B,
0x2B16,0x0087,
0x2B18,0x00C7,
0x2B1A,0x00E9,
0x2B1C,0x0123,
0x2B1E,0x07FF,
0x2B20,0x0043,
0x2B22,0x0046,
0x2B24,0x006A,
0x2B26,0x0098,
0x2B28,0x00A5,
0x2B2A,0x00B4,
0x2B2C,0x00B6,
0x2B2E,0x07FF,
0x2B30,0x0043,
0x2B32,0x0046,
0x2B34,0x0051,
0x2B36,0x005F,
0x2B38,0x0074,
0x2B3A,0x007C,
0x2B3C,0x00A1,
0x2B3E,0x07FF,
0x1900,0x0068,
0x1902,0x0000,
0x1904,0x0044,
0x1906,0x0000,
0x1908,0x001B,
0x190A,0x0000,
0x190C,0x2007,
0x190E,0x0000,
0x1910,0x2034,
0x1912,0x0000,
0x1914,0x2008,
0x1916,0x0000,
0x1918,0x2034,
0x191A,0x0000,
0x1A00,0x0068,
0x1A02,0x0000,
0x1A04,0x0044,
0x1A06,0x0000,
0x1A08,0x001B,
0x1A0A,0x0000,
0x1A0C,0x2007,
0x1A0E,0x0000,
0x1A10,0x2034,
0x1A12,0x0000,
0x1A14,0x2008,
0x1A16,0x0000,
0x1A18,0x2034,
0x1A1A,0x0000,
0x2900,0x0079,
0x2902,0x0000,
0x2904,0x0006,
0x2906,0x0000,
0x2908,0x0015,
0x290A,0x0000,
0x290C,0x203E,
0x290E,0x0000,
0x2910,0x005E,
0x2912,0x0000,
0x2914,0x21CF,
0x2916,0x0000,
0x2918,0x2016,
0x291A,0x0000,
0x2A00,0x0053,
0x2A02,0x0000,
0x2A04,0x2036,
0x2A06,0x0000,
0x2A08,0x2014,
0x2A0A,0x0000,
0x2A0C,0x0006,
0x2A0E,0x0000,
0x2A10,0x0058,
0x2A12,0x0000,
0x2A14,0x2025,
0x2A16,0x0000,
0x2A18,0x203C,
0x2A1A,0x0000,
0x191C,0x00E8,
0x191E,0x0002,
0x1920,0x0055,
0x1922,0x0000,
0x1924,0x049E,
0x1926,0x0000,
0x1928,0x0E2B,
0x192A,0x0000,
0x192C,0x25DE,
0x192E,0x0000,
0x1930,0x0947,
0x1932,0x0000,
0x1934,0x3026,
0x1936,0x0000,
0x1A1C,0x00E8,
0x1A1E,0x0002,
0x1A20,0x0055,
0x1A22,0x0000,
0x1A24,0x049E,
0x1A26,0x0000,
0x1A28,0x0E2B,
0x1A2A,0x0000,
0x1A2C,0x25DE,
0x1A2E,0x0000,
0x1A30,0x0947,
0x1A32,0x0000,
0x1A34,0x3026,
0x1A36,0x0000,
0x291C,0x0072,
0x291E,0x0002,
0x2920,0x0268,
0x2922,0x0000,
0x2924,0x0016,
0x2926,0x0000,
0x2928,0x1C8A,
0x292A,0x0000,
0x292C,0x2117,
0x292E,0x0002,
0x2930,0xDA5D,
0x2932,0x0000,
0x2934,0x1063,
0x2936,0x0000,
0x2A1C,0x026E,
0x2A1E,0x0000,
0x2A20,0x05A5,
0x2A22,0x0000,
0x2A24,0x0364,
0x2A26,0x0000,
0x2A28,0x001B,
0x2A2A,0x0000,
0x2A2C,0x107A,
0x2A2E,0x0002,
0x2A30,0x0CCD,
0x2A32,0x0000,
0x2A34,0x158A,
0x2A36,0x0000,
0x8CDC,0x0200,
0x8CDE,0x0200,
0x8CE0,0x01FF,
0x8CE2,0x01FB,
0x8CE4,0x01FC,
0x8CE6,0x01FC,
0x8CE8,0x01FB,
0x8CEA,0x01FA,
0x8CEC,0x01FA,
0x8CEE,0x01FA,
0x8CF0,0x01FA,
0x8CF2,0x01FA,
0x8CF4,0x01FA,
0x8CF6,0x01FA,
0x8CF8,0x01FA,
0x8CFA,0x01FA,
0x8CFC,0x01FA,
0x8CFE,0x01FA,
0x8D00,0x01FA,
0x8D02,0x01FB,
0x8D04,0x01FB,
0x8D06,0x01FB,
0x8D08,0x01FB,
0x8D0A,0x01FB,
0x8D0C,0x01FB,
0x8D0E,0x01FB,
0x8D10,0x01FC,
0x8D12,0x01FC,
0x8D14,0x01FC,
0x8D16,0x01FC,
0x8D18,0x01FC,
0x8D1A,0x01FC,
0x8D1C,0x0200,
0x8D1E,0x0200,
0x8D20,0x01FF,
0x8D22,0x01FB,
0x8D24,0x01FC,
0x8D26,0x01FC,
0x8D28,0x01FB,
0x8D2A,0x01FA,
0x8D2C,0x01FA,
0x8D2E,0x01FA,
0x8D30,0x01FA,
0x8D32,0x01FA,
0x8D34,0x01FA,
0x8D36,0x01FA,
0x8D38,0x01FA,
0x8D3A,0x01FA,
0x8D3C,0x01FA,
0x8D3E,0x01FA,
0x8D40,0x01FA,
0x8D42,0x01FB,
0x8D44,0x01FB,
0x8D46,0x01FB,
0x8D48,0x01FB,
0x8D4A,0x01FB,
0x8D4C,0x01FB,
0x8D4E,0x01FB,
0x8D50,0x01FC,
0x8D52,0x01FC,
0x8D54,0x01FC,
0x8D56,0x01FC,
0x8D58,0x01FC,
0x8D5A,0x01FC,
0x8D5C,0x0200,
0x8D5E,0x01FF,
0x8D60,0x01FF,
0x8D62,0x01FE,
0x8D64,0x0200,
0x8D66,0x01FF,
0x8D68,0x01FE,
0x8D6A,0x01FE,
0x8D6C,0x01FD,
0x8D6E,0x01FE,
0x8D70,0x01FE,
0x8D72,0x01FD,
0x8D74,0x01FE,
0x8D76,0x01FD,
0x8D78,0x01FE,
0x8D7A,0x01FD,
0x8D7C,0x01FD,
0x8D7E,0x01FD,
0x8D80,0x01FD,
0x8D82,0x01FD,
0x8D84,0x01FE,
0x8D86,0x01FE,
0x8D88,0x01FE,
0x8D8A,0x01FE,
0x8D8C,0x01FE,
0x8D8E,0x01FE,
0x8D90,0x01FE,
0x8D92,0x01FE,
0x8D94,0x01FE,
0x8D96,0x01FE,
0x8D98,0x01FE,
0x8D9A,0x01FE,
0x8D9C,0x0200,
0x8D9E,0x0202,
0x8DA0,0x0202,
0x8DA2,0x01FD,
0x8DA4,0x01FE,
0x8DA6,0x01FE,
0x8DA8,0x01FD,
0x8DAA,0x01FC,
0x8DAC,0x01FC,
0x8DAE,0x01FC,
0x8DB0,0x01FC,
0x8DB2,0x01FD,
0x8DB4,0x01FD,
0x8DB6,0x01FD,
0x8DB8,0x01FD,
0x8DBA,0x01FE,
0x8DBC,0x01FE,
0x8DBE,0x01FE,
0x8DC0,0x01FE,
0x8DC2,0x01FD,
0x8DC4,0x01FD,
0x8DC6,0x01FE,
0x8DC8,0x01FE,
0x8DCA,0x01FE,
0x8DCC,0x01FE,
0x8DCE,0x01FE,
0x8DD0,0x01FE,
0x8DD2,0x01FE,
0x8DD4,0x01FF,
0x8DD6,0x01FF,
0x8DD8,0x01FF,
0x8DDA,0x01FE,
0x0A08,0xA88F,
0x0A0A,0xA487,
0x034E,0xD0D0,
0x5272,0x6060,
0x0384,0x00A0,
0x0386,0x0320,
0x1006,0x14A0,
0x03AA,0xAAAA,
0x03A8,0xFFFF,
};

static u16 addr_data_pair_capture[] = {
0x0204,0xC828,
0x0200,0x0300,
0x0202,0x0300,
0x0206,0x0304,
0x0226,0x004F,
0x023A,0x1B7F,
0x024C,0x0090,
0x024E,0x18AF,
0x0280,0x012B,
0x0282,0x0B0B,
0x0348,0x0046,
0x034A,0x8223,
0x034C,0xAABB,
0x0350,0x0001,
0x035A,0x0020,
0x03A0,0x0486,
0x03A4,0x094A,
0x03AC,0x5555,
0x0402,0x70AA,
0x0404,0x1200,
0x0406,0x0505,
0x0408,0x0505,
0x040A,0xB4E1,
0x0414,0x0000,
0x0416,0x000C,
0x0418,0x020E,
0x0430,0x2300,
0x0432,0x0606,
0x043A,0x0176,
0x043C,0x0176,
0x043E,0x00F0,
0x0440,0x00F0,
0x0442,0x02F0,
0x0444,0x02F0,
0x0448,0x08FE,
0x044A,0x1011,
0x0454,0x0400,
0x046A,0x85C4,
0x046E,0x0301,
0x0470,0x1219,
0x0476,0x2017,
0x047A,0x2017,
0x047C,0x0019,
0x047E,0x2018,
0x0480,0x0016,
0x0482,0x2015,
0x0484,0x00A2,
0x0486,0x18A1,
0x048E,0x189D,
0x0494,0x0002,
0x0496,0x0403,
0x0498,0x0002,
0x049A,0x0006,
0x04B0,0x0001,
0x0500,0x9801,
0x050C,0x0DF0,
0x0510,0x0DE5,
0x0524,0x06F2,
0x0538,0x0379,
0x0D00,0x0000,
0x0D2C,0x4004,
0x0600,0x1111,
0x0602,0x3112,
0x0604,0x8C4F,
0x0620,0x20FF,
0x0624,0x7824,
0x06F6,0xFF00,
0x3610,0x2D44,
0x3638,0x00AB,
0x363C,0x8001,
0x363E,0x0003,
0x2804,0x4E6D,
0x527C,0x0180,
0x5298,0x02F6,
0x1410,0x00C1,
0x0F00,0x0000,
0x0F04,0x0008,
0x0F06,0x0008,
0x0F08,0x0011,
0x0F0A,0x2233,
0x0F0C,0x4455,
0x0F0E,0x6677,
0x0B04,0x1F3A,
0x0B06,0x050D,
0x0B1C,0x2020,
0x0B1E,0x1820,
0x0B20,0x1000,
0x0B22,0x0C00,
0x0B30,0x0000,
0x0B34,0x0005,
0x1702,0x6414,
0x1706,0x0000,
0x170A,0x06B8,
0x170C,0x0C00,
0x1784,0x2D23,
0x1786,0x1900,
0x178C,0x030C,
0x178E,0x0A08,
0x179C,0x0401,
0x179E,0x0401,
0x150C,0x4100,
0x1520,0x810C,
0x0A08,0xA88C,
0x0A0A,0xA9AB,
0x0A0C,0xF051,
0x0A10,0x5050,
0x0A12,0x0001,
0x0C00,0x0021,
0x0736,0x00BA,
0x0738,0x0102,
0x073C,0x0501,
0x0746,0x00BB,
0x0748,0x0002,
0x074C,0x0000,
0x074E,0x0303,
0x0766,0x004C,
0x0768,0x0002,
0x076A,0x0700,
0x076C,0x0000,
0x1200,0x8903,
0x1202,0x007F,
0x1204,0x8000,
0x121A,0x4400,
0x12A0,0x0000,
0x12C8,0x0000,
0x1C00,0x0000,
0x1C0A,0x8200,
0x1C0C,0x0200,
0x1C0E,0x0200,
0x1C10,0x0200,
0x1C16,0x9FFF,
0x1C40,0x0000,
0x1D00,0x0409,
0x1D02,0x1D02,
0x1D04,0xE090,
0x1D06,0x18AF,
0x1D08,0x0004,
0x1D0A,0x0010,
0x1D0C,0x0008,
0x1D0E,0x1000,
0x1D10,0x00A0,
0x1D12,0x189F,
0x1600,0x709A,
0x1604,0x0E01,
0x161A,0x0008,
0x161C,0x1000,
0x161E,0x0008,
0x1620,0x0C00,
0x1622,0x0202,
0x1626,0x0800,
0x1630,0x8181,
0x1000,0x03C0,
0x1002,0xC311,
0x1004,0x2BAB,
0x1020,0xC106,
0x1022,0x071D,
0x1024,0x0507,
0x1026,0x090C,
0x1028,0x0F09,
0x102A,0x0B04,
0x102C,0x0010,
0x102E,0x0808,
0x104A,0x8020,
0x105A,0x0108,
0x105E,0x0400,
0x1060,0x0004,
0x1062,0x0008,
0x1082,0x0124,
0x1086,0x0041,
0x1088,0x1082,
0x10B4,0xC400,
0x10B8,0x0000,
0x10C8,0x0001,
0x10CA,0x0042,
0x10CE,0x0C00,
0x10EA,0x0015,
0x1E00,0x0000,
0x1E0A,0x1002,
0x1E10,0x0000,
0x1E2E,0x0202,
0x038C,0x01FF,
0x9A90,0x0186,
0x9A92,0x019B,
0x9A94,0x01B1,
0x9A96,0x01C8,
0x9A98,0x01E1,
0x9A9A,0x01FC,
0x9A9C,0x0308,
0x9A9E,0x0328,
0x9AA0,0x0358,
0x9AA2,0x0350,
0x9AA4,0x00CD,
0x9AA6,0x0780,
0x9AA8,0x036C,
0x9AAA,0x00D9,
0x9AAC,0xFFC0,
0x9AAE,0xFF7A,
0x9AB0,0x0101,
0x9AB2,0xFAF8,
0x9AB4,0x0004,
0x9AB6,0x12D2,
0x9AB8,0x2BEA,
0x9ABA,0x4E6B,
0x9ABC,0x5E1A,
0x9ABE,0x7D78,
0x9AC0,0x0B87,
0x9AC2,0x0756,
0x9AC4,0x0716,
0x9AC6,0x06E4,
0x9AC8,0x06DB,
0x9ACA,0x06CD,
0x9ACC,0x0000,
0x9ACE,0x013A,
0x9AD0,0x0144,
0x9AD2,0x013F,
0x9AD4,0x012C,
0x9AD6,0x012E,
0x9AD8,0x0000,
0x9ADA,0x0070,
0x9ADC,0x00F0,
0x9ADE,0x01F0,
0x9AE0,0x02F0,
0x9AE2,0x03F0,
0x9AE4,0x0800,
0x9AE6,0x0959,
0x9AE8,0x09A7,
0x9AEA,0x09BC,
0x9AEC,0x09C4,
0x9AEE,0x09BD,
0x9AF0,0x044E,
0x9AF2,0x03E9,
0x9AF4,0x03C1,
0x9AF6,0x03D7,
0x9AF8,0x03B8,
0x9AFA,0x0394,
0x9AFC,0x0186,
0x9AFE,0x019B,
0x9B00,0x01B1,
0x9B02,0x01C8,
0x9B04,0x01E1,
0x9B06,0x01FC,
0x9B08,0x0318,
0x9B0A,0x0338,
0x9B0C,0x0368,
0x9B0E,0x0364,
0x9B10,0x00CD,
0x9B12,0x0700,
0x9B14,0x01B9,
0x9B16,0x00F6,
0x9B18,0xFFE4,
0x9B1A,0xFFB2,
0x9B1C,0x0167,
0x9B1E,0xFBA7,
0x9B20,0x0004,
0x9B22,0x12D2,
0x9B24,0x2BEA,
0x9B26,0x4E6B,
0x9B28,0x5E1A,
0x9B2A,0x7D78,
0x9B2C,0x0B87,
0x9B2E,0x0756,
0x9B30,0x0716,
0x9B32,0x06E4,
0x9B34,0x06DB,
0x9B36,0x06CD,
0x9B38,0x0000,
0x9B3A,0x013A,
0x9B3C,0x0144,
0x9B3E,0x013F,
0x9B40,0x012C,
0x9B42,0x012E,
0x9B44,0x0000,
0x9B46,0x0070,
0x9B48,0x00F0,
0x9B4A,0x01F0,
0x9B4C,0x02F0,
0x9B4E,0x03F0,
0x9B50,0x0800,
0x9B52,0x0959,
0x9B54,0x09A7,
0x9B56,0x09BC,
0x9B58,0x09C4,
0x9B5A,0x09BD,
0x9B5C,0x043A,
0x9B5E,0x03AC,
0x9B60,0x0371,
0x9B62,0x036B,
0x9B64,0x034A,
0x9B66,0x02F7,
0x9B68,0x0186,
0x9B6A,0x019B,
0x9B6C,0x01B1,
0x9B6E,0x01C8,
0x9B70,0x01E1,
0x9B72,0x01FC,
0x9B74,0x0310,
0x9B76,0x0330,
0x9B78,0x0352,
0x9B7A,0x0328,
0x9B7C,0x00CD,
0x9B7E,0x0800,
0x9B80,0x0233,
0x9B82,0x00D3,
0x9B84,0x001D,
0x9B86,0x0005,
0x9B88,0x0118,
0x9B8A,0xFAC5,
0x9B8C,0x0004,
0x9B8E,0x12D2,
0x9B90,0x2BEA,
0x9B92,0x4E6B,
0x9B94,0x5E1A,
0x9B96,0x7D78,
0x9B98,0x0B87,
0x9B9A,0x0756,
0x9B9C,0x0716,
0x9B9E,0x06E4,
0x9BA0,0x06DB,
0x9BA2,0x06CD,
0x9BA4,0x0000,
0x9BA6,0x013A,
0x9BA8,0x0144,
0x9BAA,0x013F,
0x9BAC,0x012C,
0x9BAE,0x012E,
0x9BB0,0x0000,
0x9BB2,0x0070,
0x9BB4,0x00F0,
0x9BB6,0x01F0,
0x9BB8,0x02F0,
0x9BBA,0x03F0,
0x9BBC,0x0800,
0x9BBE,0x0959,
0x9BC0,0x09A7,
0x9BC2,0x09BC,
0x9BC4,0x09C4,
0x9BC6,0x09BD,
0x9BC8,0x041C,
0x9BCA,0x0387,
0x9BCC,0x0381,
0x9BCE,0x038C,
0x9BD0,0x03AA,
0x9BD2,0x039F,
0x9BD4,0x0186,
0x9BD6,0x019B,
0x9BD8,0x01B1,
0x9BDA,0x01C8,
0x9BDC,0x01E1,
0x9BDE,0x01FC,
0x9BE0,0x0314,
0x9BE2,0x0334,
0x9BE4,0x0360,
0x9BE6,0x034C,
0x9BE8,0x00CD,
0x9BEA,0x0800,
0x9BEC,0x0268,
0x9BEE,0x0153,
0x9BF0,0xFFF9,
0x9BF2,0xFFB7,
0x9BF4,0x011C,
0x9BF6,0xFAB6,
0x9BF8,0x0004,
0x9BFA,0x12D2,
0x9BFC,0x2BEA,
0x9BFE,0x4E6B,
0x9C00,0x5E1A,
0x9C02,0x7D78,
0x9C04,0x0B87,
0x9C06,0x0756,
0x9C08,0x0716,
0x9C0A,0x06E4,
0x9C0C,0x06DB,
0x9C0E,0x06CD,
0x9C10,0x0000,
0x9C12,0x013A,
0x9C14,0x0144,
0x9C16,0x013F,
0x9C18,0x012C,
0x9C1A,0x012E,
0x9C1C,0x0000,
0x9C1E,0x0070,
0x9C20,0x00F0,
0x9C22,0x01F0,
0x9C24,0x02F0,
0x9C26,0x03F0,
0x9C28,0x0800,
0x9C2A,0x0959,
0x9C2C,0x09A7,
0x9C2E,0x09BC,
0x9C30,0x09C4,
0x9C32,0x09BD,
0x9C34,0x0423,
0x9C36,0x039F,
0x9C38,0x039B,
0x9C3A,0x03C8,
0x9C3C,0x03F3,
0x9C3E,0x03E2,
0x9C40,0x0800,
0x9C42,0x0000,
0x9C44,0x0800,
0x9C46,0x0000,
0x9C48,0x0800,
0x9C4A,0x0000,
0x9C4C,0x0800,
0x9C4E,0x0000,
0x9C50,0x0000,
0x9C52,0x0000,
0x9C54,0x0000,
0x9C56,0x0000,
0x9C58,0x0000,
0x9C5A,0x0000,
0x9C5C,0x0000,
0x9C5E,0x0000,
0x2B00,0x0045,
0x2B02,0x0049,
0x2B04,0x005B,
0x2B06,0x0087,
0x2B08,0x00C7,
0x2B0A,0x00E9,
0x2B0C,0x0123,
0x2B0E,0x07FF,
0x2B10,0x0045,
0x2B12,0x0049,
0x2B14,0x005B,
0x2B16,0x0087,
0x2B18,0x00C7,
0x2B1A,0x00E9,
0x2B1C,0x0123,
0x2B1E,0x07FF,
0x2B20,0x0043,
0x2B22,0x0046,
0x2B24,0x006A,
0x2B26,0x0098,
0x2B28,0x00A5,
0x2B2A,0x00B4,
0x2B2C,0x00B6,
0x2B2E,0x07FF,
0x2B30,0x0043,
0x2B32,0x0046,
0x2B34,0x0051,
0x2B36,0x005F,
0x2B38,0x0074,
0x2B3A,0x007C,
0x2B3C,0x00A1,
0x2B3E,0x07FF,
0x1900,0x0068,
0x1902,0x0000,
0x1904,0x0044,
0x1906,0x0000,
0x1908,0x001B,
0x190A,0x0000,
0x190C,0x2007,
0x190E,0x0000,
0x1910,0x2034,
0x1912,0x0000,
0x1914,0x2008,
0x1916,0x0000,
0x1918,0x2034,
0x191A,0x0000,
0x1A00,0x0068,
0x1A02,0x0000,
0x1A04,0x0044,
0x1A06,0x0000,
0x1A08,0x001B,
0x1A0A,0x0000,
0x1A0C,0x2007,
0x1A0E,0x0000,
0x1A10,0x2034,
0x1A12,0x0000,
0x1A14,0x2008,
0x1A16,0x0000,
0x1A18,0x2034,
0x1A1A,0x0000,
0x2900,0x0079,
0x2902,0x0000,
0x2904,0x0006,
0x2906,0x0000,
0x2908,0x0015,
0x290A,0x0000,
0x290C,0x203E,
0x290E,0x0000,
0x2910,0x005E,
0x2912,0x0000,
0x2914,0x21CF,
0x2916,0x0000,
0x2918,0x2016,
0x291A,0x0000,
0x2A00,0x0053,
0x2A02,0x0000,
0x2A04,0x2036,
0x2A06,0x0000,
0x2A08,0x2014,
0x2A0A,0x0000,
0x2A0C,0x0006,
0x2A0E,0x0000,
0x2A10,0x0058,
0x2A12,0x0000,
0x2A14,0x2025,
0x2A16,0x0000,
0x2A18,0x203C,
0x2A1A,0x0000,
0x191C,0x00E8,
0x191E,0x0002,
0x1920,0x0055,
0x1922,0x0000,
0x1924,0x049E,
0x1926,0x0000,
0x1928,0x0E2B,
0x192A,0x0000,
0x192C,0x25DE,
0x192E,0x0000,
0x1930,0x0947,
0x1932,0x0000,
0x1934,0x3026,
0x1936,0x0000,
0x1A1C,0x00E8,
0x1A1E,0x0002,
0x1A20,0x0055,
0x1A22,0x0000,
0x1A24,0x049E,
0x1A26,0x0000,
0x1A28,0x0E2B,
0x1A2A,0x0000,
0x1A2C,0x25DE,
0x1A2E,0x0000,
0x1A30,0x0947,
0x1A32,0x0000,
0x1A34,0x3026,
0x1A36,0x0000,
0x291C,0x0072,
0x291E,0x0002,
0x2920,0x0268,
0x2922,0x0000,
0x2924,0x0016,
0x2926,0x0000,
0x2928,0x1C8A,
0x292A,0x0000,
0x292C,0x2117,
0x292E,0x0002,
0x2930,0xDA5D,
0x2932,0x0000,
0x2934,0x1063,
0x2936,0x0000,
0x2A1C,0x026E,
0x2A1E,0x0000,
0x2A20,0x05A5,
0x2A22,0x0000,
0x2A24,0x0364,
0x2A26,0x0000,
0x2A28,0x001B,
0x2A2A,0x0000,
0x2A2C,0x107A,
0x2A2E,0x0002,
0x2A30,0x0CCD,
0x2A32,0x0000,
0x2A34,0x158A,
0x2A36,0x0000,
0x8CDC,0x0200,
0x8CDE,0x0200,
0x8CE0,0x01FF,
0x8CE2,0x01FB,
0x8CE4,0x01FC,
0x8CE6,0x01FC,
0x8CE8,0x01FB,
0x8CEA,0x01FA,
0x8CEC,0x01FA,
0x8CEE,0x01FA,
0x8CF0,0x01FA,
0x8CF2,0x01FA,
0x8CF4,0x01FA,
0x8CF6,0x01FA,
0x8CF8,0x01FA,
0x8CFA,0x01FA,
0x8CFC,0x01FA,
0x8CFE,0x01FA,
0x8D00,0x01FA,
0x8D02,0x01FB,
0x8D04,0x01FB,
0x8D06,0x01FB,
0x8D08,0x01FB,
0x8D0A,0x01FB,
0x8D0C,0x01FB,
0x8D0E,0x01FB,
0x8D10,0x01FC,
0x8D12,0x01FC,
0x8D14,0x01FC,
0x8D16,0x01FC,
0x8D18,0x01FC,
0x8D1A,0x01FC,
0x8D1C,0x0200,
0x8D1E,0x0200,
0x8D20,0x01FF,
0x8D22,0x01FB,
0x8D24,0x01FC,
0x8D26,0x01FC,
0x8D28,0x01FB,
0x8D2A,0x01FA,
0x8D2C,0x01FA,
0x8D2E,0x01FA,
0x8D30,0x01FA,
0x8D32,0x01FA,
0x8D34,0x01FA,
0x8D36,0x01FA,
0x8D38,0x01FA,
0x8D3A,0x01FA,
0x8D3C,0x01FA,
0x8D3E,0x01FA,
0x8D40,0x01FA,
0x8D42,0x01FB,
0x8D44,0x01FB,
0x8D46,0x01FB,
0x8D48,0x01FB,
0x8D4A,0x01FB,
0x8D4C,0x01FB,
0x8D4E,0x01FB,
0x8D50,0x01FC,
0x8D52,0x01FC,
0x8D54,0x01FC,
0x8D56,0x01FC,
0x8D58,0x01FC,
0x8D5A,0x01FC,
0x8D5C,0x0200,
0x8D5E,0x01FF,
0x8D60,0x01FF,
0x8D62,0x01FE,
0x8D64,0x0200,
0x8D66,0x01FF,
0x8D68,0x01FE,
0x8D6A,0x01FE,
0x8D6C,0x01FD,
0x8D6E,0x01FE,
0x8D70,0x01FE,
0x8D72,0x01FD,
0x8D74,0x01FE,
0x8D76,0x01FD,
0x8D78,0x01FE,
0x8D7A,0x01FD,
0x8D7C,0x01FD,
0x8D7E,0x01FD,
0x8D80,0x01FD,
0x8D82,0x01FD,
0x8D84,0x01FE,
0x8D86,0x01FE,
0x8D88,0x01FE,
0x8D8A,0x01FE,
0x8D8C,0x01FE,
0x8D8E,0x01FE,
0x8D90,0x01FE,
0x8D92,0x01FE,
0x8D94,0x01FE,
0x8D96,0x01FE,
0x8D98,0x01FE,
0x8D9A,0x01FE,
0x8D9C,0x0200,
0x8D9E,0x0202,
0x8DA0,0x0202,
0x8DA2,0x01FD,
0x8DA4,0x01FE,
0x8DA6,0x01FE,
0x8DA8,0x01FD,
0x8DAA,0x01FC,
0x8DAC,0x01FC,
0x8DAE,0x01FC,
0x8DB0,0x01FC,
0x8DB2,0x01FD,
0x8DB4,0x01FD,
0x8DB6,0x01FD,
0x8DB8,0x01FD,
0x8DBA,0x01FE,
0x8DBC,0x01FE,
0x8DBE,0x01FE,
0x8DC0,0x01FE,
0x8DC2,0x01FD,
0x8DC4,0x01FD,
0x8DC6,0x01FE,
0x8DC8,0x01FE,
0x8DCA,0x01FE,
0x8DCC,0x01FE,
0x8DCE,0x01FE,
0x8DD0,0x01FE,
0x8DD2,0x01FE,
0x8DD4,0x01FF,
0x8DD6,0x01FF,
0x8DD8,0x01FF,
0x8DDA,0x01FE,
0x0A08,0xA88F,
0x0A0A,0xA487,
0x034E,0xD0D0,
0x5272,0x6060,
0x0384,0x00A0,
0x0386,0x0320,
0x1006,0x14A0,
0x03AA,0xAAAA,
0x03A8,0xFFFF,
};

static u16 addr_data_pair_normal_video[] = {
0x0204,0xC828,
0x0200,0x0300,
0x0202,0x0300,
0x0206,0x0304,
0x0226,0x004F,
0x023A,0x1B7F,
0x024C,0x0390,
0x024E,0x15AF,
0x0280,0x012B,
0x0282,0x0B0B,
0x0348,0x0046,
0x034A,0x8223,
0x034C,0xAABB,
0x0350,0x0001,
0x035A,0x0020,
0x03A0,0x0486,
0x03A4,0x094A,
0x03AC,0x5555,
0x0402,0x70AA,
0x0404,0x1200,
0x0406,0x0505,
0x0408,0x0505,
0x040A,0xB4E1,
0x0414,0x0000,
0x0416,0x000C,
0x0418,0x020E,
0x0430,0x2300,
0x0432,0x0606,
0x043A,0x0176,
0x043C,0x0176,
0x043E,0x00F0,
0x0440,0x00F0,
0x0442,0x02F0,
0x0444,0x02F0,
0x0448,0x08FE,
0x044A,0x1011,
0x0454,0x0400,
0x046A,0x85C4,
0x046E,0x0301,
0x0470,0x1219,
0x0476,0x2017,
0x047A,0x2017,
0x047C,0x0019,
0x047E,0x2018,
0x0480,0x0016,
0x0482,0x2015,
0x0484,0x00A2,
0x0486,0x18A1,
0x048E,0x189D,
0x0494,0x0002,
0x0496,0x0403,
0x0498,0x0002,
0x049A,0x0006,
0x04B0,0x0001,
0x0500,0x9801,
0x050C,0x0DF0,
0x0510,0x0DE5,
0x0524,0x06F2,
0x0538,0x0379,
0x0D00,0x0000,
0x0D2C,0x4004,
0x0600,0x1111,
0x0602,0x3112,
0x0604,0x8C4F,
0x0620,0x20FF,
0x0624,0x7824,
0x06F6,0xFF00,
0x3610,0x2D44,
0x3638,0x00AB,
0x363C,0x8001,
0x363E,0x0003,
0x2804,0x4E6D,
0x527C,0x0180,
0x5298,0x02F6,
0x1410,0x00C1,
0x0F00,0x0000,
0x0F04,0x0008,
0x0F06,0x0008,
0x0F08,0x0011,
0x0F0A,0x2233,
0x0F0C,0x4455,
0x0F0E,0x6677,
0x0B04,0x1F3A,
0x0B06,0x050D,
0x0B1C,0x2020,
0x0B1E,0x1220,
0x0B20,0x1000,
0x0B22,0x0900,
0x0B30,0x0000,
0x0B34,0x0005,
0x1702,0x6414,
0x1706,0x0000,
0x170A,0x06B8,
0x170C,0x0C00,
0x1784,0x2D23,
0x1786,0x1900,
0x178C,0x030C,
0x178E,0x0A08,
0x179C,0x0102,
0x179E,0x0204,
0x150C,0x4100,
0x1520,0x810C,
0x0A08,0xA88C,
0x0A0A,0xA9A8,
0x0A0C,0xF051,
0x0A10,0x5050,
0x0A12,0x0001,
0x0C00,0x0021,
0x0736,0x00BA,
0x0738,0x0102,
0x073C,0x0501,
0x0746,0x00BB,
0x0748,0x0002,
0x074C,0x0000,
0x074E,0x0303,
0x0766,0x004C,
0x0768,0x0002,
0x076A,0x0700,
0x076C,0x0000,
0x1200,0x8903,
0x1202,0x007F,
0x1204,0x8000,
0x121A,0x4400,
0x12A0,0x0000,
0x12C8,0x0000,
0x1C00,0x0000,
0x1C0A,0x8200,
0x1C0C,0x0200,
0x1C0E,0x0200,
0x1C10,0x0200,
0x1C16,0x9FFF,
0x1C40,0x0000,
0x1D00,0x0409,
0x1D02,0x1D02,
0x1D04,0xE390,
0x1D06,0x15AF,
0x1D08,0x0004,
0x1D0A,0x0000,
0x1D0C,0x0008,
0x1D0E,0x1000,
0x1D10,0x03A0,
0x1D12,0x159F,
0x1600,0x709A,
0x1604,0x0E01,
0x161A,0x0008,
0x161C,0x1000,
0x161E,0x0008,
0x1620,0x0900,
0x1622,0x0202,
0x1626,0x0800,
0x1630,0x8181,
0x1000,0x03C0,
0x1002,0xC311,
0x1004,0x2BAB,
0x1020,0xC106,
0x1022,0x0519,
0x1024,0x0205,
0x1026,0x0B08,
0x1028,0x0A07,
0x102A,0x0B04,
0x102C,0x0010,
0x102E,0x0808,
0x104A,0x8020,
0x105A,0x0108,
0x105E,0x0400,
0x1060,0x0004,
0x1062,0x0008,
0x1082,0x0124,
0x1086,0x0041,
0x1088,0x1082,
0x10B4,0xC400,
0x10B8,0x0000,
0x10C8,0x0001,
0x10CA,0x0042,
0x10CE,0x0900,
0x10EA,0x0015,
0x1E00,0x0000,
0x1E0A,0x0002,
0x1E10,0x108A,
0x1E2E,0x0202,
0x038C,0x01FF,
0x9A90,0x0186,
0x9A92,0x019B,
0x9A94,0x01B1,
0x9A96,0x01C8,
0x9A98,0x01E1,
0x9A9A,0x01FC,
0x9A9C,0x0308,
0x9A9E,0x0328,
0x9AA0,0x0358,
0x9AA2,0x0350,
0x9AA4,0x00CD,
0x9AA6,0x0780,
0x9AA8,0x036C,
0x9AAA,0x00D9,
0x9AAC,0xFFC0,
0x9AAE,0xFF7A,
0x9AB0,0x0101,
0x9AB2,0xFAF8,
0x9AB4,0x0004,
0x9AB6,0x12D2,
0x9AB8,0x2BEA,
0x9ABA,0x4E6B,
0x9ABC,0x5E1A,
0x9ABE,0x7D78,
0x9AC0,0x0B87,
0x9AC2,0x0756,
0x9AC4,0x0716,
0x9AC6,0x06E4,
0x9AC8,0x06DB,
0x9ACA,0x06CD,
0x9ACC,0x0000,
0x9ACE,0x013A,
0x9AD0,0x0144,
0x9AD2,0x013F,
0x9AD4,0x012C,
0x9AD6,0x012E,
0x9AD8,0x0000,
0x9ADA,0x0070,
0x9ADC,0x00F0,
0x9ADE,0x01F0,
0x9AE0,0x02F0,
0x9AE2,0x03F0,
0x9AE4,0x0800,
0x9AE6,0x0959,
0x9AE8,0x09A7,
0x9AEA,0x09BC,
0x9AEC,0x09C4,
0x9AEE,0x09BD,
0x9AF0,0x044E,
0x9AF2,0x03E9,
0x9AF4,0x03C1,
0x9AF6,0x03D7,
0x9AF8,0x03B8,
0x9AFA,0x0394,
0x9AFC,0x0186,
0x9AFE,0x019B,
0x9B00,0x01B1,
0x9B02,0x01C8,
0x9B04,0x01E1,
0x9B06,0x01FC,
0x9B08,0x0318,
0x9B0A,0x0338,
0x9B0C,0x0368,
0x9B0E,0x0364,
0x9B10,0x00CD,
0x9B12,0x0700,
0x9B14,0x01B9,
0x9B16,0x00F6,
0x9B18,0xFFE4,
0x9B1A,0xFFB2,
0x9B1C,0x0167,
0x9B1E,0xFBA7,
0x9B20,0x0004,
0x9B22,0x12D2,
0x9B24,0x2BEA,
0x9B26,0x4E6B,
0x9B28,0x5E1A,
0x9B2A,0x7D78,
0x9B2C,0x0B87,
0x9B2E,0x0756,
0x9B30,0x0716,
0x9B32,0x06E4,
0x9B34,0x06DB,
0x9B36,0x06CD,
0x9B38,0x0000,
0x9B3A,0x013A,
0x9B3C,0x0144,
0x9B3E,0x013F,
0x9B40,0x012C,
0x9B42,0x012E,
0x9B44,0x0000,
0x9B46,0x0070,
0x9B48,0x00F0,
0x9B4A,0x01F0,
0x9B4C,0x02F0,
0x9B4E,0x03F0,
0x9B50,0x0800,
0x9B52,0x0959,
0x9B54,0x09A7,
0x9B56,0x09BC,
0x9B58,0x09C4,
0x9B5A,0x09BD,
0x9B5C,0x043A,
0x9B5E,0x03AC,
0x9B60,0x0371,
0x9B62,0x036B,
0x9B64,0x034A,
0x9B66,0x02F7,
0x9B68,0x0186,
0x9B6A,0x019B,
0x9B6C,0x01B1,
0x9B6E,0x01C8,
0x9B70,0x01E1,
0x9B72,0x01FC,
0x9B74,0x0310,
0x9B76,0x0330,
0x9B78,0x0352,
0x9B7A,0x0328,
0x9B7C,0x00CD,
0x9B7E,0x0800,
0x9B80,0x0233,
0x9B82,0x00D3,
0x9B84,0x001D,
0x9B86,0x0005,
0x9B88,0x0118,
0x9B8A,0xFAC5,
0x9B8C,0x0004,
0x9B8E,0x12D2,
0x9B90,0x2BEA,
0x9B92,0x4E6B,
0x9B94,0x5E1A,
0x9B96,0x7D78,
0x9B98,0x0B87,
0x9B9A,0x0756,
0x9B9C,0x0716,
0x9B9E,0x06E4,
0x9BA0,0x06DB,
0x9BA2,0x06CD,
0x9BA4,0x0000,
0x9BA6,0x013A,
0x9BA8,0x0144,
0x9BAA,0x013F,
0x9BAC,0x012C,
0x9BAE,0x012E,
0x9BB0,0x0000,
0x9BB2,0x0070,
0x9BB4,0x00F0,
0x9BB6,0x01F0,
0x9BB8,0x02F0,
0x9BBA,0x03F0,
0x9BBC,0x0800,
0x9BBE,0x0959,
0x9BC0,0x09A7,
0x9BC2,0x09BC,
0x9BC4,0x09C4,
0x9BC6,0x09BD,
0x9BC8,0x041C,
0x9BCA,0x0387,
0x9BCC,0x0381,
0x9BCE,0x038C,
0x9BD0,0x03AA,
0x9BD2,0x039F,
0x9BD4,0x0186,
0x9BD6,0x019B,
0x9BD8,0x01B1,
0x9BDA,0x01C8,
0x9BDC,0x01E1,
0x9BDE,0x01FC,
0x9BE0,0x0314,
0x9BE2,0x0334,
0x9BE4,0x0360,
0x9BE6,0x034C,
0x9BE8,0x00CD,
0x9BEA,0x0800,
0x9BEC,0x0268,
0x9BEE,0x0153,
0x9BF0,0xFFF9,
0x9BF2,0xFFB7,
0x9BF4,0x011C,
0x9BF6,0xFAB6,
0x9BF8,0x0004,
0x9BFA,0x12D2,
0x9BFC,0x2BEA,
0x9BFE,0x4E6B,
0x9C00,0x5E1A,
0x9C02,0x7D78,
0x9C04,0x0B87,
0x9C06,0x0756,
0x9C08,0x0716,
0x9C0A,0x06E4,
0x9C0C,0x06DB,
0x9C0E,0x06CD,
0x9C10,0x0000,
0x9C12,0x013A,
0x9C14,0x0144,
0x9C16,0x013F,
0x9C18,0x012C,
0x9C1A,0x012E,
0x9C1C,0x0000,
0x9C1E,0x0070,
0x9C20,0x00F0,
0x9C22,0x01F0,
0x9C24,0x02F0,
0x9C26,0x03F0,
0x9C28,0x0800,
0x9C2A,0x0959,
0x9C2C,0x09A7,
0x9C2E,0x09BC,
0x9C30,0x09C4,
0x9C32,0x09BD,
0x9C34,0x0423,
0x9C36,0x039F,
0x9C38,0x039B,
0x9C3A,0x03C8,
0x9C3C,0x03F3,
0x9C3E,0x03E2,
0x9C40,0x0800,
0x9C42,0x0000,
0x9C44,0x0800,
0x9C46,0x0000,
0x9C48,0x0800,
0x9C4A,0x0000,
0x9C4C,0x0800,
0x9C4E,0x0000,
0x9C50,0x0000,
0x9C52,0x0000,
0x9C54,0x0000,
0x9C56,0x0000,
0x9C58,0x0000,
0x9C5A,0x0000,
0x9C5C,0x0000,
0x9C5E,0x0000,
0x2B00,0x0045,
0x2B02,0x0049,
0x2B04,0x005B,
0x2B06,0x0087,
0x2B08,0x00C7,
0x2B0A,0x00E9,
0x2B0C,0x0123,
0x2B0E,0x07FF,
0x2B10,0x0045,
0x2B12,0x0049,
0x2B14,0x005B,
0x2B16,0x0087,
0x2B18,0x00C7,
0x2B1A,0x00E9,
0x2B1C,0x0123,
0x2B1E,0x07FF,
0x2B20,0x0043,
0x2B22,0x0046,
0x2B24,0x006A,
0x2B26,0x0098,
0x2B28,0x00A5,
0x2B2A,0x00B4,
0x2B2C,0x00B6,
0x2B2E,0x07FF,
0x2B30,0x0043,
0x2B32,0x0046,
0x2B34,0x0051,
0x2B36,0x005F,
0x2B38,0x0074,
0x2B3A,0x007C,
0x2B3C,0x00A1,
0x2B3E,0x07FF,
0x1900,0x0068,
0x1902,0x0000,
0x1904,0x0044,
0x1906,0x0000,
0x1908,0x001B,
0x190A,0x0000,
0x190C,0x2007,
0x190E,0x0000,
0x1910,0x2034,
0x1912,0x0000,
0x1914,0x2008,
0x1916,0x0000,
0x1918,0x2034,
0x191A,0x0000,
0x1A00,0x0068,
0x1A02,0x0000,
0x1A04,0x0044,
0x1A06,0x0000,
0x1A08,0x001B,
0x1A0A,0x0000,
0x1A0C,0x2007,
0x1A0E,0x0000,
0x1A10,0x2034,
0x1A12,0x0000,
0x1A14,0x2008,
0x1A16,0x0000,
0x1A18,0x2034,
0x1A1A,0x0000,
0x2900,0x0079,
0x2902,0x0000,
0x2904,0x0006,
0x2906,0x0000,
0x2908,0x0015,
0x290A,0x0000,
0x290C,0x203E,
0x290E,0x0000,
0x2910,0x005E,
0x2912,0x0000,
0x2914,0x21CF,
0x2916,0x0000,
0x2918,0x2016,
0x291A,0x0000,
0x2A00,0x0053,
0x2A02,0x0000,
0x2A04,0x2036,
0x2A06,0x0000,
0x2A08,0x2014,
0x2A0A,0x0000,
0x2A0C,0x0006,
0x2A0E,0x0000,
0x2A10,0x0058,
0x2A12,0x0000,
0x2A14,0x2025,
0x2A16,0x0000,
0x2A18,0x203C,
0x2A1A,0x0000,
0x191C,0x00E8,
0x191E,0x0002,
0x1920,0x0055,
0x1922,0x0000,
0x1924,0x049E,
0x1926,0x0000,
0x1928,0x0E2B,
0x192A,0x0000,
0x192C,0x25DE,
0x192E,0x0000,
0x1930,0x0947,
0x1932,0x0000,
0x1934,0x3026,
0x1936,0x0000,
0x1A1C,0x00E8,
0x1A1E,0x0002,
0x1A20,0x0055,
0x1A22,0x0000,
0x1A24,0x049E,
0x1A26,0x0000,
0x1A28,0x0E2B,
0x1A2A,0x0000,
0x1A2C,0x25DE,
0x1A2E,0x0000,
0x1A30,0x0947,
0x1A32,0x0000,
0x1A34,0x3026,
0x1A36,0x0000,
0x291C,0x0072,
0x291E,0x0002,
0x2920,0x0268,
0x2922,0x0000,
0x2924,0x0016,
0x2926,0x0000,
0x2928,0x1C8A,
0x292A,0x0000,
0x292C,0x2117,
0x292E,0x0002,
0x2930,0xDA5D,
0x2932,0x0000,
0x2934,0x1063,
0x2936,0x0000,
0x2A1C,0x026E,
0x2A1E,0x0000,
0x2A20,0x05A5,
0x2A22,0x0000,
0x2A24,0x0364,
0x2A26,0x0000,
0x2A28,0x001B,
0x2A2A,0x0000,
0x2A2C,0x107A,
0x2A2E,0x0002,
0x2A30,0x0CCD,
0x2A32,0x0000,
0x2A34,0x158A,
0x2A36,0x0000,
0x8CDC,0x0200,
0x8CDE,0x0200,
0x8CE0,0x01FF,
0x8CE2,0x01FB,
0x8CE4,0x01FC,
0x8CE6,0x01FC,
0x8CE8,0x01FB,
0x8CEA,0x01FA,
0x8CEC,0x01FA,
0x8CEE,0x01FA,
0x8CF0,0x01FA,
0x8CF2,0x01FA,
0x8CF4,0x01FA,
0x8CF6,0x01FA,
0x8CF8,0x01FA,
0x8CFA,0x01FA,
0x8CFC,0x01FA,
0x8CFE,0x01FA,
0x8D00,0x01FA,
0x8D02,0x01FB,
0x8D04,0x01FB,
0x8D06,0x01FB,
0x8D08,0x01FB,
0x8D0A,0x01FB,
0x8D0C,0x01FB,
0x8D0E,0x01FB,
0x8D10,0x01FC,
0x8D12,0x01FC,
0x8D14,0x01FC,
0x8D16,0x01FC,
0x8D18,0x01FC,
0x8D1A,0x01FC,
0x8D1C,0x0200,
0x8D1E,0x0200,
0x8D20,0x01FF,
0x8D22,0x01FB,
0x8D24,0x01FC,
0x8D26,0x01FC,
0x8D28,0x01FB,
0x8D2A,0x01FA,
0x8D2C,0x01FA,
0x8D2E,0x01FA,
0x8D30,0x01FA,
0x8D32,0x01FA,
0x8D34,0x01FA,
0x8D36,0x01FA,
0x8D38,0x01FA,
0x8D3A,0x01FA,
0x8D3C,0x01FA,
0x8D3E,0x01FA,
0x8D40,0x01FA,
0x8D42,0x01FB,
0x8D44,0x01FB,
0x8D46,0x01FB,
0x8D48,0x01FB,
0x8D4A,0x01FB,
0x8D4C,0x01FB,
0x8D4E,0x01FB,
0x8D50,0x01FC,
0x8D52,0x01FC,
0x8D54,0x01FC,
0x8D56,0x01FC,
0x8D58,0x01FC,
0x8D5A,0x01FC,
0x8D5C,0x0200,
0x8D5E,0x01FF,
0x8D60,0x01FF,
0x8D62,0x01FE,
0x8D64,0x0200,
0x8D66,0x01FF,
0x8D68,0x01FE,
0x8D6A,0x01FE,
0x8D6C,0x01FD,
0x8D6E,0x01FE,
0x8D70,0x01FE,
0x8D72,0x01FD,
0x8D74,0x01FE,
0x8D76,0x01FD,
0x8D78,0x01FE,
0x8D7A,0x01FD,
0x8D7C,0x01FD,
0x8D7E,0x01FD,
0x8D80,0x01FD,
0x8D82,0x01FD,
0x8D84,0x01FE,
0x8D86,0x01FE,
0x8D88,0x01FE,
0x8D8A,0x01FE,
0x8D8C,0x01FE,
0x8D8E,0x01FE,
0x8D90,0x01FE,
0x8D92,0x01FE,
0x8D94,0x01FE,
0x8D96,0x01FE,
0x8D98,0x01FE,
0x8D9A,0x01FE,
0x8D9C,0x0200,
0x8D9E,0x0202,
0x8DA0,0x0202,
0x8DA2,0x01FD,
0x8DA4,0x01FE,
0x8DA6,0x01FE,
0x8DA8,0x01FD,
0x8DAA,0x01FC,
0x8DAC,0x01FC,
0x8DAE,0x01FC,
0x8DB0,0x01FC,
0x8DB2,0x01FD,
0x8DB4,0x01FD,
0x8DB6,0x01FD,
0x8DB8,0x01FD,
0x8DBA,0x01FE,
0x8DBC,0x01FE,
0x8DBE,0x01FE,
0x8DC0,0x01FE,
0x8DC2,0x01FD,
0x8DC4,0x01FD,
0x8DC6,0x01FE,
0x8DC8,0x01FE,
0x8DCA,0x01FE,
0x8DCC,0x01FE,
0x8DCE,0x01FE,
0x8DD0,0x01FE,
0x8DD2,0x01FE,
0x8DD4,0x01FF,
0x8DD6,0x01FF,
0x8DD8,0x01FF,
0x8DDA,0x01FE,
0x0A08,0xA88F,
0x0A0A,0xA487,
0x034E,0xD0D0,
0x5272,0x6060,
0x0384,0x00A0,
0x0386,0x0320,
0x1006,0x14A0,
0x03AA,0xAAAA,
0x03A8,0xFFFF,
};

static u16 addr_data_pair_hs_video[] = {
0x0204,0x4B08,
0x0200,0x0300,
0x0202,0x0300,
0x0206,0x03E6,
0x0226,0x0042,
0x023A,0x1B72,
0x024C,0x0080,
0x024E,0x18B2,
0x0280,0x000A,
0x0282,0x0A0A,
0x0348,0x0046,
0x034A,0x8123,
0x034C,0xAABE,
0x0350,0x0002,
0x035A,0x0020,
0x03A0,0x01F3,
0x03A4,0x102C,
0x03AC,0x5554,
0x0402,0x750A,
0x0404,0x1300,
0x0406,0x0E0E,
0x0408,0x0E0E,
0x040A,0xB4E1,
0x0414,0x0000,
0x0416,0x0006,
0x0418,0x0106,
0x0430,0x2100,
0x0432,0x0606,
0x043A,0x0FF8,
0x043C,0x0FF8,
0x043E,0x0FF0,
0x0440,0x0FF0,
0x0442,0x0FF0,
0x0444,0x0FF0,
0x0448,0x08FA,
0x044A,0x1032,
0x0454,0x0000,
0x046A,0x8544,
0x046E,0x0300,
0x0470,0x122F,
0x0476,0x2016,
0x047A,0x2016,
0x047C,0x0018,
0x047E,0x2016,
0x0480,0x0018,
0x0482,0x2016,
0x0484,0x00AC,
0x0486,0x189F,
0x048E,0x18A1,
0x0494,0x0002,
0x0496,0x0400,
0x0498,0x0004,
0x049A,0x0005,
0x04B0,0x0001,
0x0500,0x9801,
0x050C,0x0816,
0x0510,0x07F6,
0x0524,0x03FB,
0x0538,0x01FD,
0x0D00,0x0000,
0x0D2C,0x4004,
0x0600,0x1111,
0x0602,0x3112,
0x0604,0x884F,
0x0620,0x20FF,
0x0624,0x7824,
0x06F6,0x0000,
0x3610,0x2D44,
0x3638,0x0156,
0x363C,0x0001,
0x363E,0x0007,
0x2804,0x58C7,
0x527C,0x0180,
0x5298,0x0266,
0x1410,0x0001,
0x0F00,0x0000,
0x0F04,0x0006,
0x0F06,0x0008,
0x0F08,0x0011,
0x0F0A,0x2233,
0x0F0C,0x4455,
0x0F0E,0x6677,
0x0B04,0x1F3A,
0x0B06,0x0505,
0x0B1C,0x2010,
0x0B1E,0x1840,
0x0B20,0x07F8,
0x0B22,0x0600,
0x0B30,0x0000,
0x0B34,0x0002,
0x1702,0xB814,
0x1706,0x0000,
0x170A,0x06B8,
0x170C,0x0C00,
0x1784,0x2D23,
0x1786,0x1900,
0x178C,0x030C,
0x178E,0x0A08,
0x179C,0x0201,
0x179E,0x0201,
0x150C,0x4100,
0x1520,0x820C,
0x0A08,0xA888,
0x0A0A,0x89A8,
0x0A0C,0xF055,
0x0A10,0x6450,
0x0A12,0x0001,
0x0C00,0x0021,
0x0736,0x00BA,
0x0738,0x0102,
0x073C,0x0501,
0x0746,0x00BB,
0x0748,0x0002,
0x074C,0x0000,
0x074E,0x0303,
0x0766,0x004C,
0x0768,0x0002,
0x076A,0x0700,
0x076C,0x0000,
0x1200,0x0903,
0x1202,0x0080,
0x1204,0x0000,
0x121A,0x4400,
0x12A0,0x0000,
0x12C8,0x0000,
0x1C00,0x4000,
0x1C0A,0x8200,
0x1C0C,0x0200,
0x1C0E,0x0200,
0x1C10,0x0200,
0x1C16,0x1FFF,
0x1C40,0x0201,
0x1D00,0x0409,
0x1D02,0x1D04,
0x1D04,0xE080,
0x1D06,0x18BF,
0x1D08,0x0002,
0x1D0A,0x0010,
0x1D0C,0x0006,
0x1D0E,0x07F6,
0x1D10,0x00A0,
0x1D12,0x189F,
0x1600,0x349A,
0x1604,0x0E01,
0x161A,0x0030,
0x161C,0x2400,
0x161E,0x0020,
0x1620,0x1B00,
0x1622,0x0202,
0x1626,0x03FC,
0x1630,0x8181,
0x1000,0x03C0,
0x1002,0xC311,
0x1004,0x2BB0,
0x1020,0xC106,
0x1022,0x071D,
0x1024,0x0507,
0x1026,0x090A,
0x1028,0x0F09,
0x102A,0x0B04,
0x102C,0x0010,
0x102E,0x0808,
0x104A,0x8020,
0x105A,0x0008,
0x105E,0x0000,
0x1060,0x0004,
0x1062,0x0006,
0x1082,0x0124,
0x1086,0x0000,
0x1088,0x1081,
0x10B4,0xC400,
0x10B8,0x0000,
0x10C8,0x0001,
0x10CA,0x0041,
0x10CE,0x0600,
0x10EA,0x0015,
0x1E00,0x0004,
0x1E0A,0x0001,
0x1E10,0x0000,
0x1E2E,0x0404,
0x038C,0x01FF,
0x9A90,0x0186,
0x9A92,0x019B,
0x9A94,0x01B1,
0x9A96,0x01C8,
0x9A98,0x01E1,
0x9A9A,0x01FC,
0x9A9C,0x0308,
0x9A9E,0x0330,
0x9AA0,0x03A0,
0x9AA2,0x0442,
0x9AA4,0x0257,
0x9AA6,0x0397,
0x9AA8,0xFF94,
0x9AAA,0xFD8F,
0x9AAC,0xFCC9,
0x9AAE,0xFB3B,
0x9AB0,0xFE02,
0x9AB2,0xFBDC,
0x9AB4,0x0004,
0x9AB6,0x1734,
0x9AB8,0x3624,
0x9ABA,0x60AE,
0x9ABC,0x7404,
0x9ABE,0x9AB0,
0x9AC0,0x0A65,
0x9AC2,0x07A4,
0x9AC4,0x07A4,
0x9AC6,0x0797,
0x9AC8,0x0789,
0x9ACA,0x0789,
0x9ACC,0x0116,
0x9ACE,0x0051,
0x9AD0,0x0051,
0x9AD2,0x003D,
0x9AD4,0x0054,
0x9AD6,0x006B,
0x9AD8,0x0000,
0x9ADA,0x0030,
0x9ADC,0x0070,
0x9ADE,0x00F0,
0x9AE0,0x0170,
0x9AE2,0x01F0,
0x9AE4,0x0800,
0x9AE6,0x08BB,
0x9AE8,0x08D0,
0x9AEA,0x08D9,
0x9AEC,0x08DB,
0x9AEE,0x08DD,
0x9AF0,0x07B1,
0x9AF2,0x0701,
0x9AF4,0x05FB,
0x9AF6,0x03BB,
0x9AF8,0x01EA,
0x9AFA,0xFFB9,
0x9AFC,0x0186,
0x9AFE,0x019B,
0x9B00,0x01B1,
0x9B02,0x01C8,
0x9B04,0x01E1,
0x9B06,0x01FC,
0x9B08,0x0310,
0x9B0A,0x0334,
0x9B0C,0x03A0,
0x9B0E,0x0450,
0x9B10,0x01C5,
0x9B12,0x0361,
0x9B14,0xFDCD,
0x9B16,0xFC9C,
0x9B18,0xFC01,
0x9B1A,0xFA7B,
0x9B1C,0xFDA6,
0x9B1E,0xFB35,
0x9B20,0x0004,
0x9B22,0x1734,
0x9B24,0x3624,
0x9B26,0x60AE,
0x9B28,0x7404,
0x9B2A,0x9AB0,
0x9B2C,0x0A65,
0x9B2E,0x07A4,
0x9B30,0x07A4,
0x9B32,0x0797,
0x9B34,0x0789,
0x9B36,0x0789,
0x9B38,0x0116,
0x9B3A,0x0051,
0x9B3C,0x0051,
0x9B3E,0x003D,
0x9B40,0x0054,
0x9B42,0x006B,
0x9B44,0x0000,
0x9B46,0x0030,
0x9B48,0x0070,
0x9B4A,0x00F0,
0x9B4C,0x0170,
0x9B4E,0x01F0,
0x9B50,0x0800,
0x9B52,0x08BB,
0x9B54,0x08D0,
0x9B56,0x08D9,
0x9B58,0x08DB,
0x9B5A,0x08DD,
0x9B5C,0x0880,
0x9B5E,0x07D1,
0x9B60,0x06B8,
0x9B62,0x044F,
0x9B64,0x0244,
0x9B66,0xFFE7,
0x9B68,0x0186,
0x9B6A,0x019B,
0x9B6C,0x01B1,
0x9B6E,0x01C8,
0x9B70,0x01E1,
0x9B72,0x01FC,
0x9B74,0x0300,
0x9B76,0x0328,
0x9B78,0x0390,
0x9B7A,0x0401,
0x9B7C,0x0570,
0x9B7E,0x03A3,
0x9B80,0x0057,
0x9B82,0xFD70,
0x9B84,0xFC66,
0x9B86,0xFBB9,
0x9B88,0xFB1A,
0x9B8A,0xFBBD,
0x9B8C,0x0004,
0x9B8E,0x1734,
0x9B90,0x3624,
0x9B92,0x60AE,
0x9B94,0x7404,
0x9B96,0x9AB0,
0x9B98,0x0A65,
0x9B9A,0x07A4,
0x9B9C,0x07A4,
0x9B9E,0x0797,
0x9BA0,0x0789,
0x9BA2,0x0789,
0x9BA4,0x0116,
0x9BA6,0x0051,
0x9BA8,0x0051,
0x9BAA,0x003D,
0x9BAC,0x0054,
0x9BAE,0x006B,
0x9BB0,0x0000,
0x9BB2,0x0030,
0x9BB4,0x0070,
0x9BB6,0x00F0,
0x9BB8,0x0170,
0x9BBA,0x01F0,
0x9BBC,0x0800,
0x9BBE,0x08BB,
0x9BC0,0x08D0,
0x9BC2,0x08D9,
0x9BC4,0x08DB,
0x9BC6,0x08DD,
0x9BC8,0x07C6,
0x9BCA,0x0736,
0x9BCC,0x0668,
0x9BCE,0x0482,
0x9BD0,0x02FC,
0x9BD2,0x0123,
0x9BD4,0x0186,
0x9BD6,0x019B,
0x9BD8,0x01B1,
0x9BDA,0x01C8,
0x9BDC,0x01E1,
0x9BDE,0x01FC,
0x9BE0,0x0308,
0x9BE2,0x0338,
0x9BE4,0x03A0,
0x9BE6,0x0428,
0x9BE8,0x04E7,
0x9BEA,0x03CE,
0x9BEC,0x0108,
0x9BEE,0xFD15,
0x9BF0,0xFCBC,
0x9BF2,0xFBCA,
0x9BF4,0xFBB9,
0x9BF6,0xFBD0,
0x9BF8,0x0004,
0x9BFA,0x1734,
0x9BFC,0x3624,
0x9BFE,0x60AE,
0x9C00,0x7404,
0x9C02,0x9AB0,
0x9C04,0x0A65,
0x9C06,0x07A4,
0x9C08,0x07A4,
0x9C0A,0x0797,
0x9C0C,0x0789,
0x9C0E,0x0789,
0x9C10,0x0116,
0x9C12,0x0051,
0x9C14,0x0051,
0x9C16,0x003D,
0x9C18,0x0054,
0x9C1A,0x006B,
0x9C1C,0x0000,
0x9C1E,0x0030,
0x9C20,0x0070,
0x9C22,0x00F0,
0x9C24,0x0170,
0x9C26,0x01F0,
0x9C28,0x0800,
0x9C2A,0x08BB,
0x9C2C,0x08D0,
0x9C2E,0x08D9,
0x9C30,0x08DB,
0x9C32,0x08DD,
0x9C34,0x0798,
0x9C36,0x070A,
0x9C38,0x0651,
0x9C3A,0x048F,
0x9C3C,0x0332,
0x9C3E,0x0177,
0x9C40,0x0800,
0x9C42,0x0000,
0x9C44,0x0800,
0x9C46,0x0000,
0x9C48,0x0800,
0x9C4A,0x0000,
0x9C4C,0x0800,
0x9C4E,0x0000,
0x9C50,0x0000,
0x9C52,0x0000,
0x9C54,0x0000,
0x9C56,0x0000,
0x9C58,0x0000,
0x9C5A,0x0000,
0x9C5C,0x0000,
0x9C5E,0x0000,
0x2B00,0x0043,
0x2B02,0x004C,
0x2B04,0x006F,
0x2B06,0x00C8,
0x2B08,0x0116,
0x2B0A,0x01EB,
0x2B0C,0x0281,
0x2B0E,0x07FF,
0x2B10,0x0043,
0x2B12,0x004C,
0x2B14,0x006F,
0x2B16,0x00C8,
0x2B18,0x0116,
0x2B1A,0x01EB,
0x2B1C,0x0281,
0x2B1E,0x07FF,
0x2B20,0x0043,
0x2B22,0x004B,
0x2B24,0x007A,
0x2B26,0x00F1,
0x2B28,0x017C,
0x2B2A,0x0202,
0x2B2C,0x02ED,
0x2B2E,0x07FF,
0x2B30,0x0043,
0x2B32,0x0057,
0x2B34,0x0071,
0x2B36,0x00DF,
0x2B38,0x013D,
0x2B3A,0x0229,
0x2B3C,0x02DD,
0x2B3E,0x07FF,
0x1900,0x0048,
0x1902,0x0000,
0x1904,0x0066,
0x1906,0x0000,
0x1908,0x2029,
0x190A,0x0000,
0x190C,0x200B,
0x190E,0x0000,
0x1910,0x0018,
0x1912,0x0000,
0x1914,0x0035,
0x1916,0x0000,
0x1918,0x0089,
0x191A,0x0000,
0x1A00,0x0048,
0x1A02,0x0000,
0x1A04,0x0066,
0x1A06,0x0000,
0x1A08,0x2029,
0x1A0A,0x0000,
0x1A0C,0x200B,
0x1A0E,0x0000,
0x1A10,0x0018,
0x1A12,0x0000,
0x1A14,0x0035,
0x1A16,0x0000,
0x1A18,0x0089,
0x1A1A,0x0000,
0x2900,0x2014,
0x2902,0x0000,
0x2904,0x0023,
0x2906,0x0000,
0x2908,0x2014,
0x290A,0x0000,
0x290C,0x001D,
0x290E,0x0000,
0x2910,0x003D,
0x2912,0x0000,
0x2914,0x006F,
0x2916,0x0000,
0x2918,0x00F7,
0x291A,0x0000,
0x2A00,0x0051,
0x2A02,0x0000,
0x2A04,0x0018,
0x2A06,0x0000,
0x2A08,0x2034,
0x2A0A,0x0000,
0x2A0C,0x201F,
0x2A0E,0x0000,
0x2A10,0x0007,
0x2A12,0x0000,
0x2A14,0x0040,
0x2A16,0x0000,
0x2A18,0x008B,
0x2A1A,0x0000,
0x191C,0x02B9,
0x191E,0x0000,
0x1920,0x0157,
0x1922,0x0000,
0x1924,0x1B79,
0x1926,0x0000,
0x1928,0x0B14,
0x192A,0x0000,
0x192C,0x1297,
0x192E,0x0002,
0x1930,0x430B,
0x1932,0x0002,
0x1934,0x005E,
0x1936,0x0003,
0x1A1C,0x02B9,
0x1A1E,0x0000,
0x1A20,0x0157,
0x1A22,0x0000,
0x1A24,0x1B79,
0x1A26,0x0000,
0x1A28,0x0B14,
0x1A2A,0x0000,
0x1A2C,0x1297,
0x1A2E,0x0002,
0x1A30,0x430B,
0x1A32,0x0002,
0x1A34,0x005E,
0x1A36,0x0003,
0x291C,0x0294,
0x291E,0x0000,
0x2920,0x0030,
0x2922,0x0000,
0x2924,0x0CCA,
0x2926,0x0000,
0x2928,0x15EB,
0x292A,0x0002,
0x292C,0x3CB8,
0x292E,0x0002,
0x2930,0x9516,
0x2932,0x0002,
0x2934,0xFFE1,
0x2936,0x0003,
0x2A1C,0x02BE,
0x2A1E,0x0000,
0x2A20,0x07F2,
0x2A22,0x0000,
0x2A24,0x1683,
0x2A26,0x0000,
0x2A28,0x096A,
0x2A2A,0x0000,
0x2A2C,0x1C4D,
0x2A2E,0x0002,
0x2A30,0x8972,
0x2A32,0x0002,
0x2A34,0x4CF6,
0x2A36,0x0003,
0x8CDC,0x0200,
0x8CDE,0x0200,
0x8CE0,0x0201,
0x8CE2,0x0200,
0x8CE4,0x0202,
0x8CE6,0x0202,
0x8CE8,0x0203,
0x8CEA,0x0202,
0x8CEC,0x0203,
0x8CEE,0x0202,
0x8CF0,0x0203,
0x8CF2,0x0203,
0x8CF4,0x0202,
0x8CF6,0x0202,
0x8CF8,0x0202,
0x8CFA,0x0202,
0x8CFC,0x0203,
0x8CFE,0x0203,
0x8D00,0x0202,
0x8D02,0x0202,
0x8D04,0x0202,
0x8D06,0x0202,
0x8D08,0x0201,
0x8D0A,0x0202,
0x8D0C,0x0201,
0x8D0E,0x0202,
0x8D10,0x0201,
0x8D12,0x0200,
0x8D14,0x0201,
0x8D16,0x0201,
0x8D18,0x0200,
0x8D1A,0x0200,
0x8D1C,0x0200,
0x8D1E,0x0200,
0x8D20,0x0201,
0x8D22,0x0200,
0x8D24,0x0202,
0x8D26,0x0202,
0x8D28,0x0203,
0x8D2A,0x0202,
0x8D2C,0x0203,
0x8D2E,0x0202,
0x8D30,0x0203,
0x8D32,0x0203,
0x8D34,0x0202,
0x8D36,0x0202,
0x8D38,0x0202,
0x8D3A,0x0202,
0x8D3C,0x0203,
0x8D3E,0x0203,
0x8D40,0x0202,
0x8D42,0x0202,
0x8D44,0x0202,
0x8D46,0x0202,
0x8D48,0x0201,
0x8D4A,0x0202,
0x8D4C,0x0201,
0x8D4E,0x0202,
0x8D50,0x0201,
0x8D52,0x0200,
0x8D54,0x0201,
0x8D56,0x0201,
0x8D58,0x0200,
0x8D5A,0x0200,
0x8D5C,0x0200,
0x8D5E,0x0200,
0x8D60,0x01FF,
0x8D62,0x01FE,
0x8D64,0x01FF,
0x8D66,0x01FF,
0x8D68,0x01FF,
0x8D6A,0x0200,
0x8D6C,0x0200,
0x8D6E,0x0200,
0x8D70,0x0200,
0x8D72,0x0200,
0x8D74,0x01FF,
0x8D76,0x01FF,
0x8D78,0x01FF,
0x8D7A,0x01FF,
0x8D7C,0x01FF,
0x8D7E,0x01FF,
0x8D80,0x01FE,
0x8D82,0x01FF,
0x8D84,0x01FF,
0x8D86,0x01FF,
0x8D88,0x01FE,
0x8D8A,0x01FE,
0x8D8C,0x01FE,
0x8D8E,0x01FF,
0x8D90,0x01FE,
0x8D92,0x01FE,
0x8D94,0x01FD,
0x8D96,0x01FE,
0x8D98,0x01FE,
0x8D9A,0x01FD,
0x8D9C,0x0200,
0x8D9E,0x0201,
0x8DA0,0x0202,
0x8DA2,0x0201,
0x8DA4,0x0202,
0x8DA6,0x0203,
0x8DA8,0x0204,
0x8DAA,0x0203,
0x8DAC,0x0204,
0x8DAE,0x0204,
0x8DB0,0x0205,
0x8DB2,0x0205,
0x8DB4,0x0204,
0x8DB6,0x0204,
0x8DB8,0x0205,
0x8DBA,0x0205,
0x8DBC,0x0204,
0x8DBE,0x0205,
0x8DC0,0x0205,
0x8DC2,0x0205,
0x8DC4,0x0204,
0x8DC6,0x0204,
0x8DC8,0x0204,
0x8DCA,0x0204,
0x8DCC,0x0204,
0x8DCE,0x0205,
0x8DD0,0x0205,
0x8DD2,0x0205,
0x8DD4,0x0205,
0x8DD6,0x0205,
0x8DD8,0x0205,
0x8DDA,0x0204,
0x0A08,0xA888,
0x0A0A,0x89A8,
0x034E,0xE0E0,
0x5272,0x7878,
0x0384,0x0320,
0x0386,0x0C80,
0x1006,0x14A0,
0x03AA,0xAAAA,
0x03A8,0xFFFF,
};

static u16 addr_data_pair_slim_video[] = {
0x0204,0x4B08,
0x0200,0x0300,
0x0202,0x0300,
0x0206,0x02AA,
0x0226,0x0042,
0x023A,0x1B82,
0x024C,0x0410,
0x024E,0x1522,
0x0280,0x000A,
0x0282,0x0A0A,
0x0348,0x0046,
0x034A,0x8123,
0x034C,0xAABE,
0x0350,0x0002,
0x035A,0x0020,
0x03A0,0x0155,
0x03A4,0x0BD4,
0x03AC,0x5554,
0x0402,0x750A,
0x0404,0x1300,
0x0406,0x0E0E,
0x0408,0x0E0E,
0x040A,0xB4E1,
0x0414,0x0000,
0x0416,0x0006,
0x0418,0x0106,
0x0430,0x2100,
0x0432,0x0606,
0x043A,0x0FF8,
0x043C,0x0FF8,
0x043E,0x0FF0,
0x0440,0x0FF0,
0x0442,0x0FF0,
0x0444,0x0FF0,
0x0448,0x08FA,
0x044A,0x1032,
0x0454,0x0000,
0x046A,0x8544,
0x046E,0x0300,
0x0470,0x122F,
0x0476,0x2016,
0x047A,0x2016,
0x047C,0x0018,
0x047E,0x2016,
0x0480,0x0018,
0x0482,0x2016,
0x0484,0x00AC,
0x0486,0x189F,
0x048E,0x18A1,
0x0494,0x0002,
0x0496,0x0400,
0x0498,0x0004,
0x049A,0x0005,
0x04B0,0x0001,
0x0500,0x9801,
0x050C,0x05EA,
0x0510,0x05CA,
0x0524,0x02E5,
0x0538,0x0172,
0x0D00,0x0000,
0x0D2C,0x4004,
0x0600,0x1111,
0x0602,0x3112,
0x0604,0x884F,
0x0620,0x20FF,
0x0624,0x7824,
0x06F6,0x0000,
0x3610,0x2D44,
0x3638,0x0156,
0x363C,0x0001,
0x363E,0x0007,
0x2804,0x58C7,
0x527C,0x0180,
0x5298,0x0266,
0x1410,0x0001,
0x0F00,0x0000,
0x0F04,0x0042,
0x0F06,0x0008,
0x0F08,0x0011,
0x0F0A,0x2233,
0x0F0C,0x4455,
0x0F0E,0x6677,
0x0B04,0x1F3A,
0x0B06,0x0505,
0x0B1C,0x2010,
0x0B1E,0x1120,
0x0B20,0x0780,
0x0B22,0x0438,
0x0B30,0x0000,
0x0B34,0x0002,
0x1702,0xA814,
0x1706,0x0000,
0x170A,0x06B8,
0x170C,0x0C00,
0x1784,0x2D23,
0x1786,0x1900,
0x178C,0x030C,
0x178E,0x0A08,
0x179C,0x0102,
0x179E,0x0102,
0x150C,0x4100,
0x1520,0x820C,
0x0A08,0xA888,
0x0A0A,0x89A8,
0x0A0C,0xF055,
0x0A10,0x6450,
0x0A12,0x0001,
0x0C00,0x0021,
0x0736,0x00BA,
0x0738,0x0102,
0x073C,0x0501,
0x0746,0x0136,
0x0748,0x0002,
0x074C,0x0000,
0x074E,0x0303,
0x0766,0x006C,
0x0768,0x0002,
0x076A,0x0700,
0x076C,0x0000,
0x1200,0x0903,
0x1202,0x0080,
0x1204,0x0000,
0x121A,0x4400,
0x12A0,0x0000,
0x12C8,0x0000,
0x1C00,0x4000,
0x1C0A,0x8200,
0x1C0C,0x0200,
0x1C0E,0x0200,
0x1C10,0x0200,
0x1C16,0x1FFF,
0x1C40,0x0201,
0x1D00,0x0409,
0x1D02,0x1D04,
0x1D04,0xE410,
0x1D06,0x152F,
0x1D08,0x0002,
0x1D0A,0x0000,
0x1D0C,0x0042,
0x1D0E,0x07BA,
0x1D10,0x0430,
0x1D12,0x150F,
0x1600,0x349A,
0x1604,0x0E01,
0x161A,0x0030,
0x161C,0x2400,
0x161E,0x0020,
0x1620,0x1B00,
0x1622,0x0202,
0x1626,0x03C0,
0x1630,0x8181,
0x1000,0x03C0,
0x1002,0xC311,
0x1004,0x2BB0,
0x1020,0xC10A,
0x1022,0x0B2F,
0x1024,0x050A,
0x1026,0x100E,
0x1028,0x180E,
0x102A,0x1104,
0x102C,0x001D,
0x102E,0x0808,
0x104A,0x8020,
0x105A,0x0008,
0x105E,0x0000,
0x1060,0x0004,
0x1062,0x0042,
0x1082,0x0124,
0x1086,0x0000,
0x1088,0x1081,
0x10B4,0xC400,
0x10B8,0x0000,
0x10C8,0x0001,
0x10CA,0x0041,
0x10CE,0x0438,
0x10EA,0x0015,
0x1E00,0x0004,
0x1E0A,0x0001,
0x1E10,0x110A,
0x1E2E,0x0404,
0x038C,0x01FF,
0x9A90,0x0186,
0x9A92,0x019B,
0x9A94,0x01B1,
0x9A96,0x01C8,
0x9A98,0x01E1,
0x9A9A,0x01FC,
0x9A9C,0x0308,
0x9A9E,0x0330,
0x9AA0,0x03A0,
0x9AA2,0x0442,
0x9AA4,0x0257,
0x9AA6,0x0397,
0x9AA8,0xFF94,
0x9AAA,0xFD8F,
0x9AAC,0xFCC9,
0x9AAE,0xFB3B,
0x9AB0,0xFE02,
0x9AB2,0xFBDC,
0x9AB4,0x0004,
0x9AB6,0x1734,
0x9AB8,0x3624,
0x9ABA,0x60AE,
0x9ABC,0x7404,
0x9ABE,0x9AB0,
0x9AC0,0x0A65,
0x9AC2,0x07A4,
0x9AC4,0x07A4,
0x9AC6,0x0797,
0x9AC8,0x0789,
0x9ACA,0x0789,
0x9ACC,0x0116,
0x9ACE,0x0051,
0x9AD0,0x0051,
0x9AD2,0x003D,
0x9AD4,0x0054,
0x9AD6,0x006B,
0x9AD8,0x0000,
0x9ADA,0x0030,
0x9ADC,0x0070,
0x9ADE,0x00F0,
0x9AE0,0x0170,
0x9AE2,0x01F0,
0x9AE4,0x0800,
0x9AE6,0x08BB,
0x9AE8,0x08D0,
0x9AEA,0x08D9,
0x9AEC,0x08DB,
0x9AEE,0x08DD,
0x9AF0,0x07B1,
0x9AF2,0x0701,
0x9AF4,0x05FB,
0x9AF6,0x03BB,
0x9AF8,0x01EA,
0x9AFA,0xFFB9,
0x9AFC,0x0186,
0x9AFE,0x019B,
0x9B00,0x01B1,
0x9B02,0x01C8,
0x9B04,0x01E1,
0x9B06,0x01FC,
0x9B08,0x0310,
0x9B0A,0x0334,
0x9B0C,0x03A0,
0x9B0E,0x0450,
0x9B10,0x01C5,
0x9B12,0x0361,
0x9B14,0xFDCD,
0x9B16,0xFC9C,
0x9B18,0xFC01,
0x9B1A,0xFA7B,
0x9B1C,0xFDA6,
0x9B1E,0xFB35,
0x9B20,0x0004,
0x9B22,0x1734,
0x9B24,0x3624,
0x9B26,0x60AE,
0x9B28,0x7404,
0x9B2A,0x9AB0,
0x9B2C,0x0A65,
0x9B2E,0x07A4,
0x9B30,0x07A4,
0x9B32,0x0797,
0x9B34,0x0789,
0x9B36,0x0789,
0x9B38,0x0116,
0x9B3A,0x0051,
0x9B3C,0x0051,
0x9B3E,0x003D,
0x9B40,0x0054,
0x9B42,0x006B,
0x9B44,0x0000,
0x9B46,0x0030,
0x9B48,0x0070,
0x9B4A,0x00F0,
0x9B4C,0x0170,
0x9B4E,0x01F0,
0x9B50,0x0800,
0x9B52,0x08BB,
0x9B54,0x08D0,
0x9B56,0x08D9,
0x9B58,0x08DB,
0x9B5A,0x08DD,
0x9B5C,0x0880,
0x9B5E,0x07D1,
0x9B60,0x06B8,
0x9B62,0x044F,
0x9B64,0x0244,
0x9B66,0xFFE7,
0x9B68,0x0186,
0x9B6A,0x019B,
0x9B6C,0x01B1,
0x9B6E,0x01C8,
0x9B70,0x01E1,
0x9B72,0x01FC,
0x9B74,0x0300,
0x9B76,0x0328,
0x9B78,0x0390,
0x9B7A,0x0401,
0x9B7C,0x0570,
0x9B7E,0x03A3,
0x9B80,0x0057,
0x9B82,0xFD70,
0x9B84,0xFC66,
0x9B86,0xFBB9,
0x9B88,0xFB1A,
0x9B8A,0xFBBD,
0x9B8C,0x0004,
0x9B8E,0x1734,
0x9B90,0x3624,
0x9B92,0x60AE,
0x9B94,0x7404,
0x9B96,0x9AB0,
0x9B98,0x0A65,
0x9B9A,0x07A4,
0x9B9C,0x07A4,
0x9B9E,0x0797,
0x9BA0,0x0789,
0x9BA2,0x0789,
0x9BA4,0x0116,
0x9BA6,0x0051,
0x9BA8,0x0051,
0x9BAA,0x003D,
0x9BAC,0x0054,
0x9BAE,0x006B,
0x9BB0,0x0000,
0x9BB2,0x0030,
0x9BB4,0x0070,
0x9BB6,0x00F0,
0x9BB8,0x0170,
0x9BBA,0x01F0,
0x9BBC,0x0800,
0x9BBE,0x08BB,
0x9BC0,0x08D0,
0x9BC2,0x08D9,
0x9BC4,0x08DB,
0x9BC6,0x08DD,
0x9BC8,0x07C6,
0x9BCA,0x0736,
0x9BCC,0x0668,
0x9BCE,0x0482,
0x9BD0,0x02FC,
0x9BD2,0x0123,
0x9BD4,0x0186,
0x9BD6,0x019B,
0x9BD8,0x01B1,
0x9BDA,0x01C8,
0x9BDC,0x01E1,
0x9BDE,0x01FC,
0x9BE0,0x0308,
0x9BE2,0x0338,
0x9BE4,0x03A0,
0x9BE6,0x0428,
0x9BE8,0x04E7,
0x9BEA,0x03CE,
0x9BEC,0x0108,
0x9BEE,0xFD15,
0x9BF0,0xFCBC,
0x9BF2,0xFBCA,
0x9BF4,0xFBB9,
0x9BF6,0xFBD0,
0x9BF8,0x0004,
0x9BFA,0x1734,
0x9BFC,0x3624,
0x9BFE,0x60AE,
0x9C00,0x7404,
0x9C02,0x9AB0,
0x9C04,0x0A65,
0x9C06,0x07A4,
0x9C08,0x07A4,
0x9C0A,0x0797,
0x9C0C,0x0789,
0x9C0E,0x0789,
0x9C10,0x0116,
0x9C12,0x0051,
0x9C14,0x0051,
0x9C16,0x003D,
0x9C18,0x0054,
0x9C1A,0x006B,
0x9C1C,0x0000,
0x9C1E,0x0030,
0x9C20,0x0070,
0x9C22,0x00F0,
0x9C24,0x0170,
0x9C26,0x01F0,
0x9C28,0x0800,
0x9C2A,0x08BB,
0x9C2C,0x08D0,
0x9C2E,0x08D9,
0x9C30,0x08DB,
0x9C32,0x08DD,
0x9C34,0x0798,
0x9C36,0x070A,
0x9C38,0x0651,
0x9C3A,0x048F,
0x9C3C,0x0332,
0x9C3E,0x0177,
0x9C40,0x0800,
0x9C42,0x0000,
0x9C44,0x0800,
0x9C46,0x0000,
0x9C48,0x0800,
0x9C4A,0x0000,
0x9C4C,0x0800,
0x9C4E,0x0000,
0x9C50,0x0000,
0x9C52,0x0000,
0x9C54,0x0000,
0x9C56,0x0000,
0x9C58,0x0000,
0x9C5A,0x0000,
0x9C5C,0x0000,
0x9C5E,0x0000,
0x2B00,0x0043,
0x2B02,0x004C,
0x2B04,0x006F,
0x2B06,0x00C8,
0x2B08,0x0116,
0x2B0A,0x01EB,
0x2B0C,0x0281,
0x2B0E,0x07FF,
0x2B10,0x0043,
0x2B12,0x004C,
0x2B14,0x006F,
0x2B16,0x00C8,
0x2B18,0x0116,
0x2B1A,0x01EB,
0x2B1C,0x0281,
0x2B1E,0x07FF,
0x2B20,0x0043,
0x2B22,0x004B,
0x2B24,0x007A,
0x2B26,0x00F1,
0x2B28,0x017C,
0x2B2A,0x0202,
0x2B2C,0x02ED,
0x2B2E,0x07FF,
0x2B30,0x0043,
0x2B32,0x0057,
0x2B34,0x0071,
0x2B36,0x00DF,
0x2B38,0x013D,
0x2B3A,0x0229,
0x2B3C,0x02DD,
0x2B3E,0x07FF,
0x1900,0x0048,
0x1902,0x0000,
0x1904,0x0066,
0x1906,0x0000,
0x1908,0x2029,
0x190A,0x0000,
0x190C,0x200B,
0x190E,0x0000,
0x1910,0x0018,
0x1912,0x0000,
0x1914,0x0035,
0x1916,0x0000,
0x1918,0x0089,
0x191A,0x0000,
0x1A00,0x0048,
0x1A02,0x0000,
0x1A04,0x0066,
0x1A06,0x0000,
0x1A08,0x2029,
0x1A0A,0x0000,
0x1A0C,0x200B,
0x1A0E,0x0000,
0x1A10,0x0018,
0x1A12,0x0000,
0x1A14,0x0035,
0x1A16,0x0000,
0x1A18,0x0089,
0x1A1A,0x0000,
0x2900,0x2014,
0x2902,0x0000,
0x2904,0x0023,
0x2906,0x0000,
0x2908,0x2014,
0x290A,0x0000,
0x290C,0x001D,
0x290E,0x0000,
0x2910,0x003D,
0x2912,0x0000,
0x2914,0x006F,
0x2916,0x0000,
0x2918,0x00F7,
0x291A,0x0000,
0x2A00,0x0051,
0x2A02,0x0000,
0x2A04,0x0018,
0x2A06,0x0000,
0x2A08,0x2034,
0x2A0A,0x0000,
0x2A0C,0x201F,
0x2A0E,0x0000,
0x2A10,0x0007,
0x2A12,0x0000,
0x2A14,0x0040,
0x2A16,0x0000,
0x2A18,0x008B,
0x2A1A,0x0000,
0x191C,0x02B9,
0x191E,0x0000,
0x1920,0x0157,
0x1922,0x0000,
0x1924,0x1B79,
0x1926,0x0000,
0x1928,0x0B14,
0x192A,0x0000,
0x192C,0x1297,
0x192E,0x0002,
0x1930,0x430B,
0x1932,0x0002,
0x1934,0x005E,
0x1936,0x0003,
0x1A1C,0x02B9,
0x1A1E,0x0000,
0x1A20,0x0157,
0x1A22,0x0000,
0x1A24,0x1B79,
0x1A26,0x0000,
0x1A28,0x0B14,
0x1A2A,0x0000,
0x1A2C,0x1297,
0x1A2E,0x0002,
0x1A30,0x430B,
0x1A32,0x0002,
0x1A34,0x005E,
0x1A36,0x0003,
0x291C,0x0294,
0x291E,0x0000,
0x2920,0x0030,
0x2922,0x0000,
0x2924,0x0CCA,
0x2926,0x0000,
0x2928,0x15EB,
0x292A,0x0002,
0x292C,0x3CB8,
0x292E,0x0002,
0x2930,0x9516,
0x2932,0x0002,
0x2934,0xFFE1,
0x2936,0x0003,
0x2A1C,0x02BE,
0x2A1E,0x0000,
0x2A20,0x07F2,
0x2A22,0x0000,
0x2A24,0x1683,
0x2A26,0x0000,
0x2A28,0x096A,
0x2A2A,0x0000,
0x2A2C,0x1C4D,
0x2A2E,0x0002,
0x2A30,0x8972,
0x2A32,0x0002,
0x2A34,0x4CF6,
0x2A36,0x0003,
0x8CDC,0x0200,
0x8CDE,0x0200,
0x8CE0,0x0201,
0x8CE2,0x0200,
0x8CE4,0x0202,
0x8CE6,0x0202,
0x8CE8,0x0203,
0x8CEA,0x0202,
0x8CEC,0x0203,
0x8CEE,0x0202,
0x8CF0,0x0203,
0x8CF2,0x0203,
0x8CF4,0x0202,
0x8CF6,0x0202,
0x8CF8,0x0202,
0x8CFA,0x0202,
0x8CFC,0x0203,
0x8CFE,0x0203,
0x8D00,0x0202,
0x8D02,0x0202,
0x8D04,0x0202,
0x8D06,0x0202,
0x8D08,0x0201,
0x8D0A,0x0202,
0x8D0C,0x0201,
0x8D0E,0x0202,
0x8D10,0x0201,
0x8D12,0x0200,
0x8D14,0x0201,
0x8D16,0x0201,
0x8D18,0x0200,
0x8D1A,0x0200,
0x8D1C,0x0200,
0x8D1E,0x0200,
0x8D20,0x0201,
0x8D22,0x0200,
0x8D24,0x0202,
0x8D26,0x0202,
0x8D28,0x0203,
0x8D2A,0x0202,
0x8D2C,0x0203,
0x8D2E,0x0202,
0x8D30,0x0203,
0x8D32,0x0203,
0x8D34,0x0202,
0x8D36,0x0202,
0x8D38,0x0202,
0x8D3A,0x0202,
0x8D3C,0x0203,
0x8D3E,0x0203,
0x8D40,0x0202,
0x8D42,0x0202,
0x8D44,0x0202,
0x8D46,0x0202,
0x8D48,0x0201,
0x8D4A,0x0202,
0x8D4C,0x0201,
0x8D4E,0x0202,
0x8D50,0x0201,
0x8D52,0x0200,
0x8D54,0x0201,
0x8D56,0x0201,
0x8D58,0x0200,
0x8D5A,0x0200,
0x8D5C,0x0200,
0x8D5E,0x0200,
0x8D60,0x01FF,
0x8D62,0x01FE,
0x8D64,0x01FF,
0x8D66,0x01FF,
0x8D68,0x01FF,
0x8D6A,0x0200,
0x8D6C,0x0200,
0x8D6E,0x0200,
0x8D70,0x0200,
0x8D72,0x0200,
0x8D74,0x01FF,
0x8D76,0x01FF,
0x8D78,0x01FF,
0x8D7A,0x01FF,
0x8D7C,0x01FF,
0x8D7E,0x01FF,
0x8D80,0x01FE,
0x8D82,0x01FF,
0x8D84,0x01FF,
0x8D86,0x01FF,
0x8D88,0x01FE,
0x8D8A,0x01FE,
0x8D8C,0x01FE,
0x8D8E,0x01FF,
0x8D90,0x01FE,
0x8D92,0x01FE,
0x8D94,0x01FD,
0x8D96,0x01FE,
0x8D98,0x01FE,
0x8D9A,0x01FD,
0x8D9C,0x0200,
0x8D9E,0x0201,
0x8DA0,0x0202,
0x8DA2,0x0201,
0x8DA4,0x0202,
0x8DA6,0x0203,
0x8DA8,0x0204,
0x8DAA,0x0203,
0x8DAC,0x0204,
0x8DAE,0x0204,
0x8DB0,0x0205,
0x8DB2,0x0205,
0x8DB4,0x0204,
0x8DB6,0x0204,
0x8DB8,0x0205,
0x8DBA,0x0205,
0x8DBC,0x0204,
0x8DBE,0x0205,
0x8DC0,0x0205,
0x8DC2,0x0205,
0x8DC4,0x0204,
0x8DC6,0x0204,
0x8DC8,0x0204,
0x8DCA,0x0204,
0x8DCC,0x0204,
0x8DCE,0x0205,
0x8DD0,0x0205,
0x8DD2,0x0205,
0x8DD4,0x0205,
0x8DD6,0x0205,
0x8DD8,0x0205,
0x8DDA,0x0204,
0x0A08,0xA888,
0x0A0A,0x89A8,
0x034E,0xE0E0,
0x5272,0x7878,
0x0384,0x0320,
0x0386,0x0C80,
0x1006,0x14A0,
0x03AA,0xAAAA,
0x03A8,0xFFFF,
};

static u16 addr_data_pair_custom1[] = {
0x0204,0x4B08,
0x0200,0x0300,
0x0202,0x0300,
0x0206,0x03E6,
0x0226,0x0042,
0x023A,0x1B72,
0x024C,0x0320,
0x024E,0x1612,
0x0280,0x000A,
0x0282,0x0A0A,
0x0348,0x0046,
0x034A,0x8123,
0x034C,0xAABE,
0x0350,0x0002,
0x035A,0x0020,
0x03A0,0x01F3,
0x03A4,0x40B0,
0x03AC,0x5554,
0x0402,0x750A,
0x0404,0x1300,
0x0406,0x0E0E,
0x0408,0x0E0E,
0x040A,0xB4E1,
0x0414,0x0000,
0x0416,0x0006,
0x0418,0x0106,
0x0430,0x2100,
0x0432,0x0606,
0x043A,0x0FF8,
0x043C,0x0FF8,
0x043E,0x0FF0,
0x0440,0x0FF0,
0x0442,0x0FF0,
0x0444,0x0FF0,
0x0448,0x08FA,
0x044A,0x1032,
0x0454,0x0000,
0x046A,0x8544,
0x046E,0x0300,
0x0470,0x122F,
0x0476,0x2016,
0x047A,0x2016,
0x047C,0x0018,
0x047E,0x2016,
0x0480,0x0018,
0x0482,0x2016,
0x0484,0x00AC,
0x0486,0x189F,
0x048E,0x18A1,
0x0494,0x0002,
0x0496,0x0400,
0x0498,0x0004,
0x049A,0x0005,
0x04B0,0x0001,
0x0500,0x9801,
0x050C,0x2058,
0x0510,0x2038,
0x0524,0x101C,
0x0538,0x080E,
0x0D00,0x0000,
0x0D2C,0x4004,
0x0600,0x1111,
0x0602,0x3112,
0x0604,0x884F,
0x0620,0x20FF,
0x0624,0x7824,
0x06F6,0x0000,
0x3610,0x2D44,
0x3638,0x0156,
0x363C,0x0001,
0x363E,0x0007,
0x2804,0x58C7,
0x527C,0x0180,
0x5298,0x0266,
0x1410,0x0001,
0x0F00,0x0000,
0x0F04,0x00E2,
0x0F06,0x0008,
0x0F08,0x0011,
0x0F0A,0x2233,
0x0F0C,0x4455,
0x0F0E,0x6677,
0x0B04,0x1F3A,
0x0B06,0x0505,
0x0B1C,0x2010,
0x0B1E,0x1300,
0x0B20,0x0640,
0x0B22,0x04B0,
0x0B30,0x0000,
0x0B34,0x0002,
0x1702,0xA814,
0x1706,0x0000,
0x170A,0x06B8,
0x170C,0x0C00,
0x1784,0x2D23,
0x1786,0x1900,
0x178C,0x030C,
0x178E,0x0A08,
0x179C,0x0102,
0x179E,0x0102,
0x150C,0x4100,
0x1520,0x820C,
0x0A08,0xA888,
0x0A0A,0x89A8,
0x0A0C,0xF055,
0x0A10,0x6450,
0x0A12,0x0001,
0x0C00,0x0021,
0x0736,0x00BA,
0x0738,0x0102,
0x073C,0x0501,
0x0746,0x00BB,
0x0748,0x0002,
0x074C,0x0000,
0x074E,0x0303,
0x0766,0x004C,
0x0768,0x0002,
0x076A,0x0700,
0x076C,0x0000,
0x1200,0x0903,
0x1202,0x0080,
0x1204,0x0000,
0x121A,0x4400,
0x12A0,0x0000,
0x12C8,0x0000,
0x1C00,0x4000,
0x1C0A,0x8200,
0x1C0C,0x0200,
0x1C0E,0x0200,
0x1C10,0x0200,
0x1C16,0x1FFF,
0x1C40,0x0201,
0x1D00,0x0409,
0x1D02,0x1D04,
0x1D04,0xE320,
0x1D06,0x161F,
0x1D08,0x0002,
0x1D0A,0x0000,
0x1D0C,0x00E2,
0x1D0E,0x071A,
0x1D10,0x0340,
0x1D12,0x15FF,
0x1600,0x349A,
0x1604,0x0E01,
0x161A,0x0030,
0x161C,0x2400,
0x161E,0x0020,
0x1620,0x1B00,
0x1622,0x0202,
0x1626,0x0320,
0x1630,0x8181,
0x1000,0x03C0,
0x1002,0xC311,
0x1004,0x2BB0,
0x1020,0xC106,
0x1022,0x071D,
0x1024,0x0507,
0x1026,0x090A,
0x1028,0x0F09,
0x102A,0x0B04,
0x102C,0x0010,
0x102E,0x0808,
0x104A,0x8020,
0x105A,0x0008,
0x105E,0x0000,
0x1060,0x0004,
0x1062,0x00E2,
0x1082,0x0124,
0x1086,0x0000,
0x1088,0x1081,
0x10B4,0xC400,
0x10B8,0x0000,
0x10C8,0x0001,
0x10CA,0x0041,
0x10CE,0x04B0,
0x10EA,0x0015,
0x1E00,0x0004,
0x1E0A,0x0001,
0x1E10,0x101A,
0x1E2E,0x0404,
0x038C,0x01FF,
0x9A90,0x0186,
0x9A92,0x019B,
0x9A94,0x01B1,
0x9A96,0x01C8,
0x9A98,0x01E1,
0x9A9A,0x01FC,
0x9A9C,0x0308,
0x9A9E,0x0330,
0x9AA0,0x03A0,
0x9AA2,0x0442,
0x9AA4,0x0257,
0x9AA6,0x0397,
0x9AA8,0xFF94,
0x9AAA,0xFD8F,
0x9AAC,0xFCC9,
0x9AAE,0xFB3B,
0x9AB0,0xFE02,
0x9AB2,0xFBDC,
0x9AB4,0x0004,
0x9AB6,0x1734,
0x9AB8,0x3624,
0x9ABA,0x60AE,
0x9ABC,0x7404,
0x9ABE,0x9AB0,
0x9AC0,0x0A65,
0x9AC2,0x07A4,
0x9AC4,0x07A4,
0x9AC6,0x0797,
0x9AC8,0x0789,
0x9ACA,0x0789,
0x9ACC,0x0116,
0x9ACE,0x0051,
0x9AD0,0x0051,
0x9AD2,0x003D,
0x9AD4,0x0054,
0x9AD6,0x006B,
0x9AD8,0x0000,
0x9ADA,0x0030,
0x9ADC,0x0070,
0x9ADE,0x00F0,
0x9AE0,0x0170,
0x9AE2,0x01F0,
0x9AE4,0x0800,
0x9AE6,0x08BB,
0x9AE8,0x08D0,
0x9AEA,0x08D9,
0x9AEC,0x08DB,
0x9AEE,0x08DD,
0x9AF0,0x07B1,
0x9AF2,0x0701,
0x9AF4,0x05FB,
0x9AF6,0x03BB,
0x9AF8,0x01EA,
0x9AFA,0xFFB9,
0x9AFC,0x0186,
0x9AFE,0x019B,
0x9B00,0x01B1,
0x9B02,0x01C8,
0x9B04,0x01E1,
0x9B06,0x01FC,
0x9B08,0x0310,
0x9B0A,0x0334,
0x9B0C,0x03A0,
0x9B0E,0x0450,
0x9B10,0x01C5,
0x9B12,0x0361,
0x9B14,0xFDCD,
0x9B16,0xFC9C,
0x9B18,0xFC01,
0x9B1A,0xFA7B,
0x9B1C,0xFDA6,
0x9B1E,0xFB35,
0x9B20,0x0004,
0x9B22,0x1734,
0x9B24,0x3624,
0x9B26,0x60AE,
0x9B28,0x7404,
0x9B2A,0x9AB0,
0x9B2C,0x0A65,
0x9B2E,0x07A4,
0x9B30,0x07A4,
0x9B32,0x0797,
0x9B34,0x0789,
0x9B36,0x0789,
0x9B38,0x0116,
0x9B3A,0x0051,
0x9B3C,0x0051,
0x9B3E,0x003D,
0x9B40,0x0054,
0x9B42,0x006B,
0x9B44,0x0000,
0x9B46,0x0030,
0x9B48,0x0070,
0x9B4A,0x00F0,
0x9B4C,0x0170,
0x9B4E,0x01F0,
0x9B50,0x0800,
0x9B52,0x08BB,
0x9B54,0x08D0,
0x9B56,0x08D9,
0x9B58,0x08DB,
0x9B5A,0x08DD,
0x9B5C,0x0880,
0x9B5E,0x07D1,
0x9B60,0x06B8,
0x9B62,0x044F,
0x9B64,0x0244,
0x9B66,0xFFE7,
0x9B68,0x0186,
0x9B6A,0x019B,
0x9B6C,0x01B1,
0x9B6E,0x01C8,
0x9B70,0x01E1,
0x9B72,0x01FC,
0x9B74,0x0300,
0x9B76,0x0328,
0x9B78,0x0390,
0x9B7A,0x0401,
0x9B7C,0x0570,
0x9B7E,0x03A3,
0x9B80,0x0057,
0x9B82,0xFD70,
0x9B84,0xFC66,
0x9B86,0xFBB9,
0x9B88,0xFB1A,
0x9B8A,0xFBBD,
0x9B8C,0x0004,
0x9B8E,0x1734,
0x9B90,0x3624,
0x9B92,0x60AE,
0x9B94,0x7404,
0x9B96,0x9AB0,
0x9B98,0x0A65,
0x9B9A,0x07A4,
0x9B9C,0x07A4,
0x9B9E,0x0797,
0x9BA0,0x0789,
0x9BA2,0x0789,
0x9BA4,0x0116,
0x9BA6,0x0051,
0x9BA8,0x0051,
0x9BAA,0x003D,
0x9BAC,0x0054,
0x9BAE,0x006B,
0x9BB0,0x0000,
0x9BB2,0x0030,
0x9BB4,0x0070,
0x9BB6,0x00F0,
0x9BB8,0x0170,
0x9BBA,0x01F0,
0x9BBC,0x0800,
0x9BBE,0x08BB,
0x9BC0,0x08D0,
0x9BC2,0x08D9,
0x9BC4,0x08DB,
0x9BC6,0x08DD,
0x9BC8,0x07C6,
0x9BCA,0x0736,
0x9BCC,0x0668,
0x9BCE,0x0482,
0x9BD0,0x02FC,
0x9BD2,0x0123,
0x9BD4,0x0186,
0x9BD6,0x019B,
0x9BD8,0x01B1,
0x9BDA,0x01C8,
0x9BDC,0x01E1,
0x9BDE,0x01FC,
0x9BE0,0x0308,
0x9BE2,0x0338,
0x9BE4,0x03A0,
0x9BE6,0x0428,
0x9BE8,0x04E7,
0x9BEA,0x03CE,
0x9BEC,0x0108,
0x9BEE,0xFD15,
0x9BF0,0xFCBC,
0x9BF2,0xFBCA,
0x9BF4,0xFBB9,
0x9BF6,0xFBD0,
0x9BF8,0x0004,
0x9BFA,0x1734,
0x9BFC,0x3624,
0x9BFE,0x60AE,
0x9C00,0x7404,
0x9C02,0x9AB0,
0x9C04,0x0A65,
0x9C06,0x07A4,
0x9C08,0x07A4,
0x9C0A,0x0797,
0x9C0C,0x0789,
0x9C0E,0x0789,
0x9C10,0x0116,
0x9C12,0x0051,
0x9C14,0x0051,
0x9C16,0x003D,
0x9C18,0x0054,
0x9C1A,0x006B,
0x9C1C,0x0000,
0x9C1E,0x0030,
0x9C20,0x0070,
0x9C22,0x00F0,
0x9C24,0x0170,
0x9C26,0x01F0,
0x9C28,0x0800,
0x9C2A,0x08BB,
0x9C2C,0x08D0,
0x9C2E,0x08D9,
0x9C30,0x08DB,
0x9C32,0x08DD,
0x9C34,0x0798,
0x9C36,0x070A,
0x9C38,0x0651,
0x9C3A,0x048F,
0x9C3C,0x0332,
0x9C3E,0x0177,
0x9C40,0x0800,
0x9C42,0x0000,
0x9C44,0x0800,
0x9C46,0x0000,
0x9C48,0x0800,
0x9C4A,0x0000,
0x9C4C,0x0800,
0x9C4E,0x0000,
0x9C50,0x0000,
0x9C52,0x0000,
0x9C54,0x0000,
0x9C56,0x0000,
0x9C58,0x0000,
0x9C5A,0x0000,
0x9C5C,0x0000,
0x9C5E,0x0000,
0x2B00,0x0043,
0x2B02,0x004C,
0x2B04,0x006F,
0x2B06,0x00C8,
0x2B08,0x0116,
0x2B0A,0x01EB,
0x2B0C,0x0281,
0x2B0E,0x07FF,
0x2B10,0x0043,
0x2B12,0x004C,
0x2B14,0x006F,
0x2B16,0x00C8,
0x2B18,0x0116,
0x2B1A,0x01EB,
0x2B1C,0x0281,
0x2B1E,0x07FF,
0x2B20,0x0043,
0x2B22,0x004B,
0x2B24,0x007A,
0x2B26,0x00F1,
0x2B28,0x017C,
0x2B2A,0x0202,
0x2B2C,0x02ED,
0x2B2E,0x07FF,
0x2B30,0x0043,
0x2B32,0x0057,
0x2B34,0x0071,
0x2B36,0x00DF,
0x2B38,0x013D,
0x2B3A,0x0229,
0x2B3C,0x02DD,
0x2B3E,0x07FF,
0x1900,0x0048,
0x1902,0x0000,
0x1904,0x0066,
0x1906,0x0000,
0x1908,0x2029,
0x190A,0x0000,
0x190C,0x200B,
0x190E,0x0000,
0x1910,0x0018,
0x1912,0x0000,
0x1914,0x0035,
0x1916,0x0000,
0x1918,0x0089,
0x191A,0x0000,
0x1A00,0x0048,
0x1A02,0x0000,
0x1A04,0x0066,
0x1A06,0x0000,
0x1A08,0x2029,
0x1A0A,0x0000,
0x1A0C,0x200B,
0x1A0E,0x0000,
0x1A10,0x0018,
0x1A12,0x0000,
0x1A14,0x0035,
0x1A16,0x0000,
0x1A18,0x0089,
0x1A1A,0x0000,
0x2900,0x2014,
0x2902,0x0000,
0x2904,0x0023,
0x2906,0x0000,
0x2908,0x2014,
0x290A,0x0000,
0x290C,0x001D,
0x290E,0x0000,
0x2910,0x003D,
0x2912,0x0000,
0x2914,0x006F,
0x2916,0x0000,
0x2918,0x00F7,
0x291A,0x0000,
0x2A00,0x0051,
0x2A02,0x0000,
0x2A04,0x0018,
0x2A06,0x0000,
0x2A08,0x2034,
0x2A0A,0x0000,
0x2A0C,0x201F,
0x2A0E,0x0000,
0x2A10,0x0007,
0x2A12,0x0000,
0x2A14,0x0040,
0x2A16,0x0000,
0x2A18,0x008B,
0x2A1A,0x0000,
0x191C,0x02B9,
0x191E,0x0000,
0x1920,0x0157,
0x1922,0x0000,
0x1924,0x1B79,
0x1926,0x0000,
0x1928,0x0B14,
0x192A,0x0000,
0x192C,0x1297,
0x192E,0x0002,
0x1930,0x430B,
0x1932,0x0002,
0x1934,0x005E,
0x1936,0x0003,
0x1A1C,0x02B9,
0x1A1E,0x0000,
0x1A20,0x0157,
0x1A22,0x0000,
0x1A24,0x1B79,
0x1A26,0x0000,
0x1A28,0x0B14,
0x1A2A,0x0000,
0x1A2C,0x1297,
0x1A2E,0x0002,
0x1A30,0x430B,
0x1A32,0x0002,
0x1A34,0x005E,
0x1A36,0x0003,
0x291C,0x0294,
0x291E,0x0000,
0x2920,0x0030,
0x2922,0x0000,
0x2924,0x0CCA,
0x2926,0x0000,
0x2928,0x15EB,
0x292A,0x0002,
0x292C,0x3CB8,
0x292E,0x0002,
0x2930,0x9516,
0x2932,0x0002,
0x2934,0xFFE1,
0x2936,0x0003,
0x2A1C,0x02BE,
0x2A1E,0x0000,
0x2A20,0x07F2,
0x2A22,0x0000,
0x2A24,0x1683,
0x2A26,0x0000,
0x2A28,0x096A,
0x2A2A,0x0000,
0x2A2C,0x1C4D,
0x2A2E,0x0002,
0x2A30,0x8972,
0x2A32,0x0002,
0x2A34,0x4CF6,
0x2A36,0x0003,
0x8CDC,0x0200,
0x8CDE,0x0200,
0x8CE0,0x0201,
0x8CE2,0x0200,
0x8CE4,0x0202,
0x8CE6,0x0202,
0x8CE8,0x0203,
0x8CEA,0x0202,
0x8CEC,0x0203,
0x8CEE,0x0202,
0x8CF0,0x0203,
0x8CF2,0x0203,
0x8CF4,0x0202,
0x8CF6,0x0202,
0x8CF8,0x0202,
0x8CFA,0x0202,
0x8CFC,0x0203,
0x8CFE,0x0203,
0x8D00,0x0202,
0x8D02,0x0202,
0x8D04,0x0202,
0x8D06,0x0202,
0x8D08,0x0201,
0x8D0A,0x0202,
0x8D0C,0x0201,
0x8D0E,0x0202,
0x8D10,0x0201,
0x8D12,0x0200,
0x8D14,0x0201,
0x8D16,0x0201,
0x8D18,0x0200,
0x8D1A,0x0200,
0x8D1C,0x0200,
0x8D1E,0x0200,
0x8D20,0x0201,
0x8D22,0x0200,
0x8D24,0x0202,
0x8D26,0x0202,
0x8D28,0x0203,
0x8D2A,0x0202,
0x8D2C,0x0203,
0x8D2E,0x0202,
0x8D30,0x0203,
0x8D32,0x0203,
0x8D34,0x0202,
0x8D36,0x0202,
0x8D38,0x0202,
0x8D3A,0x0202,
0x8D3C,0x0203,
0x8D3E,0x0203,
0x8D40,0x0202,
0x8D42,0x0202,
0x8D44,0x0202,
0x8D46,0x0202,
0x8D48,0x0201,
0x8D4A,0x0202,
0x8D4C,0x0201,
0x8D4E,0x0202,
0x8D50,0x0201,
0x8D52,0x0200,
0x8D54,0x0201,
0x8D56,0x0201,
0x8D58,0x0200,
0x8D5A,0x0200,
0x8D5C,0x0200,
0x8D5E,0x0200,
0x8D60,0x01FF,
0x8D62,0x01FE,
0x8D64,0x01FF,
0x8D66,0x01FF,
0x8D68,0x01FF,
0x8D6A,0x0200,
0x8D6C,0x0200,
0x8D6E,0x0200,
0x8D70,0x0200,
0x8D72,0x0200,
0x8D74,0x01FF,
0x8D76,0x01FF,
0x8D78,0x01FF,
0x8D7A,0x01FF,
0x8D7C,0x01FF,
0x8D7E,0x01FF,
0x8D80,0x01FE,
0x8D82,0x01FF,
0x8D84,0x01FF,
0x8D86,0x01FF,
0x8D88,0x01FE,
0x8D8A,0x01FE,
0x8D8C,0x01FE,
0x8D8E,0x01FF,
0x8D90,0x01FE,
0x8D92,0x01FE,
0x8D94,0x01FD,
0x8D96,0x01FE,
0x8D98,0x01FE,
0x8D9A,0x01FD,
0x8D9C,0x0200,
0x8D9E,0x0201,
0x8DA0,0x0202,
0x8DA2,0x0201,
0x8DA4,0x0202,
0x8DA6,0x0203,
0x8DA8,0x0204,
0x8DAA,0x0203,
0x8DAC,0x0204,
0x8DAE,0x0204,
0x8DB0,0x0205,
0x8DB2,0x0205,
0x8DB4,0x0204,
0x8DB6,0x0204,
0x8DB8,0x0205,
0x8DBA,0x0205,
0x8DBC,0x0204,
0x8DBE,0x0205,
0x8DC0,0x0205,
0x8DC2,0x0205,
0x8DC4,0x0204,
0x8DC6,0x0204,
0x8DC8,0x0204,
0x8DCA,0x0204,
0x8DCC,0x0204,
0x8DCE,0x0205,
0x8DD0,0x0205,
0x8DD2,0x0205,
0x8DD4,0x0205,
0x8DD6,0x0205,
0x8DD8,0x0205,
0x8DDA,0x0204,
0x0A08,0xA888,
0x0A0A,0x89A8,
0x034E,0xE0E0,
0x5272,0x7878,
0x0384,0x0320,
0x0386,0x0C80,
0x1006,0x14A0,
0x03AA,0xAAAA,
0x03A8,0xFFFF,
};

//4k 60fps
static u16 addr_data_pair_custom2[] = {
0x0204,0xC828,
0x0200,0x0300,
0x0202,0x0300,
0x0206,0x0254,
0x0226,0x004F,
0x023A,0x1B7F,
0x024C,0x0420,
0x024E,0x151F,
0x0280,0x024B,
0x0282,0x0B0B,
0x0348,0x0046,
0x034A,0x8223,
0x034C,0xAABB,
0x0350,0x0001,
0x035A,0x0020,
0x03A0,0x037E,
0x03A4,0x0604,
0x03AC,0x5555,
0x0402,0x70AA,
0x0404,0x1200,
0x0406,0x0505,
0x0408,0x0505,
0x040A,0xB4E1,
0x0414,0x0000,
0x0416,0x000C,
0x0418,0x020E,
0x0430,0x2300,
0x0432,0x0606,
0x043A,0x0176,
0x043C,0x0176,
0x043E,0x00F0,
0x0440,0x00F0,
0x0442,0x02F0,
0x0444,0x02F0,
0x0448,0x08FE,
0x044A,0x1011,
0x0454,0x0400,
0x046A,0x85C4,
0x046E,0x0301,
0x0470,0x1219,
0x0476,0x2017,
0x047A,0x2017,
0x047C,0x0019,
0x047E,0x2018,
0x0480,0x0016,
0x0482,0x2015,
0x0484,0x00A2,
0x0486,0x18A1,
0x048E,0x189D,
0x0494,0x0002,
0x0496,0x0403,
0x0498,0x0002,
0x049A,0x0006,
0x04B0,0x0001,
0x0500,0x9801,
0x050C,0x0906,
0x0510,0x08FC,
0x0524,0x047E,
0x0538,0x023F,
0x0D00,0x0000,
0x0D2C,0x4004,
0x0600,0x1111,
0x0602,0x3112,
0x0604,0x8C4F,
0x0620,0x20FF,
0x0624,0x7824,
0x06F6,0xFF00,
0x3610,0x2D44,
0x3638,0x00AB,
0x363C,0xC001,
0x363E,0x0003,
0x2804,0x6596,
0x527C,0x0180,
0x5298,0x024E,
0x1410,0x00C1,
0x0F00,0x0000,
0x0F04,0x0088,
0x0F06,0x0008,
0x0F08,0x0011,
0x0F0A,0x2233,
0x0F0C,0x4455,
0x0F0E,0x6677,
0x0B04,0x1F3A,
0x0B06,0x050D,
0x0B1C,0x2020,
0x0B1E,0x1100,
0x0B20,0x0F00,
0x0B22,0x0870,
0x0B30,0x0000,
0x0B34,0x0005,
0x1702,0x6414,
0x1706,0x0000,
0x170A,0x06B8,
0x170C,0x0C00,
0x1784,0x2D23,
0x1786,0x1900,
0x178C,0x030C,
0x178E,0x0A08,
0x179C,0x0102,
0x179E,0x0204,
0x150C,0x4100,
0x1520,0x810C,
0x0A08,0xA88C,
0x0A0A,0xA9A8,
0x0A0C,0xF051,
0x0A10,0x5050,
0x0A12,0x0001,
0x0C00,0x0021,
0x0736,0x00BA,
0x0738,0x0102,
0x073C,0x0501,
0x0746,0x0136,
0x0748,0x0002,
0x074C,0x0000,
0x074E,0x0303,
0x0766,0x006C,
0x0768,0x0002,
0x076A,0x0700,
0x076C,0x0000,
0x1200,0x8903,
0x1202,0x007F,
0x1204,0x8000,
0x121A,0x4400,
0x12A0,0x0000,
0x12C8,0x0000,
0x1C00,0x0000,
0x1C0A,0x8200,
0x1C0C,0x0200,
0x1C0E,0x0200,
0x1C10,0x0200,
0x1C16,0x9FFF,
0x1C40,0x0000,
0x1D00,0x0409,
0x1D02,0x1D02,
0x1D04,0xE420,
0x1D06,0x151F,
0x1D08,0x0004,
0x1D0A,0x0000,
0x1D0C,0x0088,
0x1D0E,0x0F80,
0x1D10,0x0430,
0x1D12,0x150F,
0x1600,0x709A,
0x1604,0x0E01,
0x161A,0x0088,
0x161C,0x0F00,
0x161E,0x0008,
0x1620,0x0870,
0x1622,0x0202,
0x1626,0x0780,
0x1630,0x8181,
0x1000,0x03C0,
0x1002,0xC311,
0x1004,0x2BAB,
0x1020,0xC10A,
0x1022,0x0B2F,
0x1024,0x050A,
0x1026,0x100E,
0x1028,0x180E,
0x102A,0x1104,
0x102C,0x001D,
0x102E,0x0808,
0x104A,0x8020,
0x105A,0x0108,
0x105E,0x03C0,
0x1060,0x0004,
0x1062,0x0088,
0x1082,0x0124,
0x1086,0x0041,
0x1088,0x1082,
0x10B4,0xC400,
0x10B8,0x0000,
0x10C8,0x0001,
0x10CA,0x0042,
0x10CE,0x0870,
0x10EA,0x0015,
0x1E00,0x0000,
0x1E0A,0x0002,
0x1E10,0x111A,
0x1E2E,0x0202,
0x038C,0x01FF,
0x9A90,0x0186,
0x9A92,0x019B,
0x9A94,0x01B1,
0x9A96,0x01C8,
0x9A98,0x01E1,
0x9A9A,0x01FC,
0x9A9C,0x0308,
0x9A9E,0x0328,
0x9AA0,0x0358,
0x9AA2,0x0350,
0x9AA4,0x00CD,
0x9AA6,0x0780,
0x9AA8,0x036C,
0x9AAA,0x00D9,
0x9AAC,0xFFC0,
0x9AAE,0xFF7A,
0x9AB0,0x0101,
0x9AB2,0xFAF8,
0x9AB4,0x0004,
0x9AB6,0x12D2,
0x9AB8,0x2BEA,
0x9ABA,0x4E6B,
0x9ABC,0x5E1A,
0x9ABE,0x7D78,
0x9AC0,0x0B87,
0x9AC2,0x0756,
0x9AC4,0x0716,
0x9AC6,0x06E4,
0x9AC8,0x06DB,
0x9ACA,0x06CD,
0x9ACC,0x0000,
0x9ACE,0x013A,
0x9AD0,0x0144,
0x9AD2,0x013F,
0x9AD4,0x012C,
0x9AD6,0x012E,
0x9AD8,0x0000,
0x9ADA,0x0070,
0x9ADC,0x00F0,
0x9ADE,0x01F0,
0x9AE0,0x02F0,
0x9AE2,0x03F0,
0x9AE4,0x0800,
0x9AE6,0x0959,
0x9AE8,0x09A7,
0x9AEA,0x09BC,
0x9AEC,0x09C4,
0x9AEE,0x09BD,
0x9AF0,0x044E,
0x9AF2,0x03E9,
0x9AF4,0x03C1,
0x9AF6,0x03D7,
0x9AF8,0x03B8,
0x9AFA,0x0394,
0x9AFC,0x0186,
0x9AFE,0x019B,
0x9B00,0x01B1,
0x9B02,0x01C8,
0x9B04,0x01E1,
0x9B06,0x01FC,
0x9B08,0x0318,
0x9B0A,0x0338,
0x9B0C,0x0368,
0x9B0E,0x0364,
0x9B10,0x00CD,
0x9B12,0x0700,
0x9B14,0x01B9,
0x9B16,0x00F6,
0x9B18,0xFFE4,
0x9B1A,0xFFB2,
0x9B1C,0x0167,
0x9B1E,0xFBA7,
0x9B20,0x0004,
0x9B22,0x12D2,
0x9B24,0x2BEA,
0x9B26,0x4E6B,
0x9B28,0x5E1A,
0x9B2A,0x7D78,
0x9B2C,0x0B87,
0x9B2E,0x0756,
0x9B30,0x0716,
0x9B32,0x06E4,
0x9B34,0x06DB,
0x9B36,0x06CD,
0x9B38,0x0000,
0x9B3A,0x013A,
0x9B3C,0x0144,
0x9B3E,0x013F,
0x9B40,0x012C,
0x9B42,0x012E,
0x9B44,0x0000,
0x9B46,0x0070,
0x9B48,0x00F0,
0x9B4A,0x01F0,
0x9B4C,0x02F0,
0x9B4E,0x03F0,
0x9B50,0x0800,
0x9B52,0x0959,
0x9B54,0x09A7,
0x9B56,0x09BC,
0x9B58,0x09C4,
0x9B5A,0x09BD,
0x9B5C,0x043A,
0x9B5E,0x03AC,
0x9B60,0x0371,
0x9B62,0x036B,
0x9B64,0x034A,
0x9B66,0x02F7,
0x9B68,0x0186,
0x9B6A,0x019B,
0x9B6C,0x01B1,
0x9B6E,0x01C8,
0x9B70,0x01E1,
0x9B72,0x01FC,
0x9B74,0x0310,
0x9B76,0x0330,
0x9B78,0x0352,
0x9B7A,0x0328,
0x9B7C,0x00CD,
0x9B7E,0x0800,
0x9B80,0x0233,
0x9B82,0x00D3,
0x9B84,0x001D,
0x9B86,0x0005,
0x9B88,0x0118,
0x9B8A,0xFAC5,
0x9B8C,0x0004,
0x9B8E,0x12D2,
0x9B90,0x2BEA,
0x9B92,0x4E6B,
0x9B94,0x5E1A,
0x9B96,0x7D78,
0x9B98,0x0B87,
0x9B9A,0x0756,
0x9B9C,0x0716,
0x9B9E,0x06E4,
0x9BA0,0x06DB,
0x9BA2,0x06CD,
0x9BA4,0x0000,
0x9BA6,0x013A,
0x9BA8,0x0144,
0x9BAA,0x013F,
0x9BAC,0x012C,
0x9BAE,0x012E,
0x9BB0,0x0000,
0x9BB2,0x0070,
0x9BB4,0x00F0,
0x9BB6,0x01F0,
0x9BB8,0x02F0,
0x9BBA,0x03F0,
0x9BBC,0x0800,
0x9BBE,0x0959,
0x9BC0,0x09A7,
0x9BC2,0x09BC,
0x9BC4,0x09C4,
0x9BC6,0x09BD,
0x9BC8,0x041C,
0x9BCA,0x0387,
0x9BCC,0x0381,
0x9BCE,0x038C,
0x9BD0,0x03AA,
0x9BD2,0x039F,
0x9BD4,0x0186,
0x9BD6,0x019B,
0x9BD8,0x01B1,
0x9BDA,0x01C8,
0x9BDC,0x01E1,
0x9BDE,0x01FC,
0x9BE0,0x0314,
0x9BE2,0x0334,
0x9BE4,0x0360,
0x9BE6,0x034C,
0x9BE8,0x00CD,
0x9BEA,0x0800,
0x9BEC,0x0268,
0x9BEE,0x0153,
0x9BF0,0xFFF9,
0x9BF2,0xFFB7,
0x9BF4,0x011C,
0x9BF6,0xFAB6,
0x9BF8,0x0004,
0x9BFA,0x12D2,
0x9BFC,0x2BEA,
0x9BFE,0x4E6B,
0x9C00,0x5E1A,
0x9C02,0x7D78,
0x9C04,0x0B87,
0x9C06,0x0756,
0x9C08,0x0716,
0x9C0A,0x06E4,
0x9C0C,0x06DB,
0x9C0E,0x06CD,
0x9C10,0x0000,
0x9C12,0x013A,
0x9C14,0x0144,
0x9C16,0x013F,
0x9C18,0x012C,
0x9C1A,0x012E,
0x9C1C,0x0000,
0x9C1E,0x0070,
0x9C20,0x00F0,
0x9C22,0x01F0,
0x9C24,0x02F0,
0x9C26,0x03F0,
0x9C28,0x0800,
0x9C2A,0x0959,
0x9C2C,0x09A7,
0x9C2E,0x09BC,
0x9C30,0x09C4,
0x9C32,0x09BD,
0x9C34,0x0423,
0x9C36,0x039F,
0x9C38,0x039B,
0x9C3A,0x03C8,
0x9C3C,0x03F3,
0x9C3E,0x03E2,
0x9C40,0x0800,
0x9C42,0x0000,
0x9C44,0x0800,
0x9C46,0x0000,
0x9C48,0x0800,
0x9C4A,0x0000,
0x9C4C,0x0800,
0x9C4E,0x0000,
0x9C50,0x0000,
0x9C52,0x0000,
0x9C54,0x0000,
0x9C56,0x0000,
0x9C58,0x0000,
0x9C5A,0x0000,
0x9C5C,0x0000,
0x9C5E,0x0000,
0x2B00,0x0043,
0x2B02,0x0056,
0x2B04,0x0085,
0x2B06,0x0089,
0x2B08,0x00BD,
0x2B0A,0x01CD,
0x2B0C,0x0295,
0x2B0E,0x07FF,
0x2B10,0x0043,
0x2B12,0x0056,
0x2B14,0x0085,
0x2B16,0x0089,
0x2B18,0x00BD,
0x2B1A,0x01CD,
0x2B1C,0x0295,
0x2B1E,0x07FF,
0x2B20,0x0043,
0x2B22,0x004A,
0x2B24,0x0051,
0x2B26,0x0084,
0x2B28,0x015C,
0x2B2A,0x0229,
0x2B2C,0x0325,
0x2B2E,0x07FF,
0x2B30,0x0043,
0x2B32,0x0046,
0x2B34,0x0049,
0x2B36,0x004E,
0x2B38,0x00AD,
0x2B3A,0x00BE,
0x2B3C,0x01B6,
0x2B3E,0x07FF,
0x1900,0x00D9,
0x1902,0x0000,
0x1904,0x0014,
0x1906,0x0000,
0x1908,0x0009,
0x190A,0x0000,
0x190C,0x202B,
0x190E,0x0000,
0x1910,0x2014,
0x1912,0x0000,
0x1914,0x0019,
0x1916,0x0000,
0x1918,0x004C,
0x191A,0x0000,
0x1A00,0x00D9,
0x1A02,0x0000,
0x1A04,0x0014,
0x1A06,0x0000,
0x1A08,0x0009,
0x1A0A,0x0000,
0x1A0C,0x202B,
0x1A0E,0x0000,
0x1A10,0x2014,
0x1A12,0x0000,
0x1A14,0x0019,
0x1A16,0x0000,
0x1A18,0x004C,
0x1A1A,0x0000,
0x2900,0x0078,
0x2902,0x0000,
0x2904,0x0048,
0x2906,0x0000,
0x2908,0x2001,
0x290A,0x0000,
0x290C,0x200D,
0x290E,0x0000,
0x2910,0x0013,
0x2912,0x0000,
0x2914,0x004C,
0x2916,0x0000,
0x2918,0x00CD,
0x291A,0x0000,
0x2A00,0x0101,
0x2A02,0x0000,
0x2A04,0x00A4,
0x2A06,0x0000,
0x2A08,0x0044,
0x2A0A,0x0000,
0x2A0C,0x2011,
0x2A0E,0x0000,
0x2A10,0x205B,
0x2A12,0x0000,
0x2A14,0x2029,
0x2A16,0x0000,
0x2A18,0x2009,
0x2A1A,0x0000,
0x191C,0x051C,
0x191E,0x0002,
0x1920,0x0B82,
0x1922,0x0000,
0x1924,0x0E79,
0x1926,0x0000,
0x1928,0x1D3E,
0x192A,0x0000,
0x192C,0x1226,
0x192E,0x0000,
0x1930,0x34F6,
0x1932,0x0002,
0x1934,0xAA6F,
0x1936,0x0002,
0x1A1C,0x051C,
0x1A1E,0x0002,
0x1A20,0x0B82,
0x1A22,0x0000,
0x1A24,0x0E79,
0x1A26,0x0000,
0x1A28,0x1D3E,
0x1A2A,0x0000,
0x1A2C,0x1226,
0x1A2E,0x0000,
0x1A30,0x34F6,
0x1A32,0x0002,
0x1A34,0xAA6F,
0x1A36,0x0002,
0x291C,0x0187,
0x291E,0x0002,
0x2920,0x0062,
0x2922,0x0000,
0x2924,0x0557,
0x2926,0x0000,
0x2928,0x08A0,
0x292A,0x0000,
0x292C,0x1B70,
0x292E,0x0002,
0x2930,0x897B,
0x2932,0x0002,
0x2934,0xFF55,
0x2936,0x0003,
0x2A1C,0x0264,
0x2A1E,0x0002,
0x2A20,0x003C,
0x2A22,0x0002,
0x2A24,0x0334,
0x2A26,0x0000,
0x2A28,0x07FB,
0x2A2A,0x0000,
0x2A2C,0x2747,
0x2A2E,0x0000,
0x2A30,0x0EA5,
0x2A32,0x0000,
0x2A34,0x200C,
0x2A36,0x0002,
0x8CDC,0x0200,
0x8CDE,0x01FD,
0x8CE0,0x01FE,
0x8CE2,0x01FE,
0x8CE4,0x01FF,
0x8CE6,0x01FE,
0x8CE8,0x01FD,
0x8CEA,0x01FC,
0x8CEC,0x01FD,
0x8CEE,0x01FD,
0x8CF0,0x01FD,
0x8CF2,0x01FD,
0x8CF4,0x01FC,
0x8CF6,0x01FC,
0x8CF8,0x01FD,
0x8CFA,0x01FD,
0x8CFC,0x01FD,
0x8CFE,0x01FD,
0x8D00,0x01FE,
0x8D02,0x01FE,
0x8D04,0x01FE,
0x8D06,0x01FE,
0x8D08,0x01FE,
0x8D0A,0x01FD,
0x8D0C,0x01FD,
0x8D0E,0x01FD,
0x8D10,0x01FD,
0x8D12,0x01FD,
0x8D14,0x01FD,
0x8D16,0x01FE,
0x8D18,0x01FE,
0x8D1A,0x01FE,
0x8D1C,0x0200,
0x8D1E,0x01FD,
0x8D20,0x01FE,
0x8D22,0x01FE,
0x8D24,0x01FF,
0x8D26,0x01FE,
0x8D28,0x01FD,
0x8D2A,0x01FC,
0x8D2C,0x01FD,
0x8D2E,0x01FD,
0x8D30,0x01FD,
0x8D32,0x01FD,
0x8D34,0x01FC,
0x8D36,0x01FC,
0x8D38,0x01FD,
0x8D3A,0x01FD,
0x8D3C,0x01FD,
0x8D3E,0x01FD,
0x8D40,0x01FE,
0x8D42,0x01FE,
0x8D44,0x01FE,
0x8D46,0x01FE,
0x8D48,0x01FE,
0x8D4A,0x01FD,
0x8D4C,0x01FD,
0x8D4E,0x01FD,
0x8D50,0x01FD,
0x8D52,0x01FD,
0x8D54,0x01FD,
0x8D56,0x01FE,
0x8D58,0x01FE,
0x8D5A,0x01FE,
0x8D5C,0x0200,
0x8D5E,0x01FC,
0x8D60,0x01FB,
0x8D62,0x01FE,
0x8D64,0x01FF,
0x8D66,0x01FF,
0x8D68,0x01FD,
0x8D6A,0x01FC,
0x8D6C,0x01FC,
0x8D6E,0x01FC,
0x8D70,0x01FB,
0x8D72,0x01FC,
0x8D74,0x01FC,
0x8D76,0x01FC,
0x8D78,0x01FC,
0x8D7A,0x01FD,
0x8D7C,0x01FC,
0x8D7E,0x01FC,
0x8D80,0x01FD,
0x8D82,0x01FC,
0x8D84,0x01FC,
0x8D86,0x01FC,
0x8D88,0x01FC,
0x8D8A,0x01FC,
0x8D8C,0x01FC,
0x8D8E,0x01FC,
0x8D90,0x01FC,
0x8D92,0x01FC,
0x8D94,0x01FC,
0x8D96,0x01FC,
0x8D98,0x01FC,
0x8D9A,0x01FC,
0x8D9C,0x0200,
0x8D9E,0x01FF,
0x8DA0,0x0200,
0x8DA2,0x0200,
0x8DA4,0x0201,
0x8DA6,0x0201,
0x8DA8,0x01FF,
0x8DAA,0x01FF,
0x8DAC,0x01FF,
0x8DAE,0x01FF,
0x8DB0,0x01FE,
0x8DB2,0x01FF,
0x8DB4,0x01FE,
0x8DB6,0x01FE,
0x8DB8,0x0200,
0x8DBA,0x0200,
0x8DBC,0x0200,
0x8DBE,0x0200,
0x8DC0,0x0200,
0x8DC2,0x0200,
0x8DC4,0x0200,
0x8DC6,0x0200,
0x8DC8,0x0200,
0x8DCA,0x0200,
0x8DCC,0x0200,
0x8DCE,0x0201,
0x8DD0,0x0201,
0x8DD2,0x0201,
0x8DD4,0x0201,
0x8DD6,0x0201,
0x8DD8,0x0201,
0x8DDA,0x0201,
0x0A08,0xA88C,
0x0A0A,0xA487,
0x034E,0xD0D0,
0x5272,0x6060,
0x0384,0x00A0,
0x0386,0x0320,
0x1006,0x14A0,
0x03AA,0xAAAA,
0x03A8,0xFFFF,
};

//full size
static u16 addr_data_pair_custom3[] = {
0x0204,0x4008,
0x0200,0x0300,
0x0202,0x0300,
0x0206,0x0270,
0x0226,0x004F,
0x023A,0x1B6B,
0x024C,0x0090,
0x024E,0x18AF,
0x0280,0x0000,
0x0282,0x0000,
0x0348,0x00C6,
0x034A,0x8223,
0x034C,0xAABA,
0x0350,0x0000,
0x035A,0x0020,
0x03A0,0x04E0,
0x03A4,0x0CED,
0x03AC,0x5554,
0x0402,0x7002,
0x0404,0x0000,
0x0406,0x0000,
0x0408,0x0000,
0x040A,0x8D27,
0x0414,0x0300,
0x0416,0x0019,
0x0418,0x041C,
0x0430,0x1200,
0x0432,0x0303,
0x043A,0x0FF8,
0x043C,0x0FF8,
0x043E,0x0FF0,
0x0440,0x0FF0,
0x0442,0x0FF0,
0x0444,0x0FF0,
0x0448,0x08FF,
0x044A,0x1011,
0x0454,0x0000,
0x046A,0x8504,
0x046E,0x0300,
0x0470,0x1119,
0x0476,0x2017,
0x047A,0x2017,
0x047C,0x0019,
0x047E,0x2018,
0x0480,0x0016,
0x0482,0x2015,
0x0484,0x00A2,
0x0486,0x18A1,
0x048E,0x189D,
0x0494,0x0001,
0x0496,0x0404,
0x0498,0x0001,
0x049A,0x0006,
0x04B0,0x0001,
0x0500,0x9801,
0x050C,0x19DB,
0x0510,0x19D3,
0x0524,0x0CE9,
0x0538,0x0674,
0x0D00,0x000A,
0x0D2C,0x0000,
0x0600,0x1111,
0x0602,0x3712,
0x0604,0x804F,
0x0620,0x38FF,
0x0624,0x7820,
0x06F6,0x0000,
0x3610,0x2D40,
0x3638,0x00AB,
0x363C,0xC001,
0x363E,0x0001,
0x2804,0x6107,
0x527C,0x0183,
0x5298,0x0266,
0x1410,0x00C1,
0x0F00,0x0000,
0x0F04,0x0020,
0x0F06,0x0010,
0x0F08,0x0022,
0x0F0A,0x1133,
0x0F0C,0x4466,
0x0F0E,0x5577,
0x0B04,0x1D9A,
0x0B06,0x050D,
0x0B1C,0x2020,
0x0B1E,0x1820,
0x0B20,0x1FE0,
0x0B22,0x1800,
0x0B30,0x0001,
0x0B34,0x0000,
0x1702,0x2014,
0x1706,0x0000,
0x170A,0x17F8,
0x170C,0x1400,
0x1784,0x0000,
0x1786,0x0000,
0x178C,0x030A,
0x178E,0x0A0A,
0x179C,0x1001,
0x179E,0x1001,
0x150C,0x8100,
0x1520,0x800C,
0x0A08,0xA888,
0x0A0A,0x89A8,
0x0A0C,0xF055,
0x0A10,0xE070,
0x0A12,0x0003,
0x0C00,0x0023,
0x0736,0x00BA,
0x0738,0x0102,
0x073C,0x0501,
0x0746,0x0136,
0x0748,0x0002,
0x074C,0x0000,
0x074E,0x0303,
0x0766,0x006C,
0x0768,0x0002,
0x076A,0x0700,
0x076C,0x0000,
0x1200,0x8903,
0x1202,0x0C7F,
0x1204,0x8000,
0x121A,0x4400,
0x12A0,0x0000,
0x12C8,0x0000,
0x1C00,0x0000,
0x1C0A,0x8040,
0x1C0C,0x0040,
0x1C0E,0x0040,
0x1C10,0x0040,
0x1C16,0x1FFF,
0x1C40,0x0000,
0x1D00,0x0409,
0x1D02,0x1901,
0x1D04,0xE090,
0x1D06,0x18AF,
0x1D08,0x0010,
0x1D0A,0x0000,
0x1D0C,0x0010,
0x1D0E,0x2008,
0x1D10,0x00A0,
0x1D12,0x189F,
0x1600,0x3098,
0x1604,0x0E01,
0x161A,0x0020,
0x161C,0x1FE0,
0x161E,0x0010,
0x1620,0x1800,
0x1622,0x0000,
0x1626,0x0FF0,
0x1630,0x8181,
0x1000,0x03C0,
0x1002,0xC311,
0x1004,0x2BB0,
0x1020,0xC10A,
0x1022,0x0B2F,
0x1024,0x050A,
0x1026,0x100E,
0x1028,0x180E,
0x102A,0x1104,
0x102C,0x001D,
0x102E,0x0808,
0x104A,0x8020,
0x105A,0x0008,
0x105E,0x03FC,
0x1060,0x0004,
0x1062,0x0020,
0x1082,0x0124,
0x1086,0x0000,
0x1088,0x1081,
0x10B4,0xC400,
0x10B8,0x0000,
0x10C8,0x0001,
0x10CA,0x0041,
0x10CE,0x1800,
0x10EA,0x0015,
0x1E00,0x0000,
0x1E0A,0x1002,
0x1E10,0x0000,
0x1E2E,0x0101,
0x038C,0x01FF,
0x9A90,0x0186,
0x9A92,0x019B,
0x9A94,0x01B1,
0x9A96,0x01C8,
0x9A98,0x01E1,
0x9A9A,0x01FC,
0x9A9C,0x03D9,
0x9A9E,0x043B,
0x9AA0,0x0421,
0x9AA2,0x03AB,
0x9AA4,0x076C,
0x9AA6,0x0712,
0x9AA8,0x04C8,
0x9AAA,0x04BD,
0x9AAC,0x0524,
0x9AAE,0x04B8,
0x9AB0,0x00CA,
0x9AB2,0x014A,
0x9AB4,0x0004,
0x9AB6,0x1746,
0x9AB8,0x364E,
0x9ABA,0x60F9,
0x9ABC,0x745E,
0x9ABE,0x9B28,
0x9AC0,0x0800,
0x9AC2,0x0804,
0x9AC4,0x07BC,
0x9AC6,0x0771,
0x9AC8,0x0763,
0x9ACA,0x074F,
0x9ACC,0x0000,
0x9ACE,0xFFC0,
0x9AD0,0xFFD6,
0x9AD2,0x0013,
0x9AD4,0x001E,
0x9AD6,0x0026,
0x9AD8,0x0000,
0x9ADA,0x0010,
0x9ADC,0x0030,
0x9ADE,0x0070,
0x9AE0,0x00B0,
0x9AE2,0x00F0,
0x9AE4,0x0800,
0x9AE6,0x0705,
0x9AE8,0x0733,
0x9AEA,0x0749,
0x9AEC,0x0750,
0x9AEE,0x0752,
0x9AF0,0xFFF3,
0x9AF2,0x00F0,
0x9AF4,0x00E8,
0x9AF6,0x0124,
0x9AF8,0x016E,
0x9AFA,0x01B6,
0x9AFC,0x0186,
0x9AFE,0x019B,
0x9B00,0x01B1,
0x9B02,0x01C8,
0x9B04,0x01E1,
0x9B06,0x01FC,
0x9B08,0x03D9,
0x9B0A,0x043B,
0x9B0C,0x0421,
0x9B0E,0x03AB,
0x9B10,0x076C,
0x9B12,0x0712,
0x9B14,0x04C8,
0x9B16,0x04BD,
0x9B18,0x0524,
0x9B1A,0x04B8,
0x9B1C,0x00CA,
0x9B1E,0x014A,
0x9B20,0x0004,
0x9B22,0x1746,
0x9B24,0x364E,
0x9B26,0x60F9,
0x9B28,0x745E,
0x9B2A,0x9B28,
0x9B2C,0x0800,
0x9B2E,0x0804,
0x9B30,0x07BC,
0x9B32,0x0771,
0x9B34,0x0763,
0x9B36,0x074F,
0x9B38,0x0000,
0x9B3A,0xFFC0,
0x9B3C,0xFFD6,
0x9B3E,0x0013,
0x9B40,0x001E,
0x9B42,0x0026,
0x9B44,0x0000,
0x9B46,0x0010,
0x9B48,0x0030,
0x9B4A,0x0070,
0x9B4C,0x00B0,
0x9B4E,0x00F0,
0x9B50,0x0800,
0x9B52,0x0705,
0x9B54,0x0733,
0x9B56,0x0749,
0x9B58,0x0750,
0x9B5A,0x0752,
0x9B5C,0xFFF3,
0x9B5E,0x00F0,
0x9B60,0x00E8,
0x9B62,0x0124,
0x9B64,0x016E,
0x9B66,0x01B6,
0x9B68,0x0186,
0x9B6A,0x019B,
0x9B6C,0x01B1,
0x9B6E,0x01C8,
0x9B70,0x01E1,
0x9B72,0x01FC,
0x9B74,0x03D9,
0x9B76,0x043B,
0x9B78,0x0421,
0x9B7A,0x03AB,
0x9B7C,0x076C,
0x9B7E,0x0712,
0x9B80,0x04C8,
0x9B82,0x04BD,
0x9B84,0x0524,
0x9B86,0x04B8,
0x9B88,0x00CA,
0x9B8A,0x014A,
0x9B8C,0x0004,
0x9B8E,0x1746,
0x9B90,0x364E,
0x9B92,0x60F9,
0x9B94,0x745E,
0x9B96,0x9B28,
0x9B98,0x0800,
0x9B9A,0x0804,
0x9B9C,0x07BC,
0x9B9E,0x0771,
0x9BA0,0x0763,
0x9BA2,0x074F,
0x9BA4,0x0000,
0x9BA6,0xFFC0,
0x9BA8,0xFFD6,
0x9BAA,0x0013,
0x9BAC,0x001E,
0x9BAE,0x0026,
0x9BB0,0x0000,
0x9BB2,0x0010,
0x9BB4,0x0030,
0x9BB6,0x0070,
0x9BB8,0x00B0,
0x9BBA,0x00F0,
0x9BBC,0x0800,
0x9BBE,0x0705,
0x9BC0,0x0733,
0x9BC2,0x0749,
0x9BC4,0x0750,
0x9BC6,0x0752,
0x9BC8,0xFFF3,
0x9BCA,0x00F0,
0x9BCC,0x00E8,
0x9BCE,0x0124,
0x9BD0,0x016E,
0x9BD2,0x01B6,
0x9BD4,0x0186,
0x9BD6,0x019B,
0x9BD8,0x01B1,
0x9BDA,0x01C8,
0x9BDC,0x01E1,
0x9BDE,0x01FC,
0x9BE0,0x03D9,
0x9BE2,0x043B,
0x9BE4,0x0421,
0x9BE6,0x03AB,
0x9BE8,0x076C,
0x9BEA,0x0712,
0x9BEC,0x04C8,
0x9BEE,0x04BD,
0x9BF0,0x0524,
0x9BF2,0x04B8,
0x9BF4,0x00CA,
0x9BF6,0x014A,
0x9BF8,0x0004,
0x9BFA,0x1746,
0x9BFC,0x364E,
0x9BFE,0x60F9,
0x9C00,0x745E,
0x9C02,0x9B28,
0x9C04,0x0800,
0x9C06,0x0804,
0x9C08,0x07BC,
0x9C0A,0x0771,
0x9C0C,0x0763,
0x9C0E,0x074F,
0x9C10,0x0000,
0x9C12,0xFFC0,
0x9C14,0xFFD6,
0x9C16,0x0013,
0x9C18,0x001E,
0x9C1A,0x0026,
0x9C1C,0x0000,
0x9C1E,0x0010,
0x9C20,0x0030,
0x9C22,0x0070,
0x9C24,0x00B0,
0x9C26,0x00F0,
0x9C28,0x0800,
0x9C2A,0x0705,
0x9C2C,0x0733,
0x9C2E,0x0749,
0x9C30,0x0750,
0x9C32,0x0752,
0x9C34,0xFFF3,
0x9C36,0x00F0,
0x9C38,0x00E8,
0x9C3A,0x0124,
0x9C3C,0x016E,
0x9C3E,0x01B6,
0x9C40,0x0800,
0x9C42,0x0000,
0x9C44,0x0800,
0x9C46,0x0000,
0x9C48,0x0800,
0x9C4A,0x0000,
0x9C4C,0x0800,
0x9C4E,0x0000,
0x9C50,0x0000,
0x9C52,0x0000,
0x9C54,0x0000,
0x9C56,0x0000,
0x9C58,0x0000,
0x9C5A,0x0000,
0x9C5C,0x0000,
0x9C5E,0x0000,
0x2B00,0x0043,
0x2B02,0x004A,
0x2B04,0x0073,
0x2B06,0x00C2,
0x2B08,0x018D,
0x2B0A,0x021E,
0x2B0C,0x02D0,
0x2B0E,0x07FF,
0x2B10,0x0043,
0x2B12,0x004A,
0x2B14,0x0073,
0x2B16,0x00C2,
0x2B18,0x018D,
0x2B1A,0x021E,
0x2B1C,0x02D0,
0x2B1E,0x07FF,
0x2B20,0x0043,
0x2B22,0x0048,
0x2B24,0x0070,
0x2B26,0x00D3,
0x2B28,0x0134,
0x2B2A,0x01E0,
0x2B2C,0x02D6,
0x2B2E,0x07FF,
0x2B30,0x0043,
0x2B32,0x0046,
0x2B34,0x004B,
0x2B36,0x0077,
0x2B38,0x012C,
0x2B3A,0x0235,
0x2B3C,0x0256,
0x2B3E,0x07FF,
0x1900,0x00B7,
0x1902,0x0000,
0x1904,0x0041,
0x1906,0x0000,
0x1908,0x2032,
0x190A,0x0000,
0x190C,0x2003,
0x190E,0x0000,
0x1910,0x0019,
0x1912,0x0000,
0x1914,0x004E,
0x1916,0x0000,
0x1918,0x0079,
0x191A,0x0000,
0x1A00,0x00B7,
0x1A02,0x0000,
0x1A04,0x0041,
0x1A06,0x0000,
0x1A08,0x2032,
0x1A0A,0x0000,
0x1A0C,0x2003,
0x1A0E,0x0000,
0x1A10,0x0019,
0x1A12,0x0000,
0x1A14,0x004E,
0x1A16,0x0000,
0x1A18,0x0079,
0x1A1A,0x0000,
0x2900,0x00B2,
0x2902,0x0000,
0x2904,0x0011,
0x2906,0x0000,
0x2908,0x201A,
0x290A,0x0000,
0x290C,0x0035,
0x290E,0x0000,
0x2910,0x0063,
0x2912,0x0000,
0x2914,0x009E,
0x2916,0x0000,
0x2918,0x0121,
0x291A,0x0000,
0x2A00,0x00A0,
0x2A02,0x0000,
0x2A04,0x0046,
0x2A06,0x0000,
0x2A08,0x001F,
0x2A0A,0x0000,
0x2A0C,0x2033,
0x2A0E,0x0000,
0x2A10,0x200F,
0x2A12,0x0000,
0x2A14,0x0046,
0x2A16,0x0000,
0x2A18,0x00E5,
0x2A1A,0x0000,
0x191C,0x008E,
0x191E,0x0002,
0x1920,0x03F8,
0x1922,0x0000,
0x1924,0x1ADE,
0x1926,0x0000,
0x1928,0x0320,
0x192A,0x0000,
0x192C,0x22E4,
0x192E,0x0002,
0x1930,0x8580,
0x1932,0x0002,
0x1934,0xF43A,
0x1936,0x0002,
0x1A1C,0x008E,
0x1A1E,0x0002,
0x1A20,0x03F8,
0x1A22,0x0000,
0x1A24,0x1ADE,
0x1A26,0x0000,
0x1A28,0x0320,
0x1A2A,0x0000,
0x1A2C,0x22E4,
0x1A2E,0x0002,
0x1A30,0x8580,
0x1A32,0x0002,
0x1A34,0xF43A,
0x1A36,0x0002,
0x291C,0x0093,
0x291E,0x0002,
0x2920,0x0466,
0x2922,0x0000,
0x2924,0x0CAE,
0x2926,0x0000,
0x2928,0x216D,
0x292A,0x0002,
0x292C,0x4D4B,
0x292E,0x0002,
0x2930,0xACC1,
0x2932,0x0002,
0x2934,0xFFCA,
0x2936,0x0003,
0x2A1C,0x0005,
0x2A1E,0x0002,
0x2A20,0x021A,
0x2A22,0x0000,
0x2A24,0x03CF,
0x2A26,0x0000,
0x2A28,0x15AB,
0x2A2A,0x0000,
0x2A2C,0x0B11,
0x2A2E,0x0002,
0x2A30,0xB412,
0x2A32,0x0002,
0x2A34,0xFFEF,
0x2A36,0x0003,
0x8CDC,0x0200,
0x8CDE,0x0204,
0x8CE0,0x0204,
0x8CE2,0x0205,
0x8CE4,0x0204,
0x8CE6,0x0204,
0x8CE8,0x0204,
0x8CEA,0x0204,
0x8CEC,0x0204,
0x8CEE,0x0204,
0x8CF0,0x0204,
0x8CF2,0x0205,
0x8CF4,0x0205,
0x8CF6,0x0205,
0x8CF8,0x0205,
0x8CFA,0x0205,
0x8CFC,0x0205,
0x8CFE,0x0205,
0x8D00,0x0205,
0x8D02,0x0205,
0x8D04,0x0204,
0x8D06,0x0204,
0x8D08,0x0204,
0x8D0A,0x0204,
0x8D0C,0x0204,
0x8D0E,0x0204,
0x8D10,0x0204,
0x8D12,0x0204,
0x8D14,0x0203,
0x8D16,0x0203,
0x8D18,0x0203,
0x8D1A,0x0203,
0x8D1C,0x0200,
0x8D1E,0x0204,
0x8D20,0x0204,
0x8D22,0x0205,
0x8D24,0x0204,
0x8D26,0x0204,
0x8D28,0x0204,
0x8D2A,0x0204,
0x8D2C,0x0204,
0x8D2E,0x0204,
0x8D30,0x0204,
0x8D32,0x0205,
0x8D34,0x0205,
0x8D36,0x0205,
0x8D38,0x0205,
0x8D3A,0x0205,
0x8D3C,0x0205,
0x8D3E,0x0205,
0x8D40,0x0205,
0x8D42,0x0205,
0x8D44,0x0204,
0x8D46,0x0204,
0x8D48,0x0204,
0x8D4A,0x0204,
0x8D4C,0x0204,
0x8D4E,0x0204,
0x8D50,0x0204,
0x8D52,0x0204,
0x8D54,0x0203,
0x8D56,0x0203,
0x8D58,0x0203,
0x8D5A,0x0203,
0x8D5C,0x0200,
0x8D5E,0x0208,
0x8D60,0x0208,
0x8D62,0x0209,
0x8D64,0x0208,
0x8D66,0x0207,
0x8D68,0x0208,
0x8D6A,0x0208,
0x8D6C,0x0207,
0x8D6E,0x0207,
0x8D70,0x0207,
0x8D72,0x0208,
0x8D74,0x0208,
0x8D76,0x0208,
0x8D78,0x0208,
0x8D7A,0x0207,
0x8D7C,0x0207,
0x8D7E,0x0206,
0x8D80,0x0206,
0x8D82,0x0206,
0x8D84,0x0206,
0x8D86,0x0206,
0x8D88,0x0206,
0x8D8A,0x0205,
0x8D8C,0x0205,
0x8D8E,0x0205,
0x8D90,0x0205,
0x8D92,0x0205,
0x8D94,0x0205,
0x8D96,0x0204,
0x8D98,0x0204,
0x8D9A,0x0204,
0x8D9C,0x0200,
0x8D9E,0x0205,
0x8DA0,0x0205,
0x8DA2,0x0206,
0x8DA4,0x0205,
0x8DA6,0x0205,
0x8DA8,0x0205,
0x8DAA,0x0206,
0x8DAC,0x0206,
0x8DAE,0x0206,
0x8DB0,0x0206,
0x8DB2,0x0208,
0x8DB4,0x0208,
0x8DB6,0x0208,
0x8DB8,0x0209,
0x8DBA,0x0208,
0x8DBC,0x0208,
0x8DBE,0x0208,
0x8DC0,0x0208,
0x8DC2,0x0208,
0x8DC4,0x0208,
0x8DC6,0x0208,
0x8DC8,0x0208,
0x8DCA,0x0208,
0x8DCC,0x0208,
0x8DCE,0x0208,
0x8DD0,0x0208,
0x8DD2,0x0208,
0x8DD4,0x0208,
0x8DD6,0x0208,
0x8DD8,0x0208,
0x8DDA,0x0208,
0x0A08,0xA88F,
0x0A0A,0x8487,
0x034E,0xD0D0,
0x5272,0x6060,
0x0384,0x00A0,
0x0386,0x0320,
0x1006,0x14A0,
0x03AA,0xAAAA,
0x03A8,0xFFFF,
};

//AINR
static u16 addr_data_pair_custom4[] = {
0x0204,0x4008,
0x0200,0x0300,
0x0202,0x0300,
0x0206,0x0270,
0x0226,0x004F,
0x023A,0x1B6B,
0x024C,0x0090,
0x024E,0x18AF,
0x0280,0x0000,
0x0282,0x0000,
0x0348,0x00C6,
0x034A,0x8223,
0x034C,0xAABA,
0x0350,0x0000,
0x035A,0x0020,
0x03A0,0x04E0,
0x03A4,0x0CED,
0x03AC,0x5554,
0x0402,0x7002,
0x0404,0x0000,
0x0406,0x0000,
0x0408,0x0000,
0x040A,0x8D27,
0x0414,0x0300,
0x0416,0x0019,
0x0418,0x041C,
0x0430,0x1200,
0x0432,0x0303,
0x043A,0x0FF8,
0x043C,0x0FF8,
0x043E,0x0FF0,
0x0440,0x0FF0,
0x0442,0x0FF0,
0x0444,0x0FF0,
0x0448,0x08FF,
0x044A,0x1011,
0x0454,0x0000,
0x046A,0x8504,
0x046E,0x0300,
0x0470,0x1119,
0x0476,0x2017,
0x047A,0x2017,
0x047C,0x0019,
0x047E,0x2018,
0x0480,0x0016,
0x0482,0x2015,
0x0484,0x00A2,
0x0486,0x18A1,
0x048E,0x189D,
0x0494,0x0001,
0x0496,0x0404,
0x0498,0x0001,
0x049A,0x0006,
0x04B0,0x0001,
0x0500,0x9801,
0x050C,0x19DB,
0x0510,0x19D3,
0x0524,0x0CE9,
0x0538,0x0674,
0x0D00,0x000A,
0x0D2C,0x0000,
0x0600,0x1111,
0x0602,0x3712,
0x0604,0x804F,
0x0620,0x38FF,
0x0624,0x7820,
0x06F6,0x0000,
0x3610,0x2D40,
0x3638,0x00AB,
0x363C,0xC001,
0x363E,0x0001,
0x2804,0x6107,
0x527C,0x0183,
0x5298,0x0266,
0x1410,0x00C1,
0x0F00,0x0000,
0x0F04,0x0020,
0x0F06,0x0010,
0x0F08,0x0022,
0x0F0A,0x1133,
0x0F0C,0x4466,
0x0F0E,0x5577,
0x0B04,0x1D9A,
0x0B06,0x050D,
0x0B1C,0x2020,
0x0B1E,0x1820,
0x0B20,0x1FE0,
0x0B22,0x1800,
0x0B30,0x0001,
0x0B34,0x0000,
0x1702,0x2014,
0x1706,0x0000,
0x170A,0x17F8,
0x170C,0x1400,
0x1784,0x0000,
0x1786,0x0000,
0x178C,0x030A,
0x178E,0x0A0A,
0x179C,0x1001,
0x179E,0x1001,
0x150C,0x8100,
0x1520,0x800C,
0x0A08,0xA888,
0x0A0A,0x89A8,
0x0A0C,0xF055,
0x0A10,0xE070,
0x0A12,0x0003,
0x0C00,0x0023,
0x0736,0x00BA,
0x0738,0x0102,
0x073C,0x0501,
0x0746,0x0136,
0x0748,0x0002,
0x074C,0x0000,
0x074E,0x0303,
0x0766,0x006C,
0x0768,0x0002,
0x076A,0x0700,
0x076C,0x0000,
0x1200,0x8903,
0x1202,0x0C7F,
0x1204,0x8000,
0x121A,0x4400,
0x12A0,0x0000,
0x12C8,0x0000,
0x1C00,0x0000,
0x1C0A,0x8040,
0x1C0C,0x0040,
0x1C0E,0x0040,
0x1C10,0x0040,
0x1C16,0x1FFF,
0x1C40,0x0000,
0x1D00,0x0409,
0x1D02,0x1901,
0x1D04,0xE090,
0x1D06,0x18AF,
0x1D08,0x0010,
0x1D0A,0x0000,
0x1D0C,0x0010,
0x1D0E,0x2008,
0x1D10,0x00A0,
0x1D12,0x189F,
0x1600,0x3098,
0x1604,0x0E01,
0x161A,0x0020,
0x161C,0x1FE0,
0x161E,0x0010,
0x1620,0x1800,
0x1622,0x0000,
0x1626,0x0FF0,
0x1630,0x8181,
0x1000,0x03C0,
0x1002,0xC311,
0x1004,0x2BB0,
0x1020,0xC10A,
0x1022,0x0B2F,
0x1024,0x050A,
0x1026,0x100E,
0x1028,0x180E,
0x102A,0x1104,
0x102C,0x001D,
0x102E,0x0808,
0x104A,0x8020,
0x105A,0x0008,
0x105E,0x03FC,
0x1060,0x0004,
0x1062,0x0020,
0x1082,0x0124,
0x1086,0x0000,
0x1088,0x1081,
0x10B4,0xC400,
0x10B8,0x0000,
0x10C8,0x0001,
0x10CA,0x0041,
0x10CE,0x1800,
0x10EA,0x0015,
0x1E00,0x0000,
0x1E0A,0x1002,
0x1E10,0x0000,
0x1E2E,0x0101,
0x038C,0x01FF,
0x9A90,0x0186,
0x9A92,0x019B,
0x9A94,0x01B1,
0x9A96,0x01C8,
0x9A98,0x01E1,
0x9A9A,0x01FC,
0x9A9C,0x03D9,
0x9A9E,0x043B,
0x9AA0,0x0421,
0x9AA2,0x03AB,
0x9AA4,0x076C,
0x9AA6,0x0712,
0x9AA8,0x04C8,
0x9AAA,0x04BD,
0x9AAC,0x0524,
0x9AAE,0x04B8,
0x9AB0,0x00CA,
0x9AB2,0x014A,
0x9AB4,0x0004,
0x9AB6,0x1746,
0x9AB8,0x364E,
0x9ABA,0x60F9,
0x9ABC,0x745E,
0x9ABE,0x9B28,
0x9AC0,0x0800,
0x9AC2,0x0804,
0x9AC4,0x07BC,
0x9AC6,0x0771,
0x9AC8,0x0763,
0x9ACA,0x074F,
0x9ACC,0x0000,
0x9ACE,0xFFC0,
0x9AD0,0xFFD6,
0x9AD2,0x0013,
0x9AD4,0x001E,
0x9AD6,0x0026,
0x9AD8,0x0000,
0x9ADA,0x0010,
0x9ADC,0x0030,
0x9ADE,0x0070,
0x9AE0,0x00B0,
0x9AE2,0x00F0,
0x9AE4,0x0800,
0x9AE6,0x0705,
0x9AE8,0x0733,
0x9AEA,0x0749,
0x9AEC,0x0750,
0x9AEE,0x0752,
0x9AF0,0xFFF3,
0x9AF2,0x00F0,
0x9AF4,0x00E8,
0x9AF6,0x0124,
0x9AF8,0x016E,
0x9AFA,0x01B6,
0x9AFC,0x0186,
0x9AFE,0x019B,
0x9B00,0x01B1,
0x9B02,0x01C8,
0x9B04,0x01E1,
0x9B06,0x01FC,
0x9B08,0x03D9,
0x9B0A,0x043B,
0x9B0C,0x0421,
0x9B0E,0x03AB,
0x9B10,0x076C,
0x9B12,0x0712,
0x9B14,0x04C8,
0x9B16,0x04BD,
0x9B18,0x0524,
0x9B1A,0x04B8,
0x9B1C,0x00CA,
0x9B1E,0x014A,
0x9B20,0x0004,
0x9B22,0x1746,
0x9B24,0x364E,
0x9B26,0x60F9,
0x9B28,0x745E,
0x9B2A,0x9B28,
0x9B2C,0x0800,
0x9B2E,0x0804,
0x9B30,0x07BC,
0x9B32,0x0771,
0x9B34,0x0763,
0x9B36,0x074F,
0x9B38,0x0000,
0x9B3A,0xFFC0,
0x9B3C,0xFFD6,
0x9B3E,0x0013,
0x9B40,0x001E,
0x9B42,0x0026,
0x9B44,0x0000,
0x9B46,0x0010,
0x9B48,0x0030,
0x9B4A,0x0070,
0x9B4C,0x00B0,
0x9B4E,0x00F0,
0x9B50,0x0800,
0x9B52,0x0705,
0x9B54,0x0733,
0x9B56,0x0749,
0x9B58,0x0750,
0x9B5A,0x0752,
0x9B5C,0xFFF3,
0x9B5E,0x00F0,
0x9B60,0x00E8,
0x9B62,0x0124,
0x9B64,0x016E,
0x9B66,0x01B6,
0x9B68,0x0186,
0x9B6A,0x019B,
0x9B6C,0x01B1,
0x9B6E,0x01C8,
0x9B70,0x01E1,
0x9B72,0x01FC,
0x9B74,0x03D9,
0x9B76,0x043B,
0x9B78,0x0421,
0x9B7A,0x03AB,
0x9B7C,0x076C,
0x9B7E,0x0712,
0x9B80,0x04C8,
0x9B82,0x04BD,
0x9B84,0x0524,
0x9B86,0x04B8,
0x9B88,0x00CA,
0x9B8A,0x014A,
0x9B8C,0x0004,
0x9B8E,0x1746,
0x9B90,0x364E,
0x9B92,0x60F9,
0x9B94,0x745E,
0x9B96,0x9B28,
0x9B98,0x0800,
0x9B9A,0x0804,
0x9B9C,0x07BC,
0x9B9E,0x0771,
0x9BA0,0x0763,
0x9BA2,0x074F,
0x9BA4,0x0000,
0x9BA6,0xFFC0,
0x9BA8,0xFFD6,
0x9BAA,0x0013,
0x9BAC,0x001E,
0x9BAE,0x0026,
0x9BB0,0x0000,
0x9BB2,0x0010,
0x9BB4,0x0030,
0x9BB6,0x0070,
0x9BB8,0x00B0,
0x9BBA,0x00F0,
0x9BBC,0x0800,
0x9BBE,0x0705,
0x9BC0,0x0733,
0x9BC2,0x0749,
0x9BC4,0x0750,
0x9BC6,0x0752,
0x9BC8,0xFFF3,
0x9BCA,0x00F0,
0x9BCC,0x00E8,
0x9BCE,0x0124,
0x9BD0,0x016E,
0x9BD2,0x01B6,
0x9BD4,0x0186,
0x9BD6,0x019B,
0x9BD8,0x01B1,
0x9BDA,0x01C8,
0x9BDC,0x01E1,
0x9BDE,0x01FC,
0x9BE0,0x03D9,
0x9BE2,0x043B,
0x9BE4,0x0421,
0x9BE6,0x03AB,
0x9BE8,0x076C,
0x9BEA,0x0712,
0x9BEC,0x04C8,
0x9BEE,0x04BD,
0x9BF0,0x0524,
0x9BF2,0x04B8,
0x9BF4,0x00CA,
0x9BF6,0x014A,
0x9BF8,0x0004,
0x9BFA,0x1746,
0x9BFC,0x364E,
0x9BFE,0x60F9,
0x9C00,0x745E,
0x9C02,0x9B28,
0x9C04,0x0800,
0x9C06,0x0804,
0x9C08,0x07BC,
0x9C0A,0x0771,
0x9C0C,0x0763,
0x9C0E,0x074F,
0x9C10,0x0000,
0x9C12,0xFFC0,
0x9C14,0xFFD6,
0x9C16,0x0013,
0x9C18,0x001E,
0x9C1A,0x0026,
0x9C1C,0x0000,
0x9C1E,0x0010,
0x9C20,0x0030,
0x9C22,0x0070,
0x9C24,0x00B0,
0x9C26,0x00F0,
0x9C28,0x0800,
0x9C2A,0x0705,
0x9C2C,0x0733,
0x9C2E,0x0749,
0x9C30,0x0750,
0x9C32,0x0752,
0x9C34,0xFFF3,
0x9C36,0x00F0,
0x9C38,0x00E8,
0x9C3A,0x0124,
0x9C3C,0x016E,
0x9C3E,0x01B6,
0x9C40,0x0800,
0x9C42,0x0000,
0x9C44,0x0800,
0x9C46,0x0000,
0x9C48,0x0800,
0x9C4A,0x0000,
0x9C4C,0x0800,
0x9C4E,0x0000,
0x9C50,0x0000,
0x9C52,0x0000,
0x9C54,0x0000,
0x9C56,0x0000,
0x9C58,0x0000,
0x9C5A,0x0000,
0x9C5C,0x0000,
0x9C5E,0x0000,
0x2B00,0x0043,
0x2B02,0x004A,
0x2B04,0x0073,
0x2B06,0x00C2,
0x2B08,0x018D,
0x2B0A,0x021E,
0x2B0C,0x02D0,
0x2B0E,0x07FF,
0x2B10,0x0043,
0x2B12,0x004A,
0x2B14,0x0073,
0x2B16,0x00C2,
0x2B18,0x018D,
0x2B1A,0x021E,
0x2B1C,0x02D0,
0x2B1E,0x07FF,
0x2B20,0x0043,
0x2B22,0x0048,
0x2B24,0x0070,
0x2B26,0x00D3,
0x2B28,0x0134,
0x2B2A,0x01E0,
0x2B2C,0x02D6,
0x2B2E,0x07FF,
0x2B30,0x0043,
0x2B32,0x0046,
0x2B34,0x004B,
0x2B36,0x0077,
0x2B38,0x012C,
0x2B3A,0x0235,
0x2B3C,0x0256,
0x2B3E,0x07FF,
0x1900,0x00B7,
0x1902,0x0000,
0x1904,0x0041,
0x1906,0x0000,
0x1908,0x2032,
0x190A,0x0000,
0x190C,0x2003,
0x190E,0x0000,
0x1910,0x0019,
0x1912,0x0000,
0x1914,0x004E,
0x1916,0x0000,
0x1918,0x0079,
0x191A,0x0000,
0x1A00,0x00B7,
0x1A02,0x0000,
0x1A04,0x0041,
0x1A06,0x0000,
0x1A08,0x2032,
0x1A0A,0x0000,
0x1A0C,0x2003,
0x1A0E,0x0000,
0x1A10,0x0019,
0x1A12,0x0000,
0x1A14,0x004E,
0x1A16,0x0000,
0x1A18,0x0079,
0x1A1A,0x0000,
0x2900,0x00B2,
0x2902,0x0000,
0x2904,0x0011,
0x2906,0x0000,
0x2908,0x201A,
0x290A,0x0000,
0x290C,0x0035,
0x290E,0x0000,
0x2910,0x0063,
0x2912,0x0000,
0x2914,0x009E,
0x2916,0x0000,
0x2918,0x0121,
0x291A,0x0000,
0x2A00,0x00A0,
0x2A02,0x0000,
0x2A04,0x0046,
0x2A06,0x0000,
0x2A08,0x001F,
0x2A0A,0x0000,
0x2A0C,0x2033,
0x2A0E,0x0000,
0x2A10,0x200F,
0x2A12,0x0000,
0x2A14,0x0046,
0x2A16,0x0000,
0x2A18,0x00E5,
0x2A1A,0x0000,
0x191C,0x008E,
0x191E,0x0002,
0x1920,0x03F8,
0x1922,0x0000,
0x1924,0x1ADE,
0x1926,0x0000,
0x1928,0x0320,
0x192A,0x0000,
0x192C,0x22E4,
0x192E,0x0002,
0x1930,0x8580,
0x1932,0x0002,
0x1934,0xF43A,
0x1936,0x0002,
0x1A1C,0x008E,
0x1A1E,0x0002,
0x1A20,0x03F8,
0x1A22,0x0000,
0x1A24,0x1ADE,
0x1A26,0x0000,
0x1A28,0x0320,
0x1A2A,0x0000,
0x1A2C,0x22E4,
0x1A2E,0x0002,
0x1A30,0x8580,
0x1A32,0x0002,
0x1A34,0xF43A,
0x1A36,0x0002,
0x291C,0x0093,
0x291E,0x0002,
0x2920,0x0466,
0x2922,0x0000,
0x2924,0x0CAE,
0x2926,0x0000,
0x2928,0x216D,
0x292A,0x0002,
0x292C,0x4D4B,
0x292E,0x0002,
0x2930,0xACC1,
0x2932,0x0002,
0x2934,0xFFCA,
0x2936,0x0003,
0x2A1C,0x0005,
0x2A1E,0x0002,
0x2A20,0x021A,
0x2A22,0x0000,
0x2A24,0x03CF,
0x2A26,0x0000,
0x2A28,0x15AB,
0x2A2A,0x0000,
0x2A2C,0x0B11,
0x2A2E,0x0002,
0x2A30,0xB412,
0x2A32,0x0002,
0x2A34,0xFFEF,
0x2A36,0x0003,
0x8CDC,0x0200,
0x8CDE,0x0204,
0x8CE0,0x0204,
0x8CE2,0x0205,
0x8CE4,0x0204,
0x8CE6,0x0204,
0x8CE8,0x0204,
0x8CEA,0x0204,
0x8CEC,0x0204,
0x8CEE,0x0204,
0x8CF0,0x0204,
0x8CF2,0x0205,
0x8CF4,0x0205,
0x8CF6,0x0205,
0x8CF8,0x0205,
0x8CFA,0x0205,
0x8CFC,0x0205,
0x8CFE,0x0205,
0x8D00,0x0205,
0x8D02,0x0205,
0x8D04,0x0204,
0x8D06,0x0204,
0x8D08,0x0204,
0x8D0A,0x0204,
0x8D0C,0x0204,
0x8D0E,0x0204,
0x8D10,0x0204,
0x8D12,0x0204,
0x8D14,0x0203,
0x8D16,0x0203,
0x8D18,0x0203,
0x8D1A,0x0203,
0x8D1C,0x0200,
0x8D1E,0x0204,
0x8D20,0x0204,
0x8D22,0x0205,
0x8D24,0x0204,
0x8D26,0x0204,
0x8D28,0x0204,
0x8D2A,0x0204,
0x8D2C,0x0204,
0x8D2E,0x0204,
0x8D30,0x0204,
0x8D32,0x0205,
0x8D34,0x0205,
0x8D36,0x0205,
0x8D38,0x0205,
0x8D3A,0x0205,
0x8D3C,0x0205,
0x8D3E,0x0205,
0x8D40,0x0205,
0x8D42,0x0205,
0x8D44,0x0204,
0x8D46,0x0204,
0x8D48,0x0204,
0x8D4A,0x0204,
0x8D4C,0x0204,
0x8D4E,0x0204,
0x8D50,0x0204,
0x8D52,0x0204,
0x8D54,0x0203,
0x8D56,0x0203,
0x8D58,0x0203,
0x8D5A,0x0203,
0x8D5C,0x0200,
0x8D5E,0x0208,
0x8D60,0x0208,
0x8D62,0x0209,
0x8D64,0x0208,
0x8D66,0x0207,
0x8D68,0x0208,
0x8D6A,0x0208,
0x8D6C,0x0207,
0x8D6E,0x0207,
0x8D70,0x0207,
0x8D72,0x0208,
0x8D74,0x0208,
0x8D76,0x0208,
0x8D78,0x0208,
0x8D7A,0x0207,
0x8D7C,0x0207,
0x8D7E,0x0206,
0x8D80,0x0206,
0x8D82,0x0206,
0x8D84,0x0206,
0x8D86,0x0206,
0x8D88,0x0206,
0x8D8A,0x0205,
0x8D8C,0x0205,
0x8D8E,0x0205,
0x8D90,0x0205,
0x8D92,0x0205,
0x8D94,0x0205,
0x8D96,0x0204,
0x8D98,0x0204,
0x8D9A,0x0204,
0x8D9C,0x0200,
0x8D9E,0x0205,
0x8DA0,0x0205,
0x8DA2,0x0206,
0x8DA4,0x0205,
0x8DA6,0x0205,
0x8DA8,0x0205,
0x8DAA,0x0206,
0x8DAC,0x0206,
0x8DAE,0x0206,
0x8DB0,0x0206,
0x8DB2,0x0208,
0x8DB4,0x0208,
0x8DB6,0x0208,
0x8DB8,0x0209,
0x8DBA,0x0208,
0x8DBC,0x0208,
0x8DBE,0x0208,
0x8DC0,0x0208,
0x8DC2,0x0208,
0x8DC4,0x0208,
0x8DC6,0x0208,
0x8DC8,0x0208,
0x8DCA,0x0208,
0x8DCC,0x0208,
0x8DCE,0x0208,
0x8DD0,0x0208,
0x8DD2,0x0208,
0x8DD4,0x0208,
0x8DD6,0x0208,
0x8DD8,0x0208,
0x8DDA,0x0208,
0x0A08,0xA88F,
0x0A0A,0x8487,
0x034E,0xD0D0,
0x5272,0x6060,
0x0384,0x00A0,
0x0386,0x0320,
0x1006,0x14A0,
0x03AA,0xAAAA,
0x03A8,0xFFFF,
};

//third app
static u16 addr_data_pair_custom5[] = {
0x0204,0xC828,
0x0200,0x0300,
0x0202,0x0300,
0x0206,0x0254,
0x0226,0x004F,
0x023A,0x1B7F,
0x024C,0x0420,
0x024E,0x151F,
0x0280,0x024B,
0x0282,0x0B0B,
0x0348,0x0046,
0x034A,0x8223,
0x034C,0xAABB,
0x0350,0x0001,
0x035A,0x0003,
0x03A0,0x037E,
0x03A4,0x0604,
0x03AC,0x5555,
0x0402,0x70AA,
0x0404,0x1200,
0x0406,0x0505,
0x0408,0x0505,
0x040A,0xB4E1,
0x0414,0x0000,
0x0416,0x000C,
0x0418,0x020E,
0x0430,0x2300,
0x0432,0x0606,
0x043A,0x0176,
0x043C,0x0176,
0x043E,0x00F0,
0x0440,0x00F0,
0x0442,0x02F0,
0x0444,0x02F0,
0x0448,0x08FE,
0x044A,0x1011,
0x0454,0x0400,
0x046A,0x85C4,
0x046E,0x0301,
0x0470,0x1219,
0x0476,0x2017,
0x047A,0x2017,
0x047C,0x0019,
0x047E,0x2018,
0x0480,0x0016,
0x0482,0x2015,
0x0484,0x00A2,
0x0486,0x18A1,
0x048E,0x189D,
0x0494,0x0002,
0x0496,0x0403,
0x0498,0x0002,
0x049A,0x0006,
0x04B0,0x0001,
0x0500,0x8B02,
0x050C,0x0904,
0x0510,0x073F,
0x0524,0x047E,
0x0538,0x023F,
0x0D00,0x0000,
0x0D2C,0x4004,
0x0600,0x0111,
0x0602,0x3112,
0x0604,0x8C4F,
0x0620,0x20FF,
0x0624,0x7824,
0x06F6,0xFF00,
0x3610,0x2D44,
0x3638,0x00AB,
0x363C,0xC001,
0x363E,0x0003,
0x2804,0x6596,
0x527C,0x0180,
0x5298,0x024E,
0x1410,0x00C1,
0x0F00,0x0000,
0x0F04,0x0088,
0x0F06,0x0008,
0x0F08,0x0011,
0x0F0A,0x2233,
0x0F0C,0x4455,
0x0F0E,0x6677,
0x0B04,0x1F3A,
0x0B06,0x050D,
0x0B1C,0x2020,
0x0B1E,0x1100,
0x0B20,0x0F00,
0x0B22,0x0870,
0x0B30,0x0000,
0x0B34,0x0005,
0x1702,0x6414,
0x1706,0x0000,
0x170A,0x06B8,
0x170C,0x0C00,
0x1784,0x2D23,
0x1786,0x1900,
0x178C,0x030C,
0x178E,0x0A08,
0x179C,0x0102,
0x179E,0x0204,
0x150C,0x4100,
0x1520,0x810C,
0x0A08,0xA88C,
0x0A0A,0xA9A8,
0x0A0C,0xF051,
0x0A10,0x5050,
0x0A12,0x0001,
0x0C00,0x0021,
0x0736,0x00BA,
0x0738,0x0102,
0x073C,0x0501,
0x0746,0x0136,
0x0748,0x0002,
0x074C,0x0000,
0x074E,0x0303,
0x0766,0x006C,
0x0768,0x0002,
0x076A,0x0700,
0x076C,0x0000,
0x1200,0x8903,
0x1202,0x007F,
0x1204,0x8000,
0x121A,0x4400,
0x12A0,0x0000,
0x12C8,0x0001,
0x1C00,0x0000,
0x1C0A,0x8200,
0x1C0C,0x0200,
0x1C0E,0x0200,
0x1C10,0x0200,
0x1C16,0x9FFF,
0x1C40,0x0000,
0x1D00,0x0409,
0x1D02,0x1D02,
0x1D04,0xE420,
0x1D06,0x151F,
0x1D08,0x0004,
0x1D0A,0x0000,
0x1D0C,0x0088,
0x1D0E,0x0F80,
0x1D10,0x0430,
0x1D12,0x150F,
0x1600,0x709A,
0x1604,0x0201,
0x161A,0x0088,
0x161C,0x0F00,
0x161E,0x0008,
0x1620,0x0870,
0x1622,0x0202,
0x1626,0x0780,
0x1630,0x8181,
0x1000,0x03C0,
0x1002,0xC311,
0x1004,0x2BB0,
0x1020,0xC10A,
0x1022,0x0B2F,
0x1024,0x050A,
0x1026,0x100E,
0x1028,0x180E,
0x102A,0x1104,
0x102C,0x001D,
0x102E,0x0808,
0x104A,0x8020,
0x105A,0x0108,
0x105E,0x03C0,
0x1060,0x0000,
0x1062,0x0088,
0x1082,0x0324,
0x1086,0x0001,
0x1088,0x1082,
0x10B4,0xC480,
0x10B8,0x1080,
0x10C8,0x6081,
0x10CA,0x0042,
0x10CE,0x10E0,
0x10EA,0x0015,
0x1E00,0x0000,
0x1E0A,0x0002,
0x1E10,0x111A,
0x1E2E,0x0202,
0x038C,0x01FF,
0x9A90,0x0186,
0x9A92,0x019B,
0x9A94,0x01B1,
0x9A96,0x01C8,
0x9A98,0x01E1,
0x9A9A,0x01FC,
0x9A9C,0x0308,
0x9A9E,0x0328,
0x9AA0,0x0358,
0x9AA2,0x0350,
0x9AA4,0x00CD,
0x9AA6,0x0780,
0x9AA8,0x036C,
0x9AAA,0x00D9,
0x9AAC,0xFFC0,
0x9AAE,0xFF7A,
0x9AB0,0x0101,
0x9AB2,0xFAF8,
0x9AB4,0x0004,
0x9AB6,0x12D2,
0x9AB8,0x2BEA,
0x9ABA,0x4E6B,
0x9ABC,0x5E1A,
0x9ABE,0x7D78,
0x9AC0,0x0B87,
0x9AC2,0x0756,
0x9AC4,0x0716,
0x9AC6,0x06E4,
0x9AC8,0x06DB,
0x9ACA,0x06CD,
0x9ACC,0x0000,
0x9ACE,0x013A,
0x9AD0,0x0144,
0x9AD2,0x013F,
0x9AD4,0x012C,
0x9AD6,0x012E,
0x9AD8,0x0000,
0x9ADA,0x0070,
0x9ADC,0x00F0,
0x9ADE,0x01F0,
0x9AE0,0x02F0,
0x9AE2,0x03F0,
0x9AE4,0x0800,
0x9AE6,0x0959,
0x9AE8,0x09A7,
0x9AEA,0x09BC,
0x9AEC,0x09C4,
0x9AEE,0x09BD,
0x9AF0,0x044E,
0x9AF2,0x03E9,
0x9AF4,0x03C1,
0x9AF6,0x03D7,
0x9AF8,0x03B8,
0x9AFA,0x0394,
0x9AFC,0x0186,
0x9AFE,0x019B,
0x9B00,0x01B1,
0x9B02,0x01C8,
0x9B04,0x01E1,
0x9B06,0x01FC,
0x9B08,0x0318,
0x9B0A,0x0338,
0x9B0C,0x0368,
0x9B0E,0x0364,
0x9B10,0x00CD,
0x9B12,0x0700,
0x9B14,0x01B9,
0x9B16,0x00F6,
0x9B18,0xFFE4,
0x9B1A,0xFFB2,
0x9B1C,0x0167,
0x9B1E,0xFBA7,
0x9B20,0x0004,
0x9B22,0x12D2,
0x9B24,0x2BEA,
0x9B26,0x4E6B,
0x9B28,0x5E1A,
0x9B2A,0x7D78,
0x9B2C,0x0B87,
0x9B2E,0x0756,
0x9B30,0x0716,
0x9B32,0x06E4,
0x9B34,0x06DB,
0x9B36,0x06CD,
0x9B38,0x0000,
0x9B3A,0x013A,
0x9B3C,0x0144,
0x9B3E,0x013F,
0x9B40,0x012C,
0x9B42,0x012E,
0x9B44,0x0000,
0x9B46,0x0070,
0x9B48,0x00F0,
0x9B4A,0x01F0,
0x9B4C,0x02F0,
0x9B4E,0x03F0,
0x9B50,0x0800,
0x9B52,0x0959,
0x9B54,0x09A7,
0x9B56,0x09BC,
0x9B58,0x09C4,
0x9B5A,0x09BD,
0x9B5C,0x043A,
0x9B5E,0x03AC,
0x9B60,0x0371,
0x9B62,0x036B,
0x9B64,0x034A,
0x9B66,0x02F7,
0x9B68,0x0186,
0x9B6A,0x019B,
0x9B6C,0x01B1,
0x9B6E,0x01C8,
0x9B70,0x01E1,
0x9B72,0x01FC,
0x9B74,0x0310,
0x9B76,0x0330,
0x9B78,0x0352,
0x9B7A,0x0328,
0x9B7C,0x00CD,
0x9B7E,0x0800,
0x9B80,0x0233,
0x9B82,0x00D3,
0x9B84,0x001D,
0x9B86,0x0005,
0x9B88,0x0118,
0x9B8A,0xFAC5,
0x9B8C,0x0004,
0x9B8E,0x12D2,
0x9B90,0x2BEA,
0x9B92,0x4E6B,
0x9B94,0x5E1A,
0x9B96,0x7D78,
0x9B98,0x0B87,
0x9B9A,0x0756,
0x9B9C,0x0716,
0x9B9E,0x06E4,
0x9BA0,0x06DB,
0x9BA2,0x06CD,
0x9BA4,0x0000,
0x9BA6,0x013A,
0x9BA8,0x0144,
0x9BAA,0x013F,
0x9BAC,0x012C,
0x9BAE,0x012E,
0x9BB0,0x0000,
0x9BB2,0x0070,
0x9BB4,0x00F0,
0x9BB6,0x01F0,
0x9BB8,0x02F0,
0x9BBA,0x03F0,
0x9BBC,0x0800,
0x9BBE,0x0959,
0x9BC0,0x09A7,
0x9BC2,0x09BC,
0x9BC4,0x09C4,
0x9BC6,0x09BD,
0x9BC8,0x041C,
0x9BCA,0x0387,
0x9BCC,0x0381,
0x9BCE,0x038C,
0x9BD0,0x03AA,
0x9BD2,0x039F,
0x9BD4,0x0186,
0x9BD6,0x019B,
0x9BD8,0x01B1,
0x9BDA,0x01C8,
0x9BDC,0x01E1,
0x9BDE,0x01FC,
0x9BE0,0x0314,
0x9BE2,0x0334,
0x9BE4,0x0360,
0x9BE6,0x034C,
0x9BE8,0x00CD,
0x9BEA,0x0800,
0x9BEC,0x0268,
0x9BEE,0x0153,
0x9BF0,0xFFF9,
0x9BF2,0xFFB7,
0x9BF4,0x011C,
0x9BF6,0xFAB6,
0x9BF8,0x0004,
0x9BFA,0x12D2,
0x9BFC,0x2BEA,
0x9BFE,0x4E6B,
0x9C00,0x5E1A,
0x9C02,0x7D78,
0x9C04,0x0B87,
0x9C06,0x0756,
0x9C08,0x0716,
0x9C0A,0x06E4,
0x9C0C,0x06DB,
0x9C0E,0x06CD,
0x9C10,0x0000,
0x9C12,0x013A,
0x9C14,0x0144,
0x9C16,0x013F,
0x9C18,0x012C,
0x9C1A,0x012E,
0x9C1C,0x0000,
0x9C1E,0x0070,
0x9C20,0x00F0,
0x9C22,0x01F0,
0x9C24,0x02F0,
0x9C26,0x03F0,
0x9C28,0x0800,
0x9C2A,0x0959,
0x9C2C,0x09A7,
0x9C2E,0x09BC,
0x9C30,0x09C4,
0x9C32,0x09BD,
0x9C34,0x0423,
0x9C36,0x039F,
0x9C38,0x039B,
0x9C3A,0x03C8,
0x9C3C,0x03F3,
0x9C3E,0x03E2,
0x9C40,0x0800,
0x9C42,0x0000,
0x9C44,0x0800,
0x9C46,0x0000,
0x9C48,0x0800,
0x9C4A,0x0000,
0x9C4C,0x0800,
0x9C4E,0x0000,
0x9C50,0x0000,
0x9C52,0x0000,
0x9C54,0x0000,
0x9C56,0x0000,
0x9C58,0x0000,
0x9C5A,0x0000,
0x9C5C,0x0000,
0x9C5E,0x0000,
0x2B00,0x0043,
0x2B02,0x0056,
0x2B04,0x0085,
0x2B06,0x0089,
0x2B08,0x00BD,
0x2B0A,0x01CD,
0x2B0C,0x0295,
0x2B0E,0x07FF,
0x2B10,0x0043,
0x2B12,0x0056,
0x2B14,0x0085,
0x2B16,0x0089,
0x2B18,0x00BD,
0x2B1A,0x01CD,
0x2B1C,0x0295,
0x2B1E,0x07FF,
0x2B20,0x0043,
0x2B22,0x004A,
0x2B24,0x0051,
0x2B26,0x0084,
0x2B28,0x015C,
0x2B2A,0x0229,
0x2B2C,0x0325,
0x2B2E,0x07FF,
0x2B30,0x0043,
0x2B32,0x0046,
0x2B34,0x0049,
0x2B36,0x004E,
0x2B38,0x00AD,
0x2B3A,0x00BE,
0x2B3C,0x01B6,
0x2B3E,0x07FF,
0x1900,0x00D9,
0x1902,0x0000,
0x1904,0x0014,
0x1906,0x0000,
0x1908,0x0009,
0x190A,0x0000,
0x190C,0x202B,
0x190E,0x0000,
0x1910,0x2014,
0x1912,0x0000,
0x1914,0x0019,
0x1916,0x0000,
0x1918,0x004C,
0x191A,0x0000,
0x1A00,0x00D9,
0x1A02,0x0000,
0x1A04,0x0014,
0x1A06,0x0000,
0x1A08,0x0009,
0x1A0A,0x0000,
0x1A0C,0x202B,
0x1A0E,0x0000,
0x1A10,0x2014,
0x1A12,0x0000,
0x1A14,0x0019,
0x1A16,0x0000,
0x1A18,0x004C,
0x1A1A,0x0000,
0x2900,0x0078,
0x2902,0x0000,
0x2904,0x0048,
0x2906,0x0000,
0x2908,0x2001,
0x290A,0x0000,
0x290C,0x200D,
0x290E,0x0000,
0x2910,0x0013,
0x2912,0x0000,
0x2914,0x004C,
0x2916,0x0000,
0x2918,0x00CD,
0x291A,0x0000,
0x2A00,0x0101,
0x2A02,0x0000,
0x2A04,0x00A4,
0x2A06,0x0000,
0x2A08,0x0044,
0x2A0A,0x0000,
0x2A0C,0x2011,
0x2A0E,0x0000,
0x2A10,0x205B,
0x2A12,0x0000,
0x2A14,0x2029,
0x2A16,0x0000,
0x2A18,0x2009,
0x2A1A,0x0000,
0x191C,0x051C,
0x191E,0x0002,
0x1920,0x0B82,
0x1922,0x0000,
0x1924,0x0E79,
0x1926,0x0000,
0x1928,0x1D3E,
0x192A,0x0000,
0x192C,0x1226,
0x192E,0x0000,
0x1930,0x34F6,
0x1932,0x0002,
0x1934,0xAA6F,
0x1936,0x0002,
0x1A1C,0x051C,
0x1A1E,0x0002,
0x1A20,0x0B82,
0x1A22,0x0000,
0x1A24,0x0E79,
0x1A26,0x0000,
0x1A28,0x1D3E,
0x1A2A,0x0000,
0x1A2C,0x1226,
0x1A2E,0x0000,
0x1A30,0x34F6,
0x1A32,0x0002,
0x1A34,0xAA6F,
0x1A36,0x0002,
0x291C,0x0187,
0x291E,0x0002,
0x2920,0x0062,
0x2922,0x0000,
0x2924,0x0557,
0x2926,0x0000,
0x2928,0x08A0,
0x292A,0x0000,
0x292C,0x1B70,
0x292E,0x0002,
0x2930,0x897B,
0x2932,0x0002,
0x2934,0xFF55,
0x2936,0x0003,
0x2A1C,0x0264,
0x2A1E,0x0002,
0x2A20,0x003C,
0x2A22,0x0002,
0x2A24,0x0334,
0x2A26,0x0000,
0x2A28,0x07FB,
0x2A2A,0x0000,
0x2A2C,0x2747,
0x2A2E,0x0000,
0x2A30,0x0EA5,
0x2A32,0x0000,
0x2A34,0x200C,
0x2A36,0x0002,
0x8CDC,0x0200,
0x8CDE,0x01FD,
0x8CE0,0x01FE,
0x8CE2,0x01FE,
0x8CE4,0x01FF,
0x8CE6,0x01FE,
0x8CE8,0x01FD,
0x8CEA,0x01FC,
0x8CEC,0x01FD,
0x8CEE,0x01FD,
0x8CF0,0x01FD,
0x8CF2,0x01FD,
0x8CF4,0x01FC,
0x8CF6,0x01FC,
0x8CF8,0x01FD,
0x8CFA,0x01FD,
0x8CFC,0x01FD,
0x8CFE,0x01FD,
0x8D00,0x01FE,
0x8D02,0x01FE,
0x8D04,0x01FE,
0x8D06,0x01FE,
0x8D08,0x01FE,
0x8D0A,0x01FD,
0x8D0C,0x01FD,
0x8D0E,0x01FD,
0x8D10,0x01FD,
0x8D12,0x01FD,
0x8D14,0x01FD,
0x8D16,0x01FE,
0x8D18,0x01FE,
0x8D1A,0x01FE,
0x8D1C,0x0200,
0x8D1E,0x01FD,
0x8D20,0x01FE,
0x8D22,0x01FE,
0x8D24,0x01FF,
0x8D26,0x01FE,
0x8D28,0x01FD,
0x8D2A,0x01FC,
0x8D2C,0x01FD,
0x8D2E,0x01FD,
0x8D30,0x01FD,
0x8D32,0x01FD,
0x8D34,0x01FC,
0x8D36,0x01FC,
0x8D38,0x01FD,
0x8D3A,0x01FD,
0x8D3C,0x01FD,
0x8D3E,0x01FD,
0x8D40,0x01FE,
0x8D42,0x01FE,
0x8D44,0x01FE,
0x8D46,0x01FE,
0x8D48,0x01FE,
0x8D4A,0x01FD,
0x8D4C,0x01FD,
0x8D4E,0x01FD,
0x8D50,0x01FD,
0x8D52,0x01FD,
0x8D54,0x01FD,
0x8D56,0x01FE,
0x8D58,0x01FE,
0x8D5A,0x01FE,
0x8D5C,0x0200,
0x8D5E,0x01FC,
0x8D60,0x01FB,
0x8D62,0x01FE,
0x8D64,0x01FF,
0x8D66,0x01FF,
0x8D68,0x01FD,
0x8D6A,0x01FC,
0x8D6C,0x01FC,
0x8D6E,0x01FC,
0x8D70,0x01FB,
0x8D72,0x01FC,
0x8D74,0x01FC,
0x8D76,0x01FC,
0x8D78,0x01FC,
0x8D7A,0x01FD,
0x8D7C,0x01FC,
0x8D7E,0x01FC,
0x8D80,0x01FD,
0x8D82,0x01FC,
0x8D84,0x01FC,
0x8D86,0x01FC,
0x8D88,0x01FC,
0x8D8A,0x01FC,
0x8D8C,0x01FC,
0x8D8E,0x01FC,
0x8D90,0x01FC,
0x8D92,0x01FC,
0x8D94,0x01FC,
0x8D96,0x01FC,
0x8D98,0x01FC,
0x8D9A,0x01FC,
0x8D9C,0x0200,
0x8D9E,0x01FF,
0x8DA0,0x0200,
0x8DA2,0x0200,
0x8DA4,0x0201,
0x8DA6,0x0201,
0x8DA8,0x01FF,
0x8DAA,0x01FF,
0x8DAC,0x01FF,
0x8DAE,0x01FF,
0x8DB0,0x01FE,
0x8DB2,0x01FF,
0x8DB4,0x01FE,
0x8DB6,0x01FE,
0x8DB8,0x0200,
0x8DBA,0x0200,
0x8DBC,0x0200,
0x8DBE,0x0200,
0x8DC0,0x0200,
0x8DC2,0x0200,
0x8DC4,0x0200,
0x8DC6,0x0200,
0x8DC8,0x0200,
0x8DCA,0x0200,
0x8DCC,0x0200,
0x8DCE,0x0201,
0x8DD0,0x0201,
0x8DD2,0x0201,
0x8DD4,0x0201,
0x8DD6,0x0201,
0x8DD8,0x0201,
0x8DDA,0x0201,
0x0A08,0xA88C,
0x0A0A,0xA487,
0x034E,0xD0D0,
0x5272,0x6060,
0x1006,0x14A0,
0x03AA,0xAAAA,
0x03A8,0xFFFF,
};

//video iDCG
static u16 addr_data_pair_custom6[] = {};
//200m
static u16 addr_data_pair_custom7[] = {};

//LN2 seamless
static u16 hi5022qwide_seamless_custom2[] = {};
//2X seamless
static u16 hi5022qwide_seamless_custom3[] = {};
//4X seamless
static u16 hi5022qwide_seamless_custom4[] = {};
//capture iDCG seamless
static u16 hi5022qwide_seamless_custom5[] = {};
#endif
